-- phpMyAdmin SQL Dump
-- version 4.8.4
-- https://www.phpmyadmin.net/
--
-- Host: 127.0.0.1
-- Generation Time: May 30, 2024 at 07:27 AM
-- Server version: 10.1.37-MariaDB
-- PHP Version: 7.0.33

SET SQL_MODE = "NO_AUTO_VALUE_ON_ZERO";
SET AUTOCOMMIT = 0;
START TRANSACTION;
SET time_zone = "+00:00";


/*!40101 SET @OLD_CHARACTER_SET_CLIENT=@@CHARACTER_SET_CLIENT */;
/*!40101 SET @OLD_CHARACTER_SET_RESULTS=@@CHARACTER_SET_RESULTS */;
/*!40101 SET @OLD_COLLATION_CONNECTION=@@COLLATION_CONNECTION */;
/*!40101 SET NAMES utf8mb4 */;

--
-- Database: `tabs_ranking`
--

-- --------------------------------------------------------

--
-- Table structure for table `tabs_candidates`
--

CREATE TABLE `tabs_candidates` (
  `tabs_can_id` int(11) NOT NULL,
  `tabs_can_number` int(11) NOT NULL,
  `tabs_can_name` text NOT NULL,
  `tabs_can_desc` text NOT NULL,
  `tabs_can_image` text NOT NULL,
  `tabs_can_eliminate` int(1) NOT NULL,
  `tabs_can_created` datetime NOT NULL,
  `tabs_event_id` int(11) NOT NULL
) ENGINE=InnoDB DEFAULT CHARSET=latin1;

--
-- Dumping data for table `tabs_candidates`
--

INSERT INTO `tabs_candidates` (`tabs_can_id`, `tabs_can_number`, `tabs_can_name`, `tabs_can_desc`, `tabs_can_image`, `tabs_can_eliminate`, `tabs_can_created`, `tabs_event_id`) VALUES
(1, 1, 'HONEY GRACE PAMISARAN', 'Candidate 1', '20240529170545_1.jpg', 0, '2024-05-29 08:41:49', 6),
(2, 2, 'ROSELLE CRUZ', 'Candidate 2', '20240529170614_2.jpg', 0, '2024-05-29 08:42:04', 6),
(3, 3, 'LENY ROSE CASTILLON', 'Candidate 3', '20240529170633_3.jpg', 0, '2024-05-29 08:42:13', 7),
(4, 4, 'LG RONDINA', 'Candidate 4', '20240529170649_4.jpg', 0, '2024-05-29 08:42:21', 8),
(5, 5, 'SHAINA ELLA RAGANAS', 'Candidate 5', '20240529170705_5.jpg', 0, '2024-05-29 08:42:27', 7),
(6, 6, 'XYLA SAMANTHA KARYLLE BUENAFE', 'Candidate 6', '20240529170724_6.jpg', 0, '2024-05-29 16:32:02', 9),
(7, 7, 'LYNLEE BEBS CLAVICILLAS', 'Candidate 7', '20240529170736_7.jpg', 0, '2024-05-29 16:33:22', 7),
(8, 8, 'LAICA EUPENA', 'Candidate 8', '20240529170752_8.jpg', 0, '2024-05-29 16:34:02', 9),
(9, 9, 'NICHOLE MANDALONES', 'Candidate 9', '20240529170819_9.jpg', 0, '2024-05-29 16:34:45', 6),
(10, 10, 'AXLE ROSE LAUDE', 'Candidate 10', '20240529170828_10.jpg', 0, '2024-05-29 16:35:28', 6),
(11, 11, 'CHRISTINE CABANA', 'Candidate 11', '20240529170842_11.jpg', 0, '2024-05-29 16:35:56', 7),
(12, 12, 'HYJEA SOPHIA DEMORITO', 'Candidate 12', '20240529170856_12.jpg', 0, '2024-05-29 16:36:28', 7),
(13, 13, 'ALLYSA MAE MERCADO', 'Candidate 13', '20240529163707_13.jpg', 0, '2024-05-29 16:37:07', 7),
(14, 14, 'ELGIE CHAVEZ', 'Candidate 14', '20240529163730_14.jpg', 0, '2024-05-29 16:37:30', 6),
(15, 15, 'CHARLENE MAMPARO', 'Candidate 15', '20240529163756_15.jpg', 0, '2024-05-29 16:37:56', 6),
(16, 16, 'WINCHELL SAMSON', 'Candidate 16', '20240529170944_16.jpg', 0, '2024-05-29 16:38:25', 6),
(17, 17, 'JHULIA MAY-ANNE FRANCIS KOOTHIAH', 'Candidate 17', '20240529170957_17.jpg', 0, '2024-05-29 16:39:16', 9),
(18, 18, 'JEA JUGARAP', 'Candidate 18', '20240529163939_18.jpg', 0, '2024-05-29 16:39:39', 9),
(19, 19, 'HANNAH MARY KOLENCHERIL', 'Candidate 19', '20240529171012_19.jpg', 0, '2024-05-29 16:40:17', 8),
(20, 20, 'MICAH JEAN MAMUGAY', 'Candidate 20', '20240529171027_20.jpg', 0, '2024-05-29 16:40:46', 6),
(21, 21, 'JESSA MAE ESPACIO', 'Candidate 21', '20240529171047_21.jpg', 0, '2024-05-29 16:41:19', 9),
(22, 22, 'SHYLYCA CABILITASAN', 'Candidate 22', '20240529171110_22.jpg', 0, '2024-05-29 16:42:04', 7),
(23, 23, 'VIENA TIESSE SACAYANAN', 'Candidate 23', '20240529164240_23.jpg', 0, '2024-05-29 16:42:40', 8),
(24, 24, 'HEART CELO', 'Candidate 24', '20240529171130_24.jpg', 0, '2024-05-29 16:43:10', 8),
(25, 25, 'ANN MARIEL DAANG', 'Candidate 25', '20240529171150_25.jpg', 0, '2024-05-29 16:43:39', 7),
(26, 26, 'ROWENA PALOMERO', 'Candidate 26', '20240529171223_26.jpg', 0, '2024-05-29 16:44:05', 7),
(27, 27, 'LAILA PRATHUMMA', 'Candidate 27', '20240529171248_27.jpg', 0, '2024-05-29 16:44:29', 8),
(28, 28, 'SHAILA FAYE YLANAN', 'Candidate 28', '20240529171307_28.jpg', 0, '2024-05-29 16:44:57', 7),
(29, 29, 'ANGEL ALICABA', 'Candidate 29', '20240529171515_29.jpg', 0, '2024-05-29 16:45:21', 6),
(30, 30, 'MARY FYL LINA', 'Candidate 30', '20240529171527_30.jpg', 0, '2024-05-29 16:46:16', 6);

-- --------------------------------------------------------

--
-- Table structure for table `tabs_categories`
--

CREATE TABLE `tabs_categories` (
  `tabs_cat_id` int(11) NOT NULL,
  `tabs_cat_title` text NOT NULL,
  `tabs_cat_percentage` double NOT NULL,
  `tabs_cat_status` int(1) NOT NULL,
  `tabs_event_id` int(11) NOT NULL
) ENGINE=InnoDB DEFAULT CHARSET=latin1;

--
-- Dumping data for table `tabs_categories`
--

INSERT INTO `tabs_categories` (`tabs_cat_id`, `tabs_cat_title`, `tabs_cat_percentage`, `tabs_cat_status`, `tabs_event_id`) VALUES
(1, 'PRODUCTION', 25, 1, 6),
(5, 'SWIMSUIT', 0, 1, 7),
(8, 'Q & A FINAL ROUND', 0, 1, 8),
(10, 'EVENING GOWN', 0, 1, 9),
(11, 'SPEECH ROUND', 0, 1, 9);

-- --------------------------------------------------------

--
-- Table structure for table `tabs_criterias`
--

CREATE TABLE `tabs_criterias` (
  `tabs_cri_id` int(11) NOT NULL,
  `tabs_cri_title` text NOT NULL,
  `tabs_cri_desc` text NOT NULL,
  `tabs_cri_score_min` double NOT NULL,
  `tabs_cri_score_max` double NOT NULL,
  `tabs_cri_percentage` double NOT NULL,
  `tabs_cat_id` int(11) NOT NULL
) ENGINE=InnoDB DEFAULT CHARSET=latin1;

--
-- Dumping data for table `tabs_criterias`
--

INSERT INTO `tabs_criterias` (`tabs_cri_id`, `tabs_cri_title`, `tabs_cri_desc`, `tabs_cri_score_min`, `tabs_cri_score_max`, `tabs_cri_percentage`, `tabs_cat_id`) VALUES
(1, 'POISE & BEARING / COSTUME\'S UNIQUENESS & STYLE / SELF-INTRODUCTION / BEAUTY / AUDIENCE IMPACT', 'HIGHEST IS 10.0 LOWEST IS 5.0', 5, 10, 0, 1),
(2, 'POISE & PROJECTION/ FITNESS & FORM/ BEAUTY/AUDIENCE IMPACT', 'HIGHEST IS 10.0 AND LOWEST IS 5.0', 5, 10, 100, 2),
(3, 'POISE & PROJECTION/ELEGANCE & SOPHISTICATION/BEAUTY/GOWN’S UNIQUENESS & STYLE', 'HIGHEST IS 10.0 AND LOWEST IS 5.0', 5, 10, 100, 3),
(4, 'WIT AND CONTENT/ PROJECTION AND DELIVERY/STAGE PRESENCE/OVERALL IMPACT', 'HIGHEST IS 10.0 AND LOWEST IS 5.0', 5, 10, 100, 4),
(5, 'POISE & PROJECTION/ FITNESS & FORM/ BEAUTY/AUDIENCE IMPACT', 'HIGHEST IS 10.0 AND LOWEST IS 5.0', 5, 10, 0, 5),
(6, 'POISE & PROJECTION/ELEGANCE & SOPHISTICATION/BEAUTY/GOWN’S UNIQUENESS & STYLE', 'HIGHEST IS 10.0 AND LOWEST IS 5.0', 5, 10, 0, 6),
(7, 'WIT AND CONTENT/ PROJECTION AND DELIVERY/STAGE PRESENCE/OVERALL IMPACT', 'HIGHEST IS 10.0 AND LOWEST IS 5.0', 5, 10, 0, 7),
(8, 'WIT AND CONTENT/ PROJECTION AND DELIVERY/STAGE PRESENCE/OVERALL IMPACT', 'HIGHEST IS 10.0 AND LOWEST IS 5.0', 5, 10, 0, 8),
(9, 'POISE & PROJECTION/ELEGANCE & SOPHISTICATION/BEAUTY/GOWN’S UNIQUENESS & STYLE', 'HIGHEST IS 10.0 AND LOWEST IS 5.0', 5, 10, 0, 10),
(10, 'WIT AND CONTENT/ PROJECTION AND DELIVERY/STAGE PRESENCE/OVERALL IMPACT', 'HIGHEST IS 10.0 AND LOWEST IS 5.0', 5, 10, 0, 11);

-- --------------------------------------------------------

--
-- Table structure for table `tabs_events`
--

CREATE TABLE `tabs_events` (
  `tabs_event_id` int(11) NOT NULL,
  `tabs_event_title` text NOT NULL,
  `tabs_event_desc` text NOT NULL,
  `tabs_event_year` text NOT NULL,
  `tabs_event_status` int(1) NOT NULL,
  `tabs_event_eliminate` int(1) NOT NULL,
  `tabs_event_eliminate_title` text NOT NULL,
  `tabs_event_eliminate_num` int(2) NOT NULL,
  `tabs_event_scoretype` int(1) NOT NULL,
  `tabs_event_created` datetime NOT NULL,
  `tabs_event_updated` datetime NOT NULL
) ENGINE=InnoDB DEFAULT CHARSET=latin1;

--
-- Dumping data for table `tabs_events`
--

INSERT INTO `tabs_events` (`tabs_event_id`, `tabs_event_title`, `tabs_event_desc`, `tabs_event_year`, `tabs_event_status`, `tabs_event_eliminate`, `tabs_event_eliminate_title`, `tabs_event_eliminate_num`, `tabs_event_scoretype`, `tabs_event_created`, `tabs_event_updated`) VALUES
(6, 'REINA HERMOSA 2024', 'REINA HERMOSA 2024', '2024', 1, 0, '', 0, 0, '2023-09-06 11:28:53', '2024-05-29 18:51:15'),
(7, 'REINA HERMOSA 2024 TOP 20', 'REINA HERMOSA 2024 TOP 20', '2024', 1, 0, '', 0, 0, '2024-05-29 17:36:57', '2024-05-29 18:51:26'),
(8, 'REINA HERMOSA 2024 TOP 5', 'REINA HERMOSA 2024 TOP 5', '2024', 1, 0, '', 0, 0, '2024-05-29 17:37:15', '2024-05-29 18:51:37'),
(9, 'REINA HERMOSA 2024 TOP 10', 'REINA HERMOSA 2024 TOP 10', '2024', 1, 0, '', 0, 0, '2024-05-29 18:42:42', '2024-05-29 18:51:51');

-- --------------------------------------------------------

--
-- Table structure for table `tabs_my_project`
--

CREATE TABLE `tabs_my_project` (
  `tabs_project` int(1) NOT NULL,
  `tabs_project_name` text NOT NULL,
  `tabs_project_address` text NOT NULL,
  `tabs_system_title` text NOT NULL,
  `tabs_event_image` text NOT NULL,
  `tabs_year_origin` datetime NOT NULL
) ENGINE=InnoDB DEFAULT CHARSET=latin1 ROW_FORMAT=COMPACT;

--
-- Dumping data for table `tabs_my_project`
--

INSERT INTO `tabs_my_project` (`tabs_project`, `tabs_project_name`, `tabs_project_address`, `tabs_system_title`, `tabs_event_image`, `tabs_year_origin`) VALUES
(1, 'UM Tabulation Team', 'Digos City', '', '20240529094828_Black Gold Elegant Minimalist Boutique Logo.png', '2022-08-31 11:27:07');

-- --------------------------------------------------------

--
-- Table structure for table `tabs_notification`
--

CREATE TABLE `tabs_notification` (
  `tabs_notif_id` int(100) NOT NULL,
  `tabs_notif_type` text NOT NULL,
  `tabs_notif_text` text NOT NULL,
  `tabs_notif_date` datetime NOT NULL
) ENGINE=InnoDB DEFAULT CHARSET=latin1 ROW_FORMAT=COMPACT;

--
-- Dumping data for table `tabs_notification`
--

INSERT INTO `tabs_notification` (`tabs_notif_id`, `tabs_notif_type`, `tabs_notif_text`, `tabs_notif_date`) VALUES
(1, 'auth', 'Login - dev', '2023-05-30 11:12:59'),
(2, 'auth', 'Login - dev', '2023-05-30 11:18:19'),
(3, 'attempt', 'Login Attempt - judge1', '2023-05-30 11:41:42'),
(4, 'attempt', 'Login Attempt - judge1', '2023-05-30 11:44:43'),
(5, 'attempt', 'Login Attempt - judge1', '2023-05-30 11:44:50'),
(6, 'auth', 'Login - judge1', '2023-05-30 11:45:22'),
(7, 'auth', 'Logout - ', '2023-05-30 11:47:31'),
(8, 'attempt', 'Login Attempt - judge1', '2023-05-30 11:47:37'),
(9, 'auth', 'Login - judge1', '2023-05-30 11:48:01'),
(10, 'auth', 'Login - Judge1', '2023-05-30 12:35:21'),
(11, 'attempt', 'Login Attempt - judge1', '2023-05-30 13:08:38'),
(12, 'attempt', 'Login Attempt - judge1', '2023-05-30 13:08:43'),
(13, 'auth', 'Login - judge1', '2023-05-30 13:08:58'),
(14, 'auth', 'Logout - judge1', '2023-05-30 13:10:23'),
(15, 'auth', 'Logout - judge1', '2023-05-30 13:10:24'),
(16, 'auth', 'Login - judge2', '2023-05-30 13:10:31'),
(17, 'auth', 'Login - judge1', '2023-05-30 13:10:36'),
(18, 'attempt', 'Login Attempt - judge2', '2023-05-30 13:11:53'),
(19, 'auth', 'Login - judge2', '2023-05-30 13:11:57'),
(20, 'attempt', 'Login Attempt - judge1', '2023-05-30 13:37:48'),
(21, 'attempt', 'Login Attempt - judge1', '2023-05-30 13:37:51'),
(22, 'auth', 'Login - judge1', '2023-05-30 13:37:59'),
(23, 'auth', 'Logout - judge1', '2023-05-30 13:38:24'),
(24, 'auth', 'Login - judge2', '2023-05-30 13:38:34'),
(25, 'auth', 'Logout - judge2', '2023-05-30 14:06:27'),
(26, 'auth', 'Login - dev', '2023-05-30 14:06:33'),
(27, 'auth', 'Logout - dev', '2023-05-30 14:21:06'),
(28, 'auth', 'Login - judge1', '2023-05-30 14:21:15'),
(29, 'auth', 'Logout - judge1', '2023-05-30 14:31:03'),
(30, 'auth', 'Login - dev', '2023-05-30 14:31:07'),
(31, 'auth', 'Logout - dev', '2023-05-30 14:33:12'),
(32, 'auth', 'Login - dev', '2023-05-30 14:33:16'),
(33, 'auth', 'Logout - dev', '2023-05-30 14:33:21'),
(34, 'auth', 'Login - judge1', '2023-05-30 14:33:52'),
(35, 'attempt', 'Login Attempt - Judge 1', '2023-05-30 14:36:01'),
(36, 'attempt', 'Login Attempt - Judge 1', '2023-05-30 14:36:29'),
(37, 'auth', 'Login - Judge1', '2023-05-30 14:36:45'),
(38, 'attempt', 'Login Attempt - Judge4', '2023-05-30 14:38:19'),
(39, 'attempt', 'Login Attempt - Judge3', '2023-05-30 14:38:24'),
(40, 'attempt', 'Login Attempt - judge5', '2023-05-30 14:38:28'),
(41, 'auth', 'Login - Judge3', '2023-05-30 14:38:31'),
(42, 'auth', 'Login - judge5', '2023-05-30 14:38:36'),
(43, 'auth', 'Login - Judge4', '2023-05-30 14:38:41'),
(44, 'auth', 'Logout - judge3', '2023-05-30 14:38:46'),
(45, 'auth', 'Login - Judge3', '2023-05-30 14:38:53'),
(46, 'auth', 'Logout - judge3', '2023-05-30 14:38:55'),
(47, 'auth', 'Login - Judge3', '2023-05-30 14:39:06'),
(48, 'auth', 'Login - Judge2', '2023-05-30 14:39:28'),
(49, 'auth', 'Login - Judge3', '2023-05-30 14:42:11'),
(50, 'auth', 'Login - dev', '2023-05-30 14:43:34'),
(51, 'auth', 'Login - Judge3', '2023-05-30 14:46:59'),
(52, 'auth', 'Logout - judge5', '2023-05-30 14:47:46'),
(53, 'auth', 'Login - Judge3', '2023-05-30 14:47:59'),
(54, 'auth', 'Logout - judge3', '2023-05-30 14:48:48'),
(55, 'auth', 'Login - dev', '2023-05-30 14:49:40'),
(56, 'auth', 'Logout - dev', '2023-05-30 14:55:17'),
(57, 'auth', 'Logout - dev', '2023-05-30 14:55:21'),
(58, 'auth', 'Login - judge2', '2023-05-30 14:55:29'),
(59, 'attempt', 'Login Attempt - judge4', '2023-05-30 14:55:41'),
(60, 'auth', 'Login - Judge4', '2023-05-30 14:55:58'),
(61, 'auth', 'Logout - judge4', '2023-05-30 15:07:57'),
(62, 'auth', 'Login - dev', '2023-05-30 15:08:03'),
(63, 'auth', 'Login - Judge2', '2023-05-30 15:17:10'),
(64, 'auth', 'Login - Judge4', '2023-05-30 15:17:29'),
(65, 'auth', 'Login - Judge3', '2023-05-30 15:17:33'),
(66, 'attempt', 'Login Attempt - Judge5', '2023-05-30 15:18:43'),
(67, 'auth', 'Login - Judge3', '2023-05-30 15:18:58'),
(68, 'auth', 'Login - Judge5', '2023-05-30 15:19:09'),
(69, 'auth', 'Logout - judge4', '2023-05-30 15:19:14'),
(70, 'auth', 'Login - Judge3', '2023-05-30 15:19:31'),
(71, 'auth', 'Login - Judge3', '2023-05-30 15:22:41'),
(72, 'auth', 'Login - Judge3', '2023-05-30 15:34:01'),
(73, 'auth', 'Logout - judge3', '2023-05-30 15:36:18'),
(74, 'auth', 'Login - Judge4', '2023-05-30 15:36:21'),
(75, 'auth', 'Logout - judge1', '2023-05-30 16:35:20'),
(76, 'auth', 'Logout - judge1', '2023-05-30 16:35:26'),
(77, 'auth', 'Login - dev', '2023-05-30 16:35:38'),
(78, 'auth', 'Logout - dev', '2023-05-30 16:36:32'),
(79, 'auth', 'Login - judge1', '2023-05-30 16:37:41'),
(80, 'auth', 'Logout - judge1', '2023-05-30 16:39:08'),
(81, 'auth', 'Login - dev', '2023-05-30 16:39:15'),
(82, 'auth', 'Login - dev', '2023-05-30 18:07:36'),
(83, 'auth', 'Login - Judge3', '2023-05-30 18:07:39'),
(84, 'auth', 'Logout - dev', '2023-05-30 18:08:21'),
(85, 'auth', 'Login - dev', '2023-05-30 18:09:21'),
(86, 'auth', 'Login - Judge1', '2023-05-30 18:11:44'),
(87, 'auth', 'Logout - judge1', '2023-05-30 18:25:11'),
(88, 'attempt', 'Login Attempt - judge', '2023-05-30 18:31:23'),
(89, 'auth', 'Login - judge1', '2023-05-30 18:31:28'),
(90, 'auth', 'Logout - dev', '2023-05-30 18:31:31'),
(91, 'auth', 'Login - judge2', '2023-05-30 18:31:57'),
(92, 'auth', 'Login - dev', '2023-05-30 18:39:14'),
(93, 'auth', 'Login - judge1', '2023-05-30 19:34:51'),
(94, 'auth', 'Login - judge4', '2023-05-30 19:37:17'),
(95, 'auth', 'Login - Judge4', '2023-05-30 19:37:19'),
(96, 'auth', 'Logout - judge4', '2023-05-30 19:37:50'),
(97, 'auth', 'Login - Judge5', '2023-05-30 19:38:00'),
(98, 'auth', 'Logout - judge2', '2023-05-30 19:44:14'),
(99, 'auth', 'Logout - judge2', '2023-05-30 19:44:17'),
(100, 'auth', 'Login - dev', '2023-05-30 19:44:22'),
(101, 'auth', 'Login - Judge3', '2023-05-30 19:45:16'),
(102, 'auth', 'Login - judge2', '2023-05-30 19:45:23'),
(103, 'auth', 'Logout - dev', '2023-05-30 19:45:24'),
(104, 'auth', 'Logout - judge3', '2023-05-30 19:47:34'),
(105, 'auth', 'Logout - judge3', '2023-05-30 19:47:39'),
(106, 'auth', 'Login - Judge3', '2023-05-30 19:47:47'),
(107, 'auth', 'Login - judge4', '2023-05-30 19:48:11'),
(108, 'auth', 'Logout - ', '2023-05-30 19:48:34'),
(109, 'auth', 'Login - dev', '2023-05-30 19:48:39'),
(110, 'auth', 'Logout - judge3', '2023-05-30 19:48:41'),
(111, 'auth', 'Logout - ', '2023-05-30 19:48:46'),
(112, 'auth', 'Login - Judge3', '2023-05-30 19:49:11'),
(113, 'auth', 'Logout - judge1', '2023-05-30 19:49:24'),
(114, 'auth', 'Login - Judge1', '2023-05-30 19:50:14'),
(115, 'auth', 'Logout - dev', '2023-05-30 19:54:44'),
(116, 'auth', 'Login - judge3', '2023-05-30 19:54:55'),
(117, 'auth', 'Logout - judge3', '2023-05-30 19:56:09'),
(118, 'attempt', 'Login Attempt - dev', '2023-05-30 19:56:48'),
(119, 'auth', 'Login - dev', '2023-05-30 19:56:53'),
(120, 'auth', 'Login - dev', '2023-05-30 20:00:31'),
(121, 'auth', 'Login - judge2', '2023-05-30 21:12:30'),
(122, 'auth', 'Logout - dev', '2023-05-30 21:34:12'),
(123, 'auth', 'Login - judge1', '2023-05-30 21:34:23'),
(124, 'auth', 'Login - dev', '2023-05-30 21:36:50'),
(125, 'auth', 'Login - judge2', '2023-05-30 22:10:32'),
(126, 'auth', 'Logout - dev', '2023-05-30 22:15:44'),
(127, 'auth', 'Logout - dev', '2023-05-30 22:15:49'),
(128, 'auth', 'Login - judge3', '2023-05-30 22:15:59'),
(129, 'auth', 'Logout - judge3', '2023-05-30 22:16:33'),
(130, 'auth', 'Login - dev', '2023-05-30 22:16:45'),
(131, 'auth', 'Logout - judge1', '2023-05-30 22:30:34'),
(132, 'auth', 'Login - judge3', '2023-05-30 22:30:53'),
(133, 'auth', 'Logout - ', '2023-07-01 21:24:44'),
(134, 'auth', 'Login - judge1', '2023-07-01 21:24:57'),
(135, 'auth', 'Logout - judge1', '2023-07-01 21:25:18'),
(136, 'auth', 'Login - judge2', '2023-07-01 21:25:50'),
(137, 'auth', 'Logout - judge2', '2023-07-01 21:26:00'),
(138, 'auth', 'Login - judge3', '2023-07-01 21:26:08'),
(139, 'auth', 'Logout - judge3', '2023-07-01 21:27:08'),
(140, 'auth', 'Login - judge4', '2023-07-01 21:27:15'),
(141, 'auth', 'Logout - judge4', '2023-07-01 21:27:25'),
(142, 'auth', 'Login - judge2', '2023-07-01 22:42:39'),
(143, 'auth', 'Logout - judge2', '2023-07-01 22:42:59'),
(144, 'auth', 'Login - judge3', '2023-07-01 22:43:09'),
(145, 'auth', 'Login - dev', '2023-07-04 11:42:15'),
(146, 'auth', 'Login - judge1', '2023-07-04 11:42:57'),
(147, 'auth', 'Login - dev', '2023-09-06 11:26:24'),
(148, 'auth', 'Logout - dev', '2024-05-28 12:29:42'),
(149, 'auth', 'Login - dev', '2024-05-29 08:27:52'),
(150, 'auth', 'Login - judge1', '2024-05-29 08:43:58'),
(151, 'auth', 'Logout - judge1', '2024-05-29 08:57:28'),
(152, 'auth', 'Login - judge2', '2024-05-29 08:57:34'),
(153, 'auth', 'Logout - judge2', '2024-05-29 09:07:24'),
(154, 'auth', 'Login - judge3', '2024-05-29 09:07:31'),
(155, 'auth', 'Login - dev', '2024-05-29 09:48:19'),
(156, 'auth', 'Logout - dev', '2024-05-29 09:48:32'),
(157, 'auth', 'Login - dev', '2024-05-29 14:59:22'),
(158, 'auth', 'Login - judge1', '2024-05-29 15:00:31'),
(159, 'attempt', 'Login Attempt - judeg1', '2024-05-29 17:16:44'),
(160, 'auth', 'Login - judge1', '2024-05-29 17:16:51'),
(161, 'auth', 'Login - judge1', '2024-05-29 18:02:53'),
(162, 'auth', 'Login - judge2', '2024-05-29 18:03:15'),
(163, 'auth', 'Login - judge4', '2024-05-29 18:03:53'),
(164, 'auth', 'Login - judge5', '2024-05-29 18:04:37'),
(165, 'attempt', 'Login Attempt - judge3', '2024-05-29 18:05:56'),
(166, 'auth', 'Login - judge3', '2024-05-29 18:06:11'),
(167, 'auth', 'Logout - judge3', '2024-05-29 18:45:27'),
(168, 'auth', 'Logout - judge3', '2024-05-29 18:45:36'),
(169, 'auth', 'Login - judge5', '2024-05-29 18:45:53'),
(170, 'auth', 'Logout - judge4', '2024-05-29 18:46:01'),
(171, 'auth', 'Login - judge3', '2024-05-29 18:46:17'),
(172, 'auth', 'Logout - judge5', '2024-05-29 18:46:26'),
(173, 'auth', 'Login - judge4', '2024-05-29 18:46:42'),
(174, 'attempt', 'Login Attempt - judge1', '2024-05-29 18:53:55'),
(175, 'auth', 'Login - judge1', '2024-05-29 18:54:00'),
(176, 'auth', 'Login - judge1', '2024-05-29 19:03:40'),
(177, 'auth', 'Login - judge1', '2024-05-29 19:30:56'),
(178, 'attempt', 'Login Attempt - dev', '2024-05-29 23:41:34'),
(179, 'auth', 'Login - dev', '2024-05-29 23:41:37');

-- --------------------------------------------------------

--
-- Table structure for table `tabs_results`
--

CREATE TABLE `tabs_results` (
  `tabs_result_id` int(11) NOT NULL,
  `tabs_event_id` int(11) NOT NULL,
  `tabs_cat_id` int(11) NOT NULL,
  `tabs_cri_id` int(11) NOT NULL,
  `tabs_user_id` int(11) NOT NULL,
  `tabs_can_id` int(11) NOT NULL,
  `tabs_result_score` double NOT NULL,
  `tabs_result_rank` double NOT NULL,
  `tabs_result_catRank` double NOT NULL,
  `tabs_result_created` datetime NOT NULL,
  `tabs_result_updated` datetime NOT NULL
) ENGINE=InnoDB DEFAULT CHARSET=latin1;

--
-- Dumping data for table `tabs_results`
--

INSERT INTO `tabs_results` (`tabs_result_id`, `tabs_event_id`, `tabs_cat_id`, `tabs_cri_id`, `tabs_user_id`, `tabs_can_id`, `tabs_result_score`, `tabs_result_rank`, `tabs_result_catRank`, `tabs_result_created`, `tabs_result_updated`) VALUES
(287, 6, 1, 1, 38, 1, 7.5, 16.5, 27, '2024-05-29 20:50:56', '2024-05-29 21:07:32'),
(288, 6, 1, 1, 39, 1, 6.8, 28.5, 27, '2024-05-29 20:55:38', '2024-05-29 21:07:17'),
(289, 6, 1, 1, 40, 1, 6, 21.5, 27, '2024-05-29 20:57:25', '2024-05-29 21:08:47'),
(290, 6, 1, 1, 42, 1, 6, 21.5, 27, '2024-05-29 20:57:28', '2024-05-29 21:07:34'),
(291, 6, 1, 1, 41, 1, 5, 18.5, 27, '2024-05-29 20:57:34', '2024-05-29 21:08:58'),
(292, 6, 1, 1, 40, 2, 5, 27.5, 28, '2024-05-29 20:57:45', '2024-05-29 21:08:47'),
(293, 6, 1, 1, 42, 2, 6, 21.5, 28, '2024-05-29 20:57:45', '2024-05-29 21:07:34'),
(294, 6, 1, 1, 38, 2, 7.9, 14, 28, '2024-05-29 20:57:46', '2024-05-29 21:07:32'),
(295, 6, 1, 1, 41, 2, 5, 18.5, 28, '2024-05-29 20:57:49', '2024-05-29 21:08:58'),
(296, 6, 1, 1, 39, 2, 6.9, 26.5, 28, '2024-05-29 20:57:54', '2024-05-29 21:07:17'),
(297, 6, 1, 1, 40, 3, 6, 21.5, 4.5, '2024-05-29 20:58:02', '2024-05-29 21:08:47'),
(298, 6, 1, 1, 42, 3, 8, 1.5, 4.5, '2024-05-29 20:58:02', '2024-05-29 21:07:34'),
(299, 6, 1, 1, 41, 3, 8, 3.5, 4.5, '2024-05-29 20:58:02', '2024-05-29 21:08:58'),
(300, 6, 1, 1, 38, 3, 9.4, 1.5, 4.5, '2024-05-29 20:58:03', '2024-05-29 21:07:32'),
(301, 6, 1, 1, 39, 3, 8, 9.5, 4.5, '2024-05-29 20:58:05', '2024-05-29 21:07:17'),
(302, 6, 1, 1, 42, 4, 8, 1.5, 4.5, '2024-05-29 20:58:21', '2024-05-29 21:07:34'),
(303, 6, 1, 1, 38, 4, 7.2, 21, 4.5, '2024-05-29 20:58:24', '2024-05-29 21:07:32'),
(304, 6, 1, 1, 39, 4, 9.5, 1, 4.5, '2024-05-29 20:58:25', '2024-05-29 21:07:17'),
(305, 6, 1, 1, 40, 4, 7.5, 12.5, 4.5, '2024-05-29 20:58:27', '2024-05-29 21:08:47'),
(306, 6, 1, 1, 41, 4, 10, 1.5, 4.5, '2024-05-29 20:58:27', '2024-05-29 21:08:58'),
(307, 6, 1, 1, 42, 5, 8, 1.5, 15, '2024-05-29 20:58:39', '2024-05-29 21:07:34'),
(308, 6, 1, 1, 38, 5, 6.5, 23.5, 15, '2024-05-29 20:58:42', '2024-05-29 21:07:32'),
(309, 6, 1, 1, 41, 5, 5, 18.5, 15, '2024-05-29 20:58:43', '2024-05-29 21:08:59'),
(310, 6, 1, 1, 40, 5, 8, 9.5, 15, '2024-05-29 20:58:44', '2024-05-29 21:08:47'),
(311, 6, 1, 1, 39, 5, 8, 9.5, 15, '2024-05-29 20:58:44', '2024-05-29 21:07:17'),
(312, 6, 1, 1, 40, 6, 8.5, 2.5, 7, '2024-05-29 20:59:02', '2024-05-29 21:08:47'),
(313, 6, 1, 1, 38, 6, 9.2, 3, 7, '2024-05-29 20:59:02', '2024-05-29 21:07:32'),
(314, 6, 1, 1, 42, 6, 7, 13.5, 7, '2024-05-29 20:59:03', '2024-05-29 21:07:34'),
(315, 6, 1, 1, 41, 6, 6, 8.5, 7, '2024-05-29 20:59:03', '2024-05-29 21:08:59'),
(316, 6, 1, 1, 39, 6, 7.9, 13.5, 7, '2024-05-29 20:59:06', '2024-05-29 21:07:17'),
(317, 6, 1, 1, 41, 7, 5, 18.5, 22, '2024-05-29 20:59:21', '2024-05-29 21:08:59'),
(318, 6, 1, 1, 40, 7, 6.5, 18.5, 22, '2024-05-29 20:59:22', '2024-05-29 21:08:47'),
(319, 6, 1, 1, 42, 7, 6, 21.5, 22, '2024-05-29 20:59:23', '2024-05-29 21:07:34'),
(320, 6, 1, 1, 38, 7, 8.2, 13, 22, '2024-05-29 20:59:23', '2024-05-29 21:07:32'),
(321, 6, 1, 1, 39, 7, 7.8, 15.5, 22, '2024-05-29 20:59:25', '2024-05-29 21:07:17'),
(322, 6, 1, 1, 42, 8, 8, 1.5, 3, '2024-05-29 20:59:45', '2024-05-29 21:07:34'),
(323, 6, 1, 1, 40, 8, 8.5, 2.5, 3, '2024-05-29 20:59:45', '2024-05-29 21:08:47'),
(324, 6, 1, 1, 41, 8, 6, 8.5, 3, '2024-05-29 20:59:47', '2024-05-29 21:08:59'),
(325, 6, 1, 1, 39, 8, 8.4, 8, 3, '2024-05-29 20:59:51', '2024-05-29 21:07:17'),
(326, 6, 1, 1, 38, 8, 7.5, 16.5, 3, '2024-05-29 20:59:54', '2024-05-29 21:07:32'),
(327, 6, 1, 1, 40, 9, 6.5, 18.5, 16, '2024-05-29 21:00:09', '2024-05-29 21:08:47'),
(328, 6, 1, 1, 38, 9, 7.5, 16.5, 16, '2024-05-29 21:00:11', '2024-05-29 21:07:32'),
(329, 6, 1, 1, 42, 9, 7, 13.5, 16, '2024-05-29 21:00:11', '2024-05-29 21:07:34'),
(330, 6, 1, 1, 41, 9, 6, 8.5, 16, '2024-05-29 21:00:13', '2024-05-29 21:08:59'),
(331, 6, 1, 1, 39, 9, 7.8, 15.5, 16, '2024-05-29 21:00:14', '2024-05-29 21:07:17'),
(332, 6, 1, 1, 41, 10, 5, 18.5, 18, '2024-05-29 21:00:30', '2024-05-29 21:08:59'),
(333, 6, 1, 1, 42, 10, 7, 13.5, 18, '2024-05-29 21:00:30', '2024-05-29 21:07:34'),
(334, 6, 1, 1, 40, 10, 7, 16.5, 18, '2024-05-29 21:00:31', '2024-05-29 21:08:47'),
(335, 6, 1, 1, 39, 10, 7.95, 12, 18, '2024-05-29 21:00:34', '2024-05-29 21:07:17'),
(336, 6, 1, 1, 38, 10, 7.3, 19.5, 18, '2024-05-29 21:00:37', '2024-05-29 21:07:32'),
(337, 6, 1, 1, 42, 11, 6, 21.5, 14, '2024-05-29 21:00:54', '2024-05-29 21:07:34'),
(338, 6, 1, 1, 38, 11, 8.9, 5, 14, '2024-05-29 21:00:56', '2024-05-29 21:07:32'),
(339, 6, 1, 1, 39, 11, 7, 23.5, 14, '2024-05-29 21:00:56', '2024-05-29 21:07:17'),
(340, 6, 1, 1, 40, 11, 8.5, 2.5, 14, '2024-05-29 21:00:56', '2024-05-29 21:08:47'),
(341, 6, 1, 1, 41, 11, 6, 8.5, 14, '2024-05-29 21:00:57', '2024-05-29 21:08:59'),
(342, 6, 1, 1, 42, 12, 8, 1.5, 11, '2024-05-29 21:01:07', '2024-05-29 21:07:34'),
(343, 6, 1, 1, 41, 12, 6, 8.5, 11, '2024-05-29 21:01:10', '2024-05-29 21:08:59'),
(344, 6, 1, 1, 40, 12, 7.5, 12.5, 11, '2024-05-29 21:01:11', '2024-05-29 21:08:47'),
(345, 6, 1, 1, 39, 12, 8, 9.5, 11, '2024-05-29 21:01:12', '2024-05-29 21:07:17'),
(346, 6, 1, 1, 38, 12, 7.8, 15, 11, '2024-05-29 21:01:19', '2024-05-29 21:07:32'),
(347, 6, 1, 1, 40, 13, 5.5, 25.5, 20.5, '2024-05-29 21:01:24', '2024-05-29 21:08:47'),
(348, 6, 1, 1, 42, 13, 8, 1.5, 20.5, '2024-05-29 21:01:25', '2024-05-29 21:07:34'),
(349, 6, 1, 1, 38, 13, 6.5, 23.5, 20.5, '2024-05-29 21:01:26', '2024-05-29 21:07:32'),
(350, 6, 1, 1, 39, 13, 6.8, 28.5, 20.5, '2024-05-29 21:01:27', '2024-05-29 21:07:17'),
(351, 6, 1, 1, 41, 13, 8, 3.5, 20.5, '2024-05-29 21:01:28', '2024-05-29 21:08:59'),
(352, 6, 1, 1, 40, 14, 6, 21.5, 23, '2024-05-29 21:01:41', '2024-05-29 21:08:47'),
(353, 6, 1, 1, 38, 14, 6.2, 27.5, 23, '2024-05-29 21:01:41', '2024-05-29 21:07:32'),
(354, 6, 1, 1, 41, 14, 6, 8.5, 23, '2024-05-29 21:01:42', '2024-05-29 21:08:59'),
(355, 6, 1, 1, 42, 14, 7, 13.5, 23, '2024-05-29 21:01:43', '2024-05-29 21:07:34'),
(356, 6, 1, 1, 39, 14, 7.1, 22, 23, '2024-05-29 21:01:44', '2024-05-29 21:07:17'),
(357, 6, 1, 1, 38, 15, 6.2, 27.5, 24, '2024-05-29 21:01:58', '2024-05-29 21:07:32'),
(358, 6, 1, 1, 41, 15, 5, 18.5, 24, '2024-05-29 21:01:58', '2024-05-29 21:08:59'),
(359, 6, 1, 1, 42, 15, 6, 21.5, 24, '2024-05-29 21:01:59', '2024-05-29 21:07:34'),
(360, 6, 1, 1, 40, 15, 7, 16.5, 24, '2024-05-29 21:02:00', '2024-05-29 21:08:47'),
(361, 6, 1, 1, 39, 15, 7.8, 15.5, 24, '2024-05-29 21:02:00', '2024-05-29 21:07:17'),
(362, 6, 1, 1, 42, 16, 6, 21.5, 17, '2024-05-29 21:02:11', '2024-05-29 21:07:34'),
(363, 6, 1, 1, 38, 16, 7.3, 19.5, 17, '2024-05-29 21:02:13', '2024-05-29 21:07:32'),
(364, 6, 1, 1, 40, 16, 7.5, 12.5, 17, '2024-05-29 21:02:15', '2024-05-29 21:08:47'),
(365, 6, 1, 1, 41, 16, 5, 18.5, 17, '2024-05-29 21:02:15', '2024-05-29 21:08:59'),
(366, 6, 1, 1, 39, 16, 8.5, 6.5, 17, '2024-05-29 21:02:15', '2024-05-29 21:07:17'),
(367, 6, 1, 1, 40, 17, 8, 9.5, 10, '2024-05-29 21:02:27', '2024-05-29 21:08:47'),
(368, 6, 1, 1, 38, 17, 8.8, 6.5, 10, '2024-05-29 21:02:28', '2024-05-29 21:07:32'),
(369, 6, 1, 1, 42, 17, 8, 1.5, 10, '2024-05-29 21:02:29', '2024-05-29 21:07:34'),
(370, 6, 1, 1, 41, 17, 6, 8.5, 10, '2024-05-29 21:02:31', '2024-05-29 21:08:59'),
(371, 6, 1, 1, 39, 17, 7.3, 19, 10, '2024-05-29 21:02:31', '2024-05-29 21:07:17'),
(372, 6, 1, 1, 39, 18, 8.9, 4, 8.5, '2024-05-29 21:02:48', '2024-05-29 21:07:17'),
(373, 6, 1, 1, 42, 18, 8, 1.5, 8.5, '2024-05-29 21:02:48', '2024-05-29 21:07:34'),
(374, 6, 1, 1, 40, 18, 6.5, 18.5, 8.5, '2024-05-29 21:02:51', '2024-05-29 21:08:47'),
(375, 6, 1, 1, 41, 18, 6, 8.5, 8.5, '2024-05-29 21:02:52', '2024-05-29 21:08:59'),
(376, 6, 1, 1, 38, 18, 8.5, 9, 8.5, '2024-05-29 21:02:54', '2024-05-29 21:07:32'),
(377, 6, 1, 1, 38, 19, 9.1, 4, 2, '2024-05-29 21:03:04', '2024-05-29 21:07:32'),
(378, 6, 1, 1, 40, 19, 8.5, 2.5, 2, '2024-05-29 21:03:06', '2024-05-29 21:08:47'),
(379, 6, 1, 1, 42, 19, 8, 1.5, 2, '2024-05-29 21:03:07', '2024-05-29 21:07:34'),
(380, 6, 1, 1, 41, 19, 10, 1.5, 2, '2024-05-29 21:03:08', '2024-05-29 21:08:59'),
(381, 6, 1, 1, 39, 19, 8.7, 5, 2, '2024-05-29 21:03:09', '2024-05-29 21:07:17'),
(382, 6, 1, 1, 42, 20, 6, 21.5, 30, '2024-05-29 21:03:20', '2024-05-29 21:07:34'),
(383, 6, 1, 1, 39, 20, 6.8, 28.5, 30, '2024-05-29 21:03:21', '2024-05-29 21:07:17'),
(384, 6, 1, 1, 41, 20, 5, 18.5, 30, '2024-05-29 21:03:22', '2024-05-29 21:08:59'),
(385, 6, 1, 1, 40, 20, 5, 27.5, 30, '2024-05-29 21:03:22', '2024-05-29 21:08:47'),
(386, 6, 1, 1, 38, 20, 6.2, 27.5, 30, '2024-05-29 21:03:22', '2024-05-29 21:07:32'),
(387, 6, 1, 1, 40, 21, 7.5, 12.5, 12, '2024-05-29 21:04:00', '2024-05-29 21:08:47'),
(388, 6, 1, 1, 41, 21, 6, 8.5, 12, '2024-05-29 21:04:04', '2024-05-29 21:08:59'),
(389, 6, 1, 1, 42, 21, 7, 13.5, 12, '2024-05-29 21:04:04', '2024-05-29 21:07:34'),
(390, 6, 1, 1, 39, 21, 8.5, 6.5, 12, '2024-05-29 21:04:05', '2024-05-29 21:07:17'),
(391, 6, 1, 1, 38, 21, 8.7, 8, 12, '2024-05-29 21:04:06', '2024-05-29 21:07:32'),
(392, 6, 1, 1, 41, 22, 5, 18.5, 29, '2024-05-29 21:04:11', '2024-05-29 21:08:59'),
(393, 6, 1, 1, 38, 22, 6.1, 30, 29, '2024-05-29 21:04:13', '2024-05-29 21:07:33'),
(394, 6, 1, 1, 39, 22, 7.6, 18, 29, '2024-05-29 21:04:15', '2024-05-29 21:07:17'),
(395, 6, 1, 1, 40, 22, 5, 27.5, 29, '2024-05-29 21:04:15', '2024-05-29 21:08:47'),
(396, 6, 1, 1, 42, 22, 6, 21.5, 29, '2024-05-29 21:04:15', '2024-05-29 21:07:34'),
(397, 6, 1, 1, 42, 23, 7, 13.5, 6, '2024-05-29 21:04:31', '2024-05-29 21:07:34'),
(398, 6, 1, 1, 38, 23, 8.8, 6.5, 6, '2024-05-29 21:04:34', '2024-05-29 21:07:33'),
(399, 6, 1, 1, 41, 23, 7, 7, 6, '2024-05-29 21:04:36', '2024-05-29 21:08:59'),
(400, 6, 1, 1, 40, 23, 8, 9.5, 6, '2024-05-29 21:04:37', '2024-05-29 21:08:47'),
(401, 6, 1, 1, 39, 23, 9, 3, 6, '2024-05-29 21:04:38', '2024-05-29 21:07:17'),
(402, 6, 1, 1, 39, 24, 7.9, 13.5, 13, '2024-05-29 21:04:53', '2024-05-29 21:07:18'),
(403, 6, 1, 1, 42, 24, 8, 1.5, 13, '2024-05-29 21:04:54', '2024-05-29 21:07:34'),
(404, 6, 1, 1, 41, 24, 5, 18.5, 13, '2024-05-29 21:04:55', '2024-05-29 21:08:59'),
(405, 6, 1, 1, 38, 24, 7, 22, 13, '2024-05-29 21:04:55', '2024-05-29 21:07:33'),
(406, 6, 1, 1, 40, 24, 8.5, 2.5, 13, '2024-05-29 21:04:55', '2024-05-29 21:08:47'),
(407, 6, 1, 1, 39, 25, 7.2, 20.5, 25.5, '2024-05-29 21:05:04', '2024-05-29 21:07:18'),
(408, 6, 1, 1, 40, 25, 5, 27.5, 25.5, '2024-05-29 21:05:08', '2024-05-29 21:08:48'),
(409, 6, 1, 1, 42, 25, 7, 13.5, 25.5, '2024-05-29 21:05:09', '2024-05-29 21:07:34'),
(410, 6, 1, 1, 41, 25, 5, 18.5, 25.5, '2024-05-29 21:05:11', '2024-05-29 21:08:59'),
(411, 6, 1, 1, 38, 25, 6.3, 26, 25.5, '2024-05-29 21:05:11', '2024-05-29 21:07:33'),
(412, 6, 1, 1, 42, 26, 8, 1.5, 1, '2024-05-29 21:05:31', '2024-05-29 21:07:34'),
(413, 6, 1, 1, 40, 26, 9, 1, 1, '2024-05-29 21:05:32', '2024-05-29 21:08:48'),
(414, 6, 1, 1, 38, 26, 9.4, 1.5, 1, '2024-05-29 21:05:33', '2024-05-29 21:07:33'),
(415, 6, 1, 1, 39, 26, 9.2, 2, 1, '2024-05-29 21:05:34', '2024-05-29 21:07:18'),
(416, 6, 1, 1, 41, 26, 8, 3.5, 1, '2024-05-29 21:05:38', '2024-05-29 21:08:59'),
(417, 6, 1, 1, 39, 27, 7, 23.5, 8.5, '2024-05-29 21:05:54', '2024-05-29 21:07:18'),
(418, 6, 1, 1, 42, 27, 8, 1.5, 8.5, '2024-05-29 21:05:55', '2024-05-29 21:07:34'),
(419, 6, 1, 1, 41, 27, 8, 3.5, 8.5, '2024-05-29 21:05:55', '2024-05-29 21:08:59'),
(420, 6, 1, 1, 38, 27, 8.4, 10.5, 8.5, '2024-05-29 21:05:56', '2024-05-29 21:07:33'),
(421, 6, 1, 1, 40, 27, 8.5, 2.5, 8.5, '2024-05-29 21:05:56', '2024-05-29 21:08:48'),
(422, 6, 1, 1, 42, 28, 6, 21.5, 19, '2024-05-29 21:06:07', '2024-05-29 21:07:34'),
(423, 6, 1, 1, 41, 28, 5, 18.5, 19, '2024-05-29 21:06:08', '2024-05-29 21:08:59'),
(424, 6, 1, 1, 39, 28, 6.9, 26.5, 19, '2024-05-29 21:06:10', '2024-05-29 21:07:18'),
(425, 6, 1, 1, 40, 28, 8.5, 2.5, 19, '2024-05-29 21:06:12', '2024-05-29 21:08:48'),
(426, 6, 1, 1, 38, 28, 8.3, 12, 19, '2024-05-29 21:06:16', '2024-05-29 21:07:33'),
(427, 6, 1, 1, 42, 29, 6, 21.5, 20.5, '2024-05-29 21:06:22', '2024-05-29 21:07:34'),
(428, 6, 1, 1, 40, 29, 6, 21.5, 20.5, '2024-05-29 21:06:25', '2024-05-29 21:08:48'),
(429, 6, 1, 1, 38, 29, 8.4, 10.5, 20.5, '2024-05-29 21:06:27', '2024-05-29 21:07:33'),
(430, 6, 1, 1, 39, 29, 7.2, 20.5, 20.5, '2024-05-29 21:06:28', '2024-05-29 21:07:18'),
(431, 6, 1, 1, 41, 29, 6, 8.5, 20.5, '2024-05-29 21:06:28', '2024-05-29 21:08:59'),
(432, 6, 1, 1, 40, 30, 5.5, 25.5, 25.5, '2024-05-29 21:06:36', '2024-05-29 21:08:48'),
(433, 6, 1, 1, 41, 30, 5, 18.5, 25.5, '2024-05-29 21:06:37', '2024-05-29 21:08:59'),
(434, 6, 1, 1, 39, 30, 7, 23.5, 25.5, '2024-05-29 21:06:38', '2024-05-29 21:07:18'),
(435, 6, 1, 1, 38, 30, 6.4, 25, 25.5, '2024-05-29 21:06:39', '2024-05-29 21:07:33'),
(436, 6, 1, 1, 42, 30, 7, 13.5, 25.5, '2024-05-29 21:06:49', '2024-05-29 21:07:34'),
(437, 7, 5, 5, 39, 3, 7.8, 19, 11.5, '2024-05-29 21:33:08', '2024-05-29 22:06:06'),
(438, 7, 5, 5, 39, 25, 7, 20, 19, '2024-05-29 21:37:51', '2024-05-29 22:06:06'),
(439, 7, 5, 5, 40, 25, 6, 18.5, 19, '2024-05-29 21:37:59', '2024-05-29 22:05:08'),
(440, 7, 5, 5, 38, 25, 5.8, 19, 19, '2024-05-29 21:38:04', '2024-05-29 22:04:44'),
(441, 7, 5, 5, 42, 25, 7, 13.5, 19, '2024-05-29 21:38:08', '2024-05-29 22:04:36'),
(442, 7, 5, 5, 41, 25, 5, 16.5, 19, '2024-05-29 21:38:10', '2024-05-29 22:06:18'),
(443, 7, 5, 5, 39, 4, 9, 2, 7, '2024-05-29 21:38:59', '2024-05-29 22:06:06'),
(444, 7, 5, 5, 40, 4, 7, 14.5, 7, '2024-05-29 21:39:44', '2024-05-29 22:05:07'),
(445, 7, 5, 5, 42, 4, 8, 3.5, 7, '2024-05-29 21:39:55', '2024-05-29 22:04:36'),
(446, 7, 5, 5, 38, 4, 7.5, 14, 7, '2024-05-29 21:39:57', '2024-05-29 22:04:44'),
(447, 7, 5, 5, 41, 4, 10, 1, 7, '2024-05-29 21:39:58', '2024-05-29 22:06:18'),
(448, 7, 5, 5, 40, 8, 8, 5.5, 6, '2024-05-29 21:40:35', '2024-05-29 22:05:07'),
(449, 7, 5, 5, 39, 8, 8.9, 3.5, 6, '2024-05-29 21:40:35', '2024-05-29 22:06:06'),
(450, 7, 5, 5, 38, 8, 6.3, 17, 6, '2024-05-29 21:40:49', '2024-05-29 22:04:44'),
(451, 7, 5, 5, 42, 8, 8, 3.5, 6, '2024-05-29 21:40:50', '2024-05-29 22:04:36'),
(452, 7, 5, 5, 41, 8, 8, 3.5, 6, '2024-05-29 21:40:50', '2024-05-29 22:06:18'),
(453, 7, 5, 5, 39, 6, 8.4, 9.5, 8, '2024-05-29 21:41:33', '2024-05-29 22:06:06'),
(454, 7, 5, 5, 40, 6, 7.5, 11.5, 8, '2024-05-29 21:41:41', '2024-05-29 22:05:07'),
(455, 7, 5, 5, 42, 6, 8, 3.5, 8, '2024-05-29 21:41:45', '2024-05-29 22:04:36'),
(456, 7, 5, 5, 38, 6, 9, 4, 8, '2024-05-29 21:41:46', '2024-05-29 22:04:44'),
(457, 7, 5, 5, 41, 6, 7, 8.5, 8, '2024-05-29 21:41:49', '2024-05-29 22:06:18'),
(458, 7, 5, 5, 39, 7, 8.3, 11, 18, '2024-05-29 21:42:33', '2024-05-29 22:06:06'),
(459, 7, 5, 5, 40, 7, 6.5, 17, 18, '2024-05-29 21:42:39', '2024-05-29 22:05:07'),
(460, 7, 5, 5, 42, 7, 6, 17.5, 18, '2024-05-29 21:42:44', '2024-05-29 22:04:36'),
(461, 7, 5, 5, 38, 7, 8.6, 10, 18, '2024-05-29 21:42:46', '2024-05-29 22:04:44'),
(462, 7, 5, 5, 41, 7, 5, 16.5, 18, '2024-05-29 21:42:50', '2024-05-29 22:06:18'),
(463, 7, 5, 5, 39, 13, 8, 14.5, 17, '2024-05-29 21:43:51', '2024-05-29 22:06:06'),
(464, 7, 5, 5, 40, 13, 6, 18.5, 17, '2024-05-29 21:44:16', '2024-05-29 22:05:07'),
(465, 7, 5, 5, 38, 13, 5.9, 18, 17, '2024-05-29 21:44:17', '2024-05-29 22:04:44'),
(466, 7, 5, 5, 42, 13, 8, 3.5, 17, '2024-05-29 21:44:19', '2024-05-29 22:04:36'),
(467, 7, 5, 5, 41, 13, 6, 14.5, 17, '2024-05-29 21:44:23', '2024-05-29 22:06:18'),
(468, 7, 5, 5, 38, 22, 5.5, 20, 20, '2024-05-29 21:45:10', '2024-05-29 22:04:44'),
(469, 7, 5, 5, 39, 22, 7.9, 16.5, 20, '2024-05-29 21:45:19', '2024-05-29 22:06:06'),
(470, 7, 5, 5, 40, 22, 5, 20, 20, '2024-05-29 21:45:36', '2024-05-29 22:05:08'),
(471, 7, 5, 5, 42, 22, 6, 17.5, 20, '2024-05-29 21:45:42', '2024-05-29 22:04:36'),
(472, 7, 5, 5, 41, 22, 5, 16.5, 20, '2024-05-29 21:45:47', '2024-05-29 22:06:18'),
(473, 7, 5, 5, 39, 23, 8.6, 7, 3, '2024-05-29 21:46:47', '2024-05-29 22:06:06'),
(474, 7, 5, 5, 40, 23, 7.5, 11.5, 3, '2024-05-29 21:47:03', '2024-05-29 22:05:08'),
(475, 7, 5, 5, 38, 23, 9.5, 2, 3, '2024-05-29 21:47:10', '2024-05-29 22:04:44'),
(476, 7, 5, 5, 41, 23, 9, 2, 3, '2024-05-29 21:47:12', '2024-05-29 22:06:18'),
(477, 7, 5, 5, 42, 23, 8, 3.5, 3, '2024-05-29 21:47:15', '2024-05-29 22:04:36'),
(478, 7, 5, 5, 39, 27, 8.7, 6, 5, '2024-05-29 21:48:07', '2024-05-29 22:06:06'),
(479, 7, 5, 5, 40, 27, 9, 2.5, 5, '2024-05-29 21:48:12', '2024-05-29 22:05:08'),
(480, 7, 5, 5, 38, 27, 7, 16, 5, '2024-05-29 21:48:16', '2024-05-29 22:04:44'),
(481, 7, 5, 5, 42, 27, 9, 1.5, 5, '2024-05-29 21:48:21', '2024-05-29 22:04:36'),
(482, 7, 5, 5, 41, 27, 8, 3.5, 5, '2024-05-29 21:48:22', '2024-05-29 22:06:19'),
(483, 7, 5, 5, 39, 28, 7.9, 16.5, 16, '2024-05-29 21:49:30', '2024-05-29 22:06:06'),
(484, 7, 5, 5, 38, 28, 8, 12, 16, '2024-05-29 21:49:41', '2024-05-29 22:04:44'),
(485, 7, 5, 5, 41, 28, 5, 16.5, 16, '2024-05-29 21:49:42', '2024-05-29 22:06:19'),
(486, 7, 5, 5, 40, 28, 8, 5.5, 16, '2024-05-29 21:49:42', '2024-05-29 22:05:08'),
(487, 7, 5, 5, 42, 28, 6, 17.5, 16, '2024-05-29 21:49:46', '2024-05-29 22:04:36'),
(488, 7, 5, 5, 39, 26, 8.9, 3.5, 11.5, '2024-05-29 21:51:29', '2024-05-29 22:06:06'),
(489, 7, 5, 5, 40, 26, 8.5, 4, 11.5, '2024-05-29 21:51:36', '2024-05-29 22:05:08'),
(490, 7, 5, 5, 41, 26, 6, 14.5, 11.5, '2024-05-29 21:51:38', '2024-05-29 22:06:19'),
(491, 7, 5, 5, 38, 26, 8.8, 8, 11.5, '2024-05-29 21:51:39', '2024-05-29 22:04:44'),
(492, 7, 5, 5, 42, 3, 8, 3.5, 11.5, '2024-05-29 21:51:42', '2024-05-29 22:04:36'),
(493, 7, 5, 5, 42, 26, 7, 13.5, 11.5, '2024-05-29 21:51:50', '2024-05-29 22:04:36'),
(494, 7, 5, 5, 39, 19, 8.8, 5, 1.5, '2024-05-29 21:52:33', '2024-05-29 22:06:06'),
(495, 7, 5, 5, 40, 19, 9.5, 1, 1.5, '2024-05-29 21:52:57', '2024-05-29 22:05:08'),
(496, 7, 5, 5, 38, 19, 9.7, 1, 1.5, '2024-05-29 21:53:14', '2024-05-29 22:04:44'),
(497, 7, 5, 5, 42, 19, 8, 3.5, 1.5, '2024-05-29 21:53:19', '2024-05-29 22:04:36'),
(498, 7, 5, 5, 41, 19, 7, 8.5, 1.5, '2024-05-29 21:53:19', '2024-05-29 22:06:18'),
(499, 7, 5, 5, 38, 3, 9.4, 3, 11.5, '2024-05-29 21:54:23', '2024-05-29 22:04:44'),
(500, 7, 5, 5, 40, 3, 7, 14.5, 11.5, '2024-05-29 21:54:24', '2024-05-29 22:05:07'),
(501, 7, 5, 5, 41, 3, 8, 3.5, 11.5, '2024-05-29 21:54:29', '2024-05-29 22:06:18'),
(502, 7, 5, 5, 39, 18, 8.5, 8, 10, '2024-05-29 21:56:09', '2024-05-29 22:06:06'),
(503, 7, 5, 5, 40, 18, 8, 5.5, 10, '2024-05-29 21:56:13', '2024-05-29 22:05:07'),
(504, 7, 5, 5, 42, 18, 8, 3.5, 10, '2024-05-29 21:56:15', '2024-05-29 22:04:36'),
(505, 7, 5, 5, 41, 18, 5, 16.5, 10, '2024-05-29 21:56:23', '2024-05-29 22:06:18'),
(506, 7, 5, 5, 38, 18, 8.7, 9, 10, '2024-05-29 21:56:29', '2024-05-29 22:04:44'),
(507, 7, 5, 5, 40, 17, 7, 14.5, 9, '2024-05-29 21:57:26', '2024-05-29 22:05:07'),
(508, 7, 5, 5, 39, 17, 8.4, 9.5, 9, '2024-05-29 21:57:26', '2024-05-29 22:06:06'),
(509, 7, 5, 5, 42, 17, 8, 3.5, 9, '2024-05-29 21:57:29', '2024-05-29 22:04:36'),
(510, 7, 5, 5, 38, 17, 8.9, 5.5, 9, '2024-05-29 21:57:38', '2024-05-29 22:04:44'),
(511, 7, 5, 5, 41, 17, 7, 8.5, 9, '2024-05-29 21:57:43', '2024-05-29 22:06:18'),
(512, 7, 5, 5, 39, 12, 8.2, 12.5, 15, '2024-05-29 21:58:47', '2024-05-29 22:06:06'),
(513, 7, 5, 5, 40, 12, 7.5, 11.5, 15, '2024-05-29 21:58:57', '2024-05-29 22:05:07'),
(514, 7, 5, 5, 42, 12, 7, 13.5, 15, '2024-05-29 21:59:11', '2024-05-29 22:04:36'),
(515, 7, 5, 5, 38, 12, 7.3, 15, 15, '2024-05-29 21:59:15', '2024-05-29 22:04:44'),
(516, 7, 5, 5, 41, 12, 7, 8.5, 15, '2024-05-29 21:59:16', '2024-05-29 22:06:18'),
(517, 7, 5, 5, 39, 21, 9.1, 1, 1.5, '2024-05-29 22:00:35', '2024-05-29 22:06:06'),
(518, 7, 5, 5, 42, 21, 8, 3.5, 1.5, '2024-05-29 22:00:36', '2024-05-29 22:04:36'),
(519, 7, 5, 5, 40, 21, 8, 5.5, 1.5, '2024-05-29 22:00:37', '2024-05-29 22:05:08'),
(520, 7, 5, 5, 38, 21, 8.9, 5.5, 1.5, '2024-05-29 22:00:39', '2024-05-29 22:04:44'),
(521, 7, 5, 5, 41, 21, 8, 3.5, 1.5, '2024-05-29 22:00:42', '2024-05-29 22:06:18'),
(522, 7, 5, 5, 39, 24, 8, 14.5, 4, '2024-05-29 22:01:48', '2024-05-29 22:06:06'),
(523, 7, 5, 5, 40, 24, 9, 2.5, 4, '2024-05-29 22:01:52', '2024-05-29 22:05:08'),
(524, 7, 5, 5, 38, 24, 8.9, 5.5, 4, '2024-05-29 22:01:52', '2024-05-29 22:04:44'),
(525, 7, 5, 5, 42, 24, 9, 1.5, 4, '2024-05-29 22:01:54', '2024-05-29 22:04:36'),
(526, 7, 5, 5, 41, 24, 8, 3.5, 4, '2024-05-29 22:02:00', '2024-05-29 22:06:18'),
(527, 7, 5, 5, 39, 11, 7.9, 16.5, 14, '2024-05-29 22:02:44', '2024-05-29 22:06:06'),
(528, 7, 5, 5, 40, 11, 8, 5.5, 14, '2024-05-29 22:03:05', '2024-05-29 22:05:07'),
(529, 7, 5, 5, 42, 11, 6, 17.5, 14, '2024-05-29 22:03:06', '2024-05-29 22:04:36'),
(530, 7, 5, 5, 38, 11, 8.5, 11, 14, '2024-05-29 22:03:07', '2024-05-29 22:04:44'),
(531, 7, 5, 5, 41, 11, 7, 8.5, 14, '2024-05-29 22:03:07', '2024-05-29 22:06:18'),
(532, 7, 5, 5, 39, 5, 8.2, 12.5, 13, '2024-05-29 22:03:45', '2024-05-29 22:06:06'),
(533, 7, 5, 5, 38, 5, 7.8, 13, 13, '2024-05-29 22:04:30', '2024-05-29 22:04:44'),
(534, 7, 5, 5, 42, 5, 7, 13.5, 13, '2024-05-29 22:04:30', '2024-05-29 22:04:36'),
(535, 7, 5, 5, 40, 5, 8, 5.5, 13, '2024-05-29 22:04:32', '2024-05-29 22:05:07'),
(536, 7, 5, 5, 41, 5, 7, 8.5, 13, '2024-05-29 22:04:34', '2024-05-29 22:06:18'),
(537, 9, 10, 9, 38, 4, 7, 4.5, 3.5, '2024-05-29 22:30:25', '2024-05-29 22:50:48'),
(538, 9, 10, 9, 40, 21, 6.5, 9, 10, '2024-05-29 22:37:39', '2024-05-29 22:51:09'),
(539, 9, 10, 9, 39, 21, 8.4, 10, 10, '2024-05-29 22:37:41', '2024-05-29 22:52:06'),
(540, 9, 10, 9, 41, 21, 9, 2, 10, '2024-05-29 22:37:44', '2024-05-29 22:51:56'),
(541, 9, 10, 9, 42, 21, 8, 1.5, 10, '2024-05-29 22:38:04', '2024-05-29 22:51:32'),
(542, 9, 10, 9, 38, 21, 6, 9.5, 10, '2024-05-29 22:38:06', '2024-05-29 22:50:49'),
(543, 9, 10, 9, 39, 19, 9, 2, 2, '2024-05-29 22:38:40', '2024-05-29 22:52:06'),
(544, 9, 10, 9, 40, 19, 7, 6.5, 2, '2024-05-29 22:39:12', '2024-05-29 22:51:09'),
(545, 9, 10, 9, 42, 19, 7, 4.5, 2, '2024-05-29 22:39:18', '2024-05-29 22:51:32'),
(546, 9, 10, 9, 41, 19, 8, 3.5, 2, '2024-05-29 22:39:18', '2024-05-29 22:51:56'),
(547, 9, 10, 9, 38, 19, 8, 3, 2, '2024-05-29 22:39:20', '2024-05-29 22:50:49'),
(548, 9, 10, 9, 39, 23, 9.1, 1, 1, '2024-05-29 22:39:47', '2024-05-29 22:52:06'),
(549, 9, 10, 9, 40, 23, 7, 6.5, 1, '2024-05-29 22:40:29', '2024-05-29 22:51:09'),
(550, 9, 10, 9, 41, 23, 7, 5.5, 1, '2024-05-29 22:40:37', '2024-05-29 22:51:56'),
(551, 9, 10, 9, 42, 23, 8, 1.5, 1, '2024-05-29 22:40:40', '2024-05-29 22:51:32'),
(552, 9, 10, 9, 38, 23, 9.5, 1.5, 1, '2024-05-29 22:40:43', '2024-05-29 22:50:49'),
(553, 9, 10, 9, 40, 24, 8, 1.5, 5, '2024-05-29 22:41:47', '2024-05-29 22:51:10'),
(554, 9, 10, 9, 42, 24, 7, 4.5, 5, '2024-05-29 22:41:49', '2024-05-29 22:51:32'),
(555, 9, 10, 9, 39, 24, 8.7, 5.5, 5, '2024-05-29 22:41:50', '2024-05-29 22:52:06'),
(556, 9, 10, 9, 41, 24, 6, 7.5, 5, '2024-05-29 22:41:53', '2024-05-29 22:51:56'),
(557, 9, 10, 9, 38, 24, 7, 4.5, 5, '2024-05-29 22:42:07', '2024-05-29 22:50:49'),
(558, 9, 10, 9, 39, 27, 8.7, 5.5, 3.5, '2024-05-29 22:43:06', '2024-05-29 22:52:06'),
(559, 9, 10, 9, 40, 27, 8, 1.5, 3.5, '2024-05-29 22:43:15', '2024-05-29 22:51:10'),
(560, 9, 10, 9, 38, 27, 7, 4.5, 3.5, '2024-05-29 22:43:17', '2024-05-29 22:50:49'),
(561, 9, 10, 9, 42, 27, 8, 1.5, 3.5, '2024-05-29 22:43:17', '2024-05-29 22:51:32'),
(562, 9, 10, 9, 41, 27, 5, 9.5, 3.5, '2024-05-29 22:43:17', '2024-05-29 22:51:56'),
(563, 9, 10, 9, 39, 8, 8.6, 8, 7, '2024-05-29 22:44:25', '2024-05-29 22:52:06'),
(564, 9, 10, 9, 40, 8, 7.5, 5, 7, '2024-05-29 22:44:33', '2024-05-29 22:51:09'),
(565, 9, 10, 9, 38, 8, 7, 4.5, 7, '2024-05-29 22:44:37', '2024-05-29 22:50:49'),
(566, 9, 10, 9, 42, 8, 7, 4.5, 7, '2024-05-29 22:44:38', '2024-05-29 22:51:32'),
(567, 9, 10, 9, 41, 8, 7, 5.5, 7, '2024-05-29 22:44:38', '2024-05-29 22:51:56'),
(568, 9, 10, 9, 42, 4, 7, 4.5, 3.5, '2024-05-29 22:45:50', '2024-05-29 22:51:32'),
(569, 9, 10, 9, 39, 4, 8.8, 3.5, 3.5, '2024-05-29 22:45:59', '2024-05-29 22:52:05'),
(570, 9, 10, 9, 41, 4, 8, 3.5, 3.5, '2024-05-29 22:46:05', '2024-05-29 22:51:56'),
(571, 9, 10, 9, 40, 4, 7, 6.5, 3.5, '2024-05-29 22:46:06', '2024-05-29 22:51:09'),
(572, 9, 10, 9, 39, 6, 8.7, 5.5, 6, '2024-05-29 22:47:19', '2024-05-29 22:52:06'),
(573, 9, 10, 9, 40, 6, 8, 1.5, 6, '2024-05-29 22:47:20', '2024-05-29 22:51:09'),
(574, 9, 10, 9, 42, 6, 6, 10, 6, '2024-05-29 22:47:22', '2024-05-29 22:51:32'),
(575, 9, 10, 9, 41, 6, 6, 7.5, 6, '2024-05-29 22:47:25', '2024-05-29 22:51:56'),
(576, 9, 10, 9, 38, 6, 9.5, 1.5, 6, '2024-05-29 22:47:40', '2024-05-29 22:50:49'),
(577, 9, 10, 9, 40, 17, 5.5, 10, 9, '2024-05-29 22:48:41', '2024-05-29 22:51:09'),
(578, 9, 10, 9, 39, 17, 8.5, 9, 9, '2024-05-29 22:48:42', '2024-05-29 22:52:06'),
(579, 9, 10, 9, 38, 17, 7, 4.5, 9, '2024-05-29 22:48:50', '2024-05-29 22:50:49'),
(580, 9, 10, 9, 41, 17, 10, 1, 9, '2024-05-29 22:48:51', '2024-05-29 22:51:56'),
(581, 9, 10, 9, 42, 17, 7, 4.5, 9, '2024-05-29 22:48:58', '2024-05-29 22:51:32'),
(582, 9, 10, 9, 41, 18, 5, 9.5, 8, '2024-05-29 22:49:54', '2024-05-29 22:51:56'),
(583, 9, 10, 9, 42, 18, 7, 4.5, 8, '2024-05-29 22:50:22', '2024-05-29 22:51:32'),
(584, 9, 10, 9, 39, 18, 8.8, 3.5, 8, '2024-05-29 22:50:23', '2024-05-29 22:52:06'),
(585, 9, 10, 9, 38, 18, 6, 9.5, 8, '2024-05-29 22:50:40', '2024-05-29 22:50:49'),
(586, 9, 10, 9, 40, 18, 8, 1.5, 8, '2024-05-29 22:50:55', '2024-05-29 22:51:09'),
(587, 9, 11, 10, 38, 27, 6.3, 5, 4, '2024-05-29 22:55:19', '2024-05-29 23:07:57'),
(588, 9, 11, 10, 40, 21, 6, 9, 5, '2024-05-29 22:56:43', '2024-05-29 23:07:55'),
(589, 9, 11, 10, 39, 21, 8.8, 2, 5, '2024-05-29 22:56:49', '2024-05-29 23:08:07'),
(590, 9, 11, 10, 42, 21, 8, 3.5, 5, '2024-05-29 22:56:52', '2024-05-29 23:08:28'),
(591, 9, 11, 10, 41, 21, 8, 3.5, 5, '2024-05-29 22:57:02', '2024-05-29 23:08:41'),
(592, 9, 11, 10, 38, 21, 6, 6.5, 5, '2024-05-29 22:57:27', '2024-05-29 23:07:57'),
(593, 9, 11, 10, 40, 19, 7, 5.5, 1, '2024-05-29 22:58:11', '2024-05-29 23:07:54'),
(594, 9, 11, 10, 42, 19, 9, 1.5, 1, '2024-05-29 22:58:11', '2024-05-29 23:08:28'),
(595, 9, 11, 10, 39, 19, 8.7, 3, 1, '2024-05-29 22:58:15', '2024-05-29 23:08:07'),
(596, 9, 11, 10, 41, 19, 9, 2, 1, '2024-05-29 22:58:22', '2024-05-29 23:08:41'),
(597, 9, 11, 10, 38, 19, 9.5, 1, 1, '2024-05-29 22:58:34', '2024-05-29 23:07:57'),
(598, 9, 11, 10, 40, 23, 7.5, 2.5, 7, '2024-05-29 22:59:16', '2024-05-29 23:07:55'),
(599, 9, 11, 10, 39, 23, 8.6, 4.5, 7, '2024-05-29 22:59:17', '2024-05-29 23:08:07'),
(600, 9, 11, 10, 38, 23, 6, 6.5, 7, '2024-05-29 22:59:19', '2024-05-29 23:07:57'),
(601, 9, 11, 10, 42, 23, 7, 7.5, 7, '2024-05-29 22:59:22', '2024-05-29 23:08:28'),
(602, 9, 11, 10, 41, 23, 7, 5.5, 7, '2024-05-29 22:59:25', '2024-05-29 23:08:41'),
(603, 9, 11, 10, 40, 24, 8, 1, 2, '2024-05-29 23:00:29', '2024-05-29 23:07:55'),
(604, 9, 11, 10, 39, 24, 8.5, 6.5, 2, '2024-05-29 23:00:29', '2024-05-29 23:08:07'),
(605, 9, 11, 10, 38, 24, 6.5, 4, 2, '2024-05-29 23:00:33', '2024-05-29 23:07:57'),
(606, 9, 11, 10, 42, 24, 8, 3.5, 2, '2024-05-29 23:00:39', '2024-05-29 23:08:28'),
(607, 9, 11, 10, 41, 24, 8, 3.5, 2, '2024-05-29 23:00:40', '2024-05-29 23:08:41'),
(608, 9, 11, 10, 40, 27, 7.5, 2.5, 4, '2024-05-29 23:01:42', '2024-05-29 23:07:55'),
(609, 9, 11, 10, 39, 27, 8.5, 6.5, 4, '2024-05-29 23:01:45', '2024-05-29 23:08:08'),
(610, 9, 11, 10, 42, 27, 9, 1.5, 4, '2024-05-29 23:01:49', '2024-05-29 23:08:28'),
(611, 9, 11, 10, 41, 27, 6, 7.5, 4, '2024-05-29 23:01:54', '2024-05-29 23:08:41'),
(612, 9, 11, 10, 40, 8, 6.5, 7.5, 9, '2024-05-29 23:02:38', '2024-05-29 23:07:54'),
(613, 9, 11, 10, 38, 8, 6, 6.5, 9, '2024-05-29 23:02:38', '2024-05-29 23:07:57'),
(614, 9, 11, 10, 42, 8, 7, 7.5, 9, '2024-05-29 23:02:39', '2024-05-29 23:08:28'),
(615, 9, 11, 10, 39, 8, 8.6, 4.5, 9, '2024-05-29 23:02:41', '2024-05-29 23:08:07'),
(616, 9, 11, 10, 41, 8, 6, 7.5, 9, '2024-05-29 23:02:43', '2024-05-29 23:08:41'),
(617, 9, 11, 10, 40, 4, 7, 5.5, 3, '2024-05-29 23:03:53', '2024-05-29 23:07:54'),
(618, 9, 11, 10, 42, 4, 7, 7.5, 3, '2024-05-29 23:03:55', '2024-05-29 23:08:28'),
(619, 9, 11, 10, 38, 4, 6, 6.5, 3, '2024-05-29 23:03:55', '2024-05-29 23:07:57'),
(620, 9, 11, 10, 39, 4, 8.9, 1, 3, '2024-05-29 23:03:56', '2024-05-29 23:08:07'),
(621, 9, 11, 10, 41, 4, 10, 1, 3, '2024-05-29 23:04:08', '2024-05-29 23:08:41'),
(622, 9, 11, 10, 42, 6, 8, 3.5, 8, '2024-05-29 23:04:43', '2024-05-29 23:08:28'),
(623, 9, 11, 10, 40, 6, 6.5, 7.5, 8, '2024-05-29 23:05:08', '2024-05-29 23:07:54'),
(624, 9, 11, 10, 39, 6, 8.4, 9, 8, '2024-05-29 23:05:08', '2024-05-29 23:08:07'),
(625, 9, 11, 10, 38, 6, 8.5, 2, 8, '2024-05-29 23:05:14', '2024-05-29 23:07:57'),
(626, 9, 11, 10, 41, 6, 6, 7.5, 8, '2024-05-29 23:05:16', '2024-05-29 23:08:41'),
(627, 9, 11, 10, 40, 17, 5, 10, 10, '2024-05-29 23:06:15', '2024-05-29 23:07:54'),
(628, 9, 11, 10, 38, 17, 6, 6.5, 10, '2024-05-29 23:06:17', '2024-05-29 23:07:57'),
(629, 9, 11, 10, 39, 17, 8, 10, 10, '2024-05-29 23:06:18', '2024-05-29 23:08:07'),
(630, 9, 11, 10, 42, 17, 8, 3.5, 10, '2024-05-29 23:06:21', '2024-05-29 23:08:28'),
(631, 9, 11, 10, 41, 17, 6, 7.5, 10, '2024-05-29 23:06:43', '2024-05-29 23:08:41'),
(632, 9, 11, 10, 42, 18, 7, 7.5, 6, '2024-05-29 23:07:13', '2024-05-29 23:08:28'),
(633, 9, 11, 10, 39, 18, 8.5, 6.5, 6, '2024-05-29 23:07:48', '2024-05-29 23:08:07'),
(634, 9, 11, 10, 40, 18, 7.5, 2.5, 6, '2024-05-29 23:07:48', '2024-05-29 23:07:54'),
(635, 9, 11, 10, 38, 18, 7, 3, 6, '2024-05-29 23:07:49', '2024-05-29 23:07:57'),
(636, 9, 11, 10, 41, 18, 7, 5.5, 6, '2024-05-29 23:07:51', '2024-05-29 23:08:41'),
(637, 8, 8, 8, 40, 23, 5.5, 5, 4, '2024-05-29 23:23:29', '2024-05-29 23:38:19'),
(638, 8, 8, 8, 39, 23, 8.8, 2, 4, '2024-05-29 23:23:30', '2024-05-29 23:32:15'),
(639, 8, 8, 8, 42, 23, 6, 4, 4, '2024-05-29 23:23:39', '2024-05-29 23:32:22'),
(640, 8, 8, 8, 38, 23, 5, 5, 4, '2024-05-29 23:23:44', '2024-05-29 23:32:12'),
(641, 8, 8, 8, 41, 23, 8, 3, 4, '2024-05-29 23:23:45', '2024-05-29 23:38:34'),
(642, 8, 8, 8, 39, 19, 8.6, 3, 2, '2024-05-29 23:25:33', '2024-05-29 23:32:15'),
(643, 8, 8, 8, 40, 19, 7.5, 3, 2, '2024-05-29 23:25:37', '2024-05-29 23:38:19'),
(644, 8, 8, 8, 41, 19, 10, 1, 2, '2024-05-29 23:25:43', '2024-05-29 23:38:34'),
(645, 8, 8, 8, 42, 19, 7, 3, 2, '2024-05-29 23:25:51', '2024-05-29 23:32:22'),
(646, 8, 8, 8, 38, 19, 9.8, 1, 2, '2024-05-29 23:26:04', '2024-05-29 23:32:12'),
(647, 8, 8, 8, 40, 4, 6, 4, 5, '2024-05-29 23:27:44', '2024-05-29 23:38:19'),
(648, 8, 8, 8, 42, 4, 5, 5, 5, '2024-05-29 23:27:46', '2024-05-29 23:32:22'),
(649, 8, 8, 8, 38, 4, 6, 3, 5, '2024-05-29 23:27:48', '2024-05-29 23:32:12'),
(650, 8, 8, 8, 39, 4, 8.5, 4, 5, '2024-05-29 23:27:48', '2024-05-29 23:32:15'),
(651, 8, 8, 8, 41, 4, 5, 5, 5, '2024-05-29 23:27:52', '2024-05-29 23:38:34'),
(652, 8, 8, 8, 39, 24, 8.3, 5, 3, '2024-05-29 23:29:56', '2024-05-29 23:32:15'),
(653, 8, 8, 8, 42, 24, 8, 2, 3, '2024-05-29 23:29:58', '2024-05-29 23:32:22'),
(654, 8, 8, 8, 40, 24, 8.5, 1.5, 3, '2024-05-29 23:29:59', '2024-05-29 23:38:19'),
(655, 8, 8, 8, 41, 24, 6, 4, 3, '2024-05-29 23:30:03', '2024-05-29 23:38:34'),
(656, 8, 8, 8, 38, 24, 5.5, 4, 3, '2024-05-29 23:30:03', '2024-05-29 23:32:12'),
(657, 8, 8, 8, 39, 27, 8.9, 1, 1, '2024-05-29 23:32:03', '2024-05-29 23:32:15'),
(658, 8, 8, 8, 38, 27, 9.7, 2, 1, '2024-05-29 23:32:05', '2024-05-29 23:32:13'),
(659, 8, 8, 8, 40, 27, 8.5, 1.5, 1, '2024-05-29 23:32:06', '2024-05-29 23:38:19'),
(660, 8, 8, 8, 42, 27, 9, 1, 1, '2024-05-29 23:32:07', '2024-05-29 23:32:22'),
(661, 8, 8, 8, 41, 27, 9, 2, 1, '2024-05-29 23:32:07', '2024-05-29 23:38:34');

-- --------------------------------------------------------

--
-- Table structure for table `tabs_users`
--

CREATE TABLE `tabs_users` (
  `tabs_user_id` int(10) NOT NULL,
  `tabs_user_code` varchar(30) NOT NULL,
  `tabs_full_name` varchar(255) NOT NULL,
  `tabs_username` varchar(50) NOT NULL,
  `tabs_password` varchar(100) NOT NULL,
  `tabs_user_type` int(5) NOT NULL,
  `tabs_user_status` int(1) NOT NULL,
  `tabs_user_profile_img` text NOT NULL,
  `tabs_event_id` int(11) NOT NULL,
  `tabs_user_created` datetime NOT NULL,
  `tabs_user_updated` datetime NOT NULL
) ENGINE=InnoDB DEFAULT CHARSET=latin1 ROW_FORMAT=COMPACT;

--
-- Dumping data for table `tabs_users`
--

INSERT INTO `tabs_users` (`tabs_user_id`, `tabs_user_code`, `tabs_full_name`, `tabs_username`, `tabs_password`, `tabs_user_type`, `tabs_user_status`, `tabs_user_profile_img`, `tabs_event_id`, `tabs_user_created`, `tabs_user_updated`) VALUES
(1, '0', 'hotkopi', 'dev', 'gozElr3tOF4jED67gzd4r2smH2NWy83w+P89isjSSgM=', 0, 0, '', 0, '2022-08-04 00:00:00', '2022-09-04 14:24:33'),
(8, '20220804171234lPKZlLkU', 'joane may delima', 'joanemay', 'KYbhfSccmfgV6lsb1k23tk6Fz98VuKKfHX24W3k9F1Y=', 0, 0, '', 0, '2022-08-04 17:12:34', '2022-08-04 17:12:34'),
(37, '202305301957082kCstBKD', 'judge6', 'judge6', 'QtaL994MTXiJsDOu1fFHeZqzplNaLVI9k8tNeqRkWtY=', 0, 1, '', 0, '2023-05-30 19:57:08', '2023-05-30 19:57:08'),
(38, '20240529084029rf015k5T', 'KAISER BOADO', 'judge1', 'xpl+rcabt2U11NrvDwLLBEaZ/q8bVIe7WnrriBu/6l8=', 1, 0, '', 8, '2024-05-29 08:40:29', '2024-05-29 18:48:41'),
(39, '2024052908404191NFavjT', 'JAY MARIE SALAJOG', 'judge2', 'xpl+rcabt2U11NrvDwLLBEaZ/q8bVIe7WnrriBu/6l8=', 1, 0, '', 8, '2024-05-29 08:40:41', '2024-05-29 18:49:01'),
(40, '202405290840482XJbX2eY', 'MARK ANTHONY AMOLO', 'judge3', 'xpl+rcabt2U11NrvDwLLBEaZ/q8bVIe7WnrriBu/6l8=', 1, 0, '', 8, '2024-05-29 08:40:48', '2024-05-29 18:49:12'),
(41, '20240529173419KkVqlg4W', 'ATTY. MARULI SANCHEZ', 'judge4', 'xpl+rcabt2U11NrvDwLLBEaZ/q8bVIe7WnrriBu/6l8=', 1, 0, '', 8, '2024-05-29 17:34:19', '2024-05-29 18:49:33'),
(42, '20240529173425HSkx1VJU', 'PRINCESS MEJILLANA', 'judge5', 'xpl+rcabt2U11NrvDwLLBEaZ/q8bVIe7WnrriBu/6l8=', 1, 0, '', 8, '2024-05-29 17:34:25', '2024-05-29 18:49:53');

--
-- Indexes for dumped tables
--

--
-- Indexes for table `tabs_candidates`
--
ALTER TABLE `tabs_candidates`
  ADD PRIMARY KEY (`tabs_can_id`);

--
-- Indexes for table `tabs_categories`
--
ALTER TABLE `tabs_categories`
  ADD PRIMARY KEY (`tabs_cat_id`);

--
-- Indexes for table `tabs_criterias`
--
ALTER TABLE `tabs_criterias`
  ADD PRIMARY KEY (`tabs_cri_id`);

--
-- Indexes for table `tabs_events`
--
ALTER TABLE `tabs_events`
  ADD PRIMARY KEY (`tabs_event_id`);

--
-- Indexes for table `tabs_my_project`
--
ALTER TABLE `tabs_my_project`
  ADD PRIMARY KEY (`tabs_project`);

--
-- Indexes for table `tabs_notification`
--
ALTER TABLE `tabs_notification`
  ADD PRIMARY KEY (`tabs_notif_id`);

--
-- Indexes for table `tabs_results`
--
ALTER TABLE `tabs_results`
  ADD PRIMARY KEY (`tabs_result_id`);

--
-- Indexes for table `tabs_users`
--
ALTER TABLE `tabs_users`
  ADD PRIMARY KEY (`tabs_user_id`);

--
-- AUTO_INCREMENT for dumped tables
--

--
-- AUTO_INCREMENT for table `tabs_candidates`
--
ALTER TABLE `tabs_candidates`
  MODIFY `tabs_can_id` int(11) NOT NULL AUTO_INCREMENT, AUTO_INCREMENT=31;

--
-- AUTO_INCREMENT for table `tabs_categories`
--
ALTER TABLE `tabs_categories`
  MODIFY `tabs_cat_id` int(11) NOT NULL AUTO_INCREMENT, AUTO_INCREMENT=12;

--
-- AUTO_INCREMENT for table `tabs_criterias`
--
ALTER TABLE `tabs_criterias`
  MODIFY `tabs_cri_id` int(11) NOT NULL AUTO_INCREMENT, AUTO_INCREMENT=11;

--
-- AUTO_INCREMENT for table `tabs_events`
--
ALTER TABLE `tabs_events`
  MODIFY `tabs_event_id` int(11) NOT NULL AUTO_INCREMENT, AUTO_INCREMENT=10;

--
-- AUTO_INCREMENT for table `tabs_my_project`
--
ALTER TABLE `tabs_my_project`
  MODIFY `tabs_project` int(1) NOT NULL AUTO_INCREMENT, AUTO_INCREMENT=2;

--
-- AUTO_INCREMENT for table `tabs_notification`
--
ALTER TABLE `tabs_notification`
  MODIFY `tabs_notif_id` int(100) NOT NULL AUTO_INCREMENT, AUTO_INCREMENT=180;

--
-- AUTO_INCREMENT for table `tabs_results`
--
ALTER TABLE `tabs_results`
  MODIFY `tabs_result_id` int(11) NOT NULL AUTO_INCREMENT, AUTO_INCREMENT=662;

--
-- AUTO_INCREMENT for table `tabs_users`
--
ALTER TABLE `tabs_users`
  MODIFY `tabs_user_id` int(10) NOT NULL AUTO_INCREMENT, AUTO_INCREMENT=43;
COMMIT;

/*!40101 SET CHARACTER_SET_CLIENT=@OLD_CHARACTER_SET_CLIENT */;
/*!40101 SET CHARACTER_SET_RESULTS=@OLD_CHARACTER_SET_RESULTS */;
/*!40101 SET COLLATION_CONNECTION=@OLD_COLLATION_CONNECTION */;
