-- phpMyAdmin SQL Dump
-- version 4.8.3
-- https://www.phpmyadmin.net/
--
-- Host: 127.0.0.1
-- Generation Time: Oct 16, 2022 at 05:26 AM
-- Server version: 10.1.36-MariaDB
-- PHP Version: 7.0.32

SET SQL_MODE = "NO_AUTO_VALUE_ON_ZERO";
SET AUTOCOMMIT = 0;
START TRANSACTION;
SET time_zone = "+00:00";


/*!40101 SET @OLD_CHARACTER_SET_CLIENT=@@CHARACTER_SET_CLIENT */;
/*!40101 SET @OLD_CHARACTER_SET_RESULTS=@@CHARACTER_SET_RESULTS */;
/*!40101 SET @OLD_COLLATION_CONNECTION=@@COLLATION_CONNECTION */;
/*!40101 SET NAMES utf8mb4 */;

--
-- Database: `tabulation_datacenter`
--

-- --------------------------------------------------------

--
-- Table structure for table `tabs_candidates`
--

CREATE TABLE `tabs_candidates` (
  `tabs_can_id` int(11) NOT NULL,
  `tabs_can_number` int(11) NOT NULL,
  `tabs_can_name` text NOT NULL,
  `tabs_can_desc` text NOT NULL,
  `tabs_can_eliminate` int(1) NOT NULL,
  `tabs_can_created` datetime NOT NULL,
  `tabs_event_id` int(11) NOT NULL
) ENGINE=InnoDB DEFAULT CHARSET=latin1;

--
-- Dumping data for table `tabs_candidates`
--

INSERT INTO `tabs_candidates` (`tabs_can_id`, `tabs_can_number`, `tabs_can_name`, `tabs_can_desc`, `tabs_can_eliminate`, `tabs_can_created`, `tabs_event_id`) VALUES
(1, 1, 'Miss Aplaya', 'Miss Aplaya', 0, '2022-08-31 17:04:49', 5),
(2, 2, 'Miss Balabag', 'Miss Balabag', 0, '2022-08-31 17:20:42', 5),
(5, 3, 'Miss Binaton', 'Miss Binaton', 0, '2022-09-01 11:06:07', 3),
(6, 4, 'Miss Cogon', 'Miss Cogon', 0, '2022-09-01 11:06:29', 3),
(7, 5, 'Miss Colorado', 'Miss Colorado', 0, '2022-09-01 11:07:06', 3),
(8, 6, 'Miss Dawis', 'Miss Dawis', 0, '2022-09-01 11:07:25', 3),
(9, 7, 'Miss Dulangan', 'Miss Dulangan', 0, '2022-09-01 11:07:52', 3),
(10, 8, 'Miss Goma', 'Miss Goma', 0, '2022-09-01 11:08:25', 3),
(11, 9, 'Miss Igpit', 'Miss Igpit', 0, '2022-09-01 11:09:05', 3),
(12, 10, 'Miss Kapatagan', 'Miss Kapatagan', 0, '2022-09-01 11:09:29', 3),
(13, 11, 'Miss Kiagot', 'Miss Kiagot', 0, '2022-09-01 11:10:26', 3),
(14, 12, 'Miss Lungag', 'Miss Lungag', 0, '2022-09-01 11:11:03', 3),
(15, 13, 'Miss Mahayahay', 'Miss Mahayahay', 0, '2022-09-01 11:11:40', 5),
(16, 14, 'Miss Matti', 'Miss Matti', 0, '2022-09-01 11:14:10', 3),
(17, 15, 'Miss Ruparan', 'Miss Ruparan', 0, '2022-09-01 11:14:45', 3),
(18, 16, 'Miss San Agustin', 'Miss San Agustin', 0, '2022-09-01 11:15:23', 6),
(19, 19, 'Miss San Roque', 'Miss San Roque', 0, '2022-09-01 11:15:50', 6),
(20, 20, 'Miss Sinaliwan', 'Miss Sinaliwan', 0, '2022-09-01 11:16:41', 3),
(21, 21, 'Miss Soong', 'Miss Soong', 0, '2022-09-01 11:17:26', 3),
(22, 22, 'Miss Tiguman', 'Miss Tiguman', 0, '2022-09-01 11:17:44', 3),
(23, 23, 'Miss Tres de Mayo', 'Miss Tres de Mayo', 0, '2022-09-01 11:18:06', 5),
(24, 17, 'Miss San Jose', 'Miss San Jose', 0, '2022-09-01 11:24:25', 6),
(25, 18, 'Miss San Miguel', 'Miss San Miguel', 0, '2022-09-01 11:24:50', 3),
(26, 24, 'Miss Zone 1', 'Miss Zone 1', 0, '2022-09-01 11:25:12', 6),
(27, 25, 'Miss Zone 2', 'Miss Zone 2', 0, '2022-09-01 11:25:28', 6),
(28, 26, 'Miss Zone 3', 'Miss Zone 3', 0, '2022-09-01 11:25:46', 5),
(29, 1, 'Sinag #1', 'Sinag #1', 0, '2022-09-05 16:30:23', 4),
(30, 2, 'Sinag #2', 'Sinag #2', 0, '2022-09-05 16:30:42', 4),
(31, 3, 'Sinag #3', 'Sinag #3', 0, '2022-09-05 16:30:57', 7),
(32, 4, 'Sinag #4', 'Sinag #4', 0, '2022-09-05 16:31:11', 4),
(33, 5, 'Sinag #5', 'Sinag #5', 0, '2022-09-05 16:31:35', 7),
(34, 6, 'Sinag #6', 'Sinag #6', 0, '2022-09-05 16:31:50', 4),
(35, 7, 'Sinag #7', 'Sinag #7', 0, '2022-09-05 16:32:11', 4),
(36, 8, 'Sinag #8', 'Sinag #8', 0, '2022-09-05 16:32:31', 4),
(37, 9, 'Sinag #9', 'Sinag #9', 0, '2022-09-05 16:32:54', 4),
(38, 10, 'Sinag #10', 'Sinag #10', 0, '2022-09-05 16:33:41', 7),
(39, 11, 'Sinag #11', 'Sinag #11', 0, '2022-09-05 17:49:36', 4),
(40, 12, 'Sinag #12', 'Sinag #12', 0, '2022-09-05 17:49:46', 4),
(41, 13, 'Sinag #13', 'Sinag #13', 0, '2022-09-05 17:49:56', 4),
(42, 14, 'Sinag #14', 'Sinag #14', 0, '2022-09-05 17:50:07', 7),
(43, 15, 'Sinag #15', 'Sinag #15', 0, '2022-09-05 17:50:19', 7),
(45, 1, 'Mutya #1', 'Mutya #1', 0, '2022-10-13 11:35:30', 8),
(47, 2, 'Mutya #2', 'Mutya #2', 0, '2022-10-13 11:40:46', 8),
(48, 3, 'Mutya #3', 'Mutya #3', 0, '2022-10-13 16:32:15', 8),
(49, 4, 'Mutya #4', 'Mutya #4', 0, '2022-10-13 16:32:21', 8),
(50, 5, 'Mutya #5', 'Mutya #5', 0, '2022-10-13 16:32:26', 9),
(51, 6, 'Mutya #6', 'Mutya #6', 0, '2022-10-13 16:32:40', 8),
(52, 7, 'Mutya #7', 'Mutya #7', 0, '2022-10-13 16:33:00', 8),
(53, 8, 'Mutya #8', 'Mutya #8', 0, '2022-10-13 16:33:08', 9),
(54, 9, 'Mutya #9', 'Mutya #9', 0, '2022-10-13 16:33:15', 9),
(55, 10, 'Mutya #10', 'Mutya #10', 0, '2022-10-13 16:33:26', 9),
(56, 11, 'Mutya #11', 'Mutya #11', 0, '2022-10-13 16:33:33', 8),
(57, 12, 'Mutya #12', 'Mutya #12', 0, '2022-10-13 16:33:39', 9);

-- --------------------------------------------------------

--
-- Table structure for table `tabs_categories`
--

CREATE TABLE `tabs_categories` (
  `tabs_cat_id` int(11) NOT NULL,
  `tabs_cat_title` text NOT NULL,
  `tabs_cat_percentage` double NOT NULL,
  `tabs_cat_status` int(1) NOT NULL,
  `tabs_event_id` int(11) NOT NULL
) ENGINE=InnoDB DEFAULT CHARSET=latin1;

--
-- Dumping data for table `tabs_categories`
--

INSERT INTO `tabs_categories` (`tabs_cat_id`, `tabs_cat_title`, `tabs_cat_percentage`, `tabs_cat_status`, `tabs_event_id`) VALUES
(5, 'Casual / Production', 23.3, 1, 3),
(6, 'Swimwear', 23.3, 1, 3),
(7, 'Modern Filipiñana / Gown', 23.4, 1, 3),
(9, 'Closed Door Interview', 30, 1, 3),
(10, 'Festival Attire', 25, 1, 4),
(11, 'Final Interview', 100, 1, 5),
(12, 'Preliminary Interview', 100, 1, 6),
(13, 'Bikini', 25, 1, 4),
(14, 'Evening Gown', 25, 1, 4),
(15, 'Preliminary Interview', 25, 1, 4),
(16, 'Final Interview', 100, 1, 7),
(17, 'Preliminary Interview', 15, 1, 8),
(18, 'Talent Competition', 15, 1, 8),
(19, 'Departmental T-shirt Attire', 10, 1, 8),
(20, 'Free Speak', 25, 1, 8),
(21, 'Sports Attire', 10, 1, 8),
(22, 'Evening Gown', 15, 1, 8),
(23, 'Casual Wear', 10, 1, 8),
(24, 'Final Question & Answer', 100, 1, 9);

-- --------------------------------------------------------

--
-- Table structure for table `tabs_criterias`
--

CREATE TABLE `tabs_criterias` (
  `tabs_cri_id` int(11) NOT NULL,
  `tabs_cri_title` text NOT NULL,
  `tabs_cri_desc` text NOT NULL,
  `tabs_cri_score_min` int(11) NOT NULL,
  `tabs_cri_score_max` int(11) NOT NULL,
  `tabs_cri_percentage` double NOT NULL,
  `tabs_cat_id` int(11) NOT NULL
) ENGINE=InnoDB DEFAULT CHARSET=latin1;

--
-- Dumping data for table `tabs_criterias`
--

INSERT INTO `tabs_criterias` (`tabs_cri_id`, `tabs_cri_title`, `tabs_cri_desc`, `tabs_cri_score_min`, `tabs_cri_score_max`, `tabs_cri_percentage`, `tabs_cat_id`) VALUES
(3, 'Pronunciation', '', 5, 10, 0, 1),
(4, 'Delivery', '', 5, 10, 0, 1),
(5, 'Thought', '', 5, 10, 0, 1),
(7, 'Casual', 'Beauty of the face / Bearing / Poise and Projection / Suitability of the Attire', 5, 10, 100, 5),
(8, 'Modern Filipiñana ', 'Beauty of the face / Bearing / Poise and Projection / Suitability of the Attire', 5, 10, 100, 7),
(9, 'Swimwear', 'Beauty of the face / Bearing / Poise and Projection / Suitability of the Attire', 5, 10, 100, 6),
(10, 'Gown', 'Beauty of the face / Bearing / Poise and Projection / Suitability of the Attire', 5, 10, 0, 8),
(11, 'Preliminary Interview', 'Beauty of the face / Bearing / Poise and Projection / Suitability of the Attire', 5, 10, 100, 9),
(14, 'Q & A', 'Beauty / Intelligence', 5, 10, 100, 11),
(15, 'Preliminary Interview', 'Communication Skills / Content / Delivery', 5, 10, 100, 12),
(16, 'Festival Attire', 'Beauty of the face / Bearing / Poise and Projection / Suitability of the attire', 5, 10, 100, 10),
(18, 'Bikini', 'Beauty of the face / Bearing / Poise and Projection / Suitability of the attire', 5, 10, 100, 13),
(19, 'Evening Gown', 'Beauty of the face / Bearing / Poise and Projection / Suitability of the attire', 5, 10, 100, 14),
(20, 'Preliminary', 'Beauty / Intelligence', 5, 10, 100, 15),
(22, 'Final Interview Q & A', 'Beauty / Intelligence', 5, 10, 100, 16),
(23, 'Content/Substance', '', 1, 35, 35, 17),
(24, 'Spontaneity', '', 1, 30, 30, 17),
(25, 'Language Ability', '', 1, 35, 35, 17),
(26, 'Quality of the performance', 'Totality of all elements including costume, music, choreography', 1, 50, 50, 18),
(27, 'Stage Presence', 'The ability to command attention by the impressiveness of one\'s manner or appearance', 1, 20, 20, 18),
(28, 'Entertainment', '', 1, 30, 30, 18),
(29, 'Beauty of Face', '', 1, 30, 30, 19),
(30, 'Poise and Projection', '', 1, 30, 30, 19),
(31, 'Body Proportion', '', 1, 10, 10, 19),
(32, 'Concept of the T-shirt', '', 1, 30, 30, 19),
(33, 'Content/Substance', '', 1, 35, 35, 20),
(34, 'Spontaneity', '', 1, 30, 30, 20),
(35, 'Language Ability', '', 1, 35, 35, 20),
(36, 'Beauty of Face', '', 1, 30, 30, 21),
(37, 'Poise and Projection', '', 1, 20, 20, 21),
(38, 'Body Proportion', '', 1, 20, 20, 21),
(39, 'Concept of The Attire', '', 1, 30, 30, 21),
(40, 'Beauty of Face', '', 1, 30, 30, 22),
(41, 'Poise and Grace', '', 1, 30, 30, 22),
(42, 'Elegance and Sense of Style', '', 1, 40, 40, 22),
(43, 'Beauty of Face', '', 1, 30, 30, 23),
(44, 'Poise and Grace', '', 1, 30, 30, 23),
(45, 'Elegance and Sense of Style', '', 1, 40, 40, 23),
(46, 'Beauty', '', 1, 40, 40, 24),
(47, 'Wit & Intelligence', '', 1, 60, 60, 24);

-- --------------------------------------------------------

--
-- Table structure for table `tabs_events`
--

CREATE TABLE `tabs_events` (
  `tabs_event_id` int(11) NOT NULL,
  `tabs_event_title` text NOT NULL,
  `tabs_event_desc` text NOT NULL,
  `tabs_event_year` text NOT NULL,
  `tabs_event_status` int(1) NOT NULL,
  `tabs_event_eliminate` int(1) NOT NULL,
  `tabs_event_eliminate_title` text NOT NULL,
  `tabs_event_eliminate_num` int(2) NOT NULL,
  `tabs_event_scoretype` int(1) NOT NULL,
  `tabs_event_created` datetime NOT NULL,
  `tabs_event_updated` datetime NOT NULL
) ENGINE=InnoDB DEFAULT CHARSET=latin1;

--
-- Dumping data for table `tabs_events`
--

INSERT INTO `tabs_events` (`tabs_event_id`, `tabs_event_title`, `tabs_event_desc`, `tabs_event_year`, `tabs_event_status`, `tabs_event_eliminate`, `tabs_event_eliminate_title`, `tabs_event_eliminate_num`, `tabs_event_scoretype`, `tabs_event_created`, `tabs_event_updated`) VALUES
(3, 'Mutya ng Digos 2022', 'mutya ng digos 2022', '2022', 0, 0, '', 0, 0, '2022-08-31 15:57:15', '2022-09-01 10:13:02'),
(4, 'Sinag ng Digos 2022', 'sinag ng digos 2022', '2022', 0, 0, '', 0, 0, '2022-09-01 09:59:18', '2022-09-01 09:59:18'),
(5, 'Mutya ng Digos 2022 TOP 5', 'top 5', '2022', 0, 0, '', 0, 0, '2022-09-04 16:09:58', '2022-09-04 16:09:58'),
(6, 'Mutya ng Digos 2022 TOP 10', 'top 10', '2022', 0, 0, '', 0, 0, '2022-09-04 18:36:27', '2022-09-04 18:36:51'),
(7, 'Sinag ng Digos 2022 TOP 5', 'top 5', '2022', 0, 0, '', 0, 0, '2022-09-05 17:45:40', '2022-10-12 20:18:51'),
(8, 'Mutya ng UM', 'mutya ng um 2022', '2022', 1, 1, 'Mutya ng Digos Top 5', 5, 0, '2022-10-12 20:26:31', '2022-10-12 20:34:32'),
(9, 'Mutya ng UM TOP 5', 'mutya ng digos top 5', '2022', 1, 1, 'Mutya ng Digos Top 5', 5, 0, '2022-10-15 18:03:51', '2022-10-15 18:03:51');

-- --------------------------------------------------------

--
-- Table structure for table `tabs_my_project`
--

CREATE TABLE `tabs_my_project` (
  `tabs_project` int(1) NOT NULL,
  `tabs_project_name` text NOT NULL,
  `tabs_project_address` text NOT NULL,
  `tabs_system_title` text NOT NULL,
  `tabs_event_image` text NOT NULL,
  `tabs_year_origin` datetime NOT NULL
) ENGINE=InnoDB DEFAULT CHARSET=latin1 ROW_FORMAT=COMPACT;

--
-- Dumping data for table `tabs_my_project`
--

INSERT INTO `tabs_my_project` (`tabs_project`, `tabs_project_name`, `tabs_project_address`, `tabs_system_title`, `tabs_event_image`, `tabs_year_origin`) VALUES
(1, 'UM Tabulation Team', 'Digos City', '', '20221015142930_MUTYA COMMIT copy.jpg', '2022-08-31 11:27:07');

-- --------------------------------------------------------

--
-- Table structure for table `tabs_notification`
--

CREATE TABLE `tabs_notification` (
  `tabs_notif_id` int(100) NOT NULL,
  `tabs_notif_type` text NOT NULL,
  `tabs_notif_text` text NOT NULL,
  `tabs_notif_date` datetime NOT NULL
) ENGINE=InnoDB DEFAULT CHARSET=latin1 ROW_FORMAT=COMPACT;

--
-- Dumping data for table `tabs_notification`
--

INSERT INTO `tabs_notification` (`tabs_notif_id`, `tabs_notif_type`, `tabs_notif_text`, `tabs_notif_date`) VALUES
(1, 'auth', 'Login Notification by kent john', '2022-06-11 03:06:40'),
(2, 'auth', 'Login Notification by kent john', '2022-06-11 03:06:47'),
(3, 'auth', 'Login Notification by kent john', '2022-06-11 03:08:16'),
(4, 'auth', 'Logout by kent john', '2022-06-11 15:44:21'),
(5, 'auth', 'Login Attempt - asdasd', '2022-07-23 19:00:35'),
(6, 'auth', 'Login Attempt - asdad', '2022-07-23 19:00:41'),
(7, 'auth', 'Login Attempt - kjohn0319@gmail.com', '2022-07-23 19:01:11'),
(8, 'auth', 'Login Attempt - kjohn0319@gmail.com', '2022-07-23 19:01:19'),
(9, 'auth', 'Login Attempt - kjohn0319@gmail.com', '2022-07-23 19:02:40'),
(10, 'auth', 'Login - kjohn0319@gmail.com', '2022-07-23 19:06:05'),
(11, 'auth', 'Login - kjohn0319@gmail.com', '2022-07-24 14:11:33'),
(12, 'auth', 'Logout - root', '2022-07-24 14:35:43'),
(13, 'auth', 'Login - kjohn0319@gmail.com', '2022-07-24 14:35:49'),
(14, 'auth', 'Login - kjohn0319@gmail.com', '2022-07-24 16:14:54'),
(15, 'auth', 'Logout - root', '2022-07-24 16:25:05'),
(16, 'auth', 'Login - kjohn0319@gmail.com', '2022-07-24 16:28:59'),
(17, 'auth', 'Logout - root', '2022-07-24 16:29:04'),
(18, 'auth', 'Login - kjohn0319@gmail.com', '2022-07-24 16:29:17'),
(19, 'auth', 'Logout - root', '2022-07-24 16:29:20'),
(20, 'auth', 'Login - kjohn0319@gmail.com', '2022-07-24 16:30:00'),
(21, 'auth', 'Logout - root', '2022-07-24 23:16:32'),
(22, 'auth', 'Login - kjohn0319@gmail.com', '2022-07-24 23:16:38'),
(23, 'auth', 'Logout - root', '2022-07-25 00:09:23'),
(24, 'auth', 'Login Attempt - asdasd@asdasd', '2022-07-25 00:09:28'),
(25, 'auth', 'Login - kjohn0319@gmail.com', '2022-07-25 00:09:34'),
(26, 'auth', 'Logout - kjohn0319@gmail.com', '2022-07-25 00:10:12'),
(27, 'auth', 'Login - kjohn0319@gmail.com', '2022-07-25 00:10:18'),
(28, 'auth', 'Logout - kjohn0319@gmail.com', '2022-07-25 00:11:34'),
(29, 'attempt', 'Login Attempt - kjohn0319@gmail.com', '2022-07-25 00:11:39'),
(30, 'attempt', 'Login Attempt - kjohn0319@gmail.com', '2022-07-25 00:11:42'),
(31, 'auth', 'Login - kjohn0319@gmail.com', '2022-07-25 00:11:46'),
(32, 'auth', 'Login - kjohn0319@gmail.com', '2022-08-03 22:49:41'),
(33, 'auth', 'Logout - kjohn0319@gmail.com', '2022-08-03 22:51:47'),
(34, 'auth', 'Login - kjohn0319@gmail.com', '2022-08-03 22:52:20'),
(35, 'auth', 'Login - kjohn0319@gmail.com', '2022-08-04 14:51:12'),
(36, 'attempt', 'Login Attempt - kjohn0319@gmail.com', '2022-08-04 16:50:35'),
(37, 'attempt', 'Login Attempt - kjohn0319@gmail.com', '2022-08-04 16:50:44'),
(38, 'attempt', 'Login Attempt - kjohn0319@gmail.com', '2022-08-04 16:51:16'),
(39, 'auth', 'Login - kjohn0319@gmail.com', '2022-08-04 16:51:29'),
(40, 'auth', 'Logout - kjohn0319@gmail.com', '2022-08-04 17:49:06'),
(41, 'attempt', 'Login Attempt - 1', '2022-08-06 00:07:13'),
(42, 'attempt', 'Login Attempt - 1', '2022-08-06 00:07:18'),
(43, 'attempt', 'Login Attempt - 1', '2022-08-06 00:07:35'),
(44, 'attempt', 'Login Attempt - 1', '2022-08-06 00:12:12'),
(45, 'auth', 'Login - kjohn0319@gmail.com', '2022-08-06 00:13:05'),
(46, 'auth', 'Logout - kjohn0319@gmail.com', '2022-08-06 00:14:19'),
(47, 'auth', 'Login - kjohn0319@gmail.com', '2022-08-06 00:14:24'),
(48, 'auth', 'Logout - kjohn0319@gmail.com', '2022-08-06 00:49:18'),
(49, 'auth', 'Login - kjohn0319@gmail.com', '2022-08-06 13:22:54'),
(50, 'auth', 'Logout - kjohn0319@gmail.com', '2022-08-06 13:28:58'),
(51, 'attempt', 'Login Attempt - kjohnk0319@gmail.com', '2022-08-31 12:40:38'),
(52, 'auth', 'Login - kjohn0319@gmail.com', '2022-08-31 12:40:48'),
(53, 'auth', 'Login - kjohn0319@gmail.com', '2022-08-31 12:41:46'),
(54, 'auth', 'Login - kjohn0319@gmail.com', '2022-08-31 13:22:40'),
(55, 'auth', 'Login - kjohn0319@gmail.com', '2022-08-31 14:27:03'),
(56, 'auth', 'Logout - ', '2022-08-31 15:00:31'),
(57, 'auth', 'Logout - ', '2022-08-31 15:02:36'),
(58, 'auth', 'Login - kjohn0319@gmail.com', '2022-08-31 15:03:41'),
(59, 'auth', 'Login - kjohn0319@gmail.com', '2022-08-31 15:04:54'),
(60, 'auth', 'Logout - kjohn0319@gmail.com', '2022-08-31 15:04:55'),
(61, 'attempt', 'Login Attempt - kjohn0319@gmail.com', '2022-08-31 15:08:03'),
(62, 'auth', 'Login - kjohn0319@gmail.com', '2022-08-31 15:08:11'),
(63, 'auth', 'Logout - kjohn0319@gmail.com', '2022-08-31 15:12:25'),
(64, 'auth', 'Login - kjohn0319@gmail.com', '2022-08-31 15:12:41'),
(65, 'auth', 'Logout - kjohn0319@gmail.com', '2022-08-31 15:46:55'),
(66, 'auth', 'Login - kjohn0319@gmail.com', '2022-08-31 16:00:46'),
(67, 'auth', 'Login - kjohn0319@gmail.com', '2022-08-31 19:20:21'),
(68, 'auth', 'Login - kjohn0319@gmail.com', '2022-08-31 21:56:43'),
(69, 'auth', 'Logout - kjohn0319@gmail.com', '2022-09-01 09:58:15'),
(70, 'auth', 'Login - kjohn0319@gmail.com', '2022-09-01 09:58:38'),
(71, 'auth', 'Login - kjohn0319@gmail.com', '2022-09-01 09:59:17'),
(72, 'auth', 'Logout - kjohn0319@gmail.com', '2022-09-01 10:01:07'),
(73, 'auth', 'Login - joanemay', '2022-09-01 10:01:52'),
(74, 'auth', 'Logout - joanemay', '2022-09-01 10:05:41'),
(75, 'auth', 'Login - joanemay', '2022-09-01 10:05:50'),
(76, 'auth', 'Logout - joanemay', '2022-09-01 10:05:54'),
(77, 'auth', 'Login - kjohn0319@gmail.com', '2022-09-01 10:06:00'),
(78, 'auth', 'Logout - kjohn0319@gmail.com', '2022-09-01 10:07:42'),
(79, 'auth', 'Login - judge1', '2022-09-01 10:07:55'),
(80, 'auth', 'Login - kjohn0319@gmail.com', '2022-09-01 10:15:48'),
(81, 'auth', 'Login - kjohn0319@gmail.com', '2022-09-01 10:18:30'),
(82, 'auth', 'Logout - kjohn0319@gmail.com', '2022-09-01 15:31:40'),
(83, 'attempt', 'Login Attempt - judge2', '2022-09-01 15:31:50'),
(84, 'auth', 'Login - kjohn0319@gmail.com', '2022-09-01 15:32:17'),
(85, 'auth', 'Logout - kjohn0319@gmail.com', '2022-09-01 15:32:46'),
(86, 'auth', 'Login - judge2', '2022-09-01 15:32:54'),
(87, 'auth', 'Logout - judge2', '2022-09-01 16:14:13'),
(88, 'attempt', 'Login Attempt - judge3', '2022-09-01 16:14:26'),
(89, 'attempt', 'Login Attempt - judge 3', '2022-09-01 16:14:37'),
(90, 'attempt', 'Login Attempt - judge3', '2022-09-01 16:14:46'),
(91, 'auth', 'Login - kjohn0319@gmail.com', '2022-09-01 16:14:55'),
(92, 'auth', 'Logout - kjohn0319@gmail.com', '2022-09-01 16:15:17'),
(93, 'auth', 'Login - judge3', '2022-09-01 16:15:23'),
(94, 'auth', 'Login - kjohn0319@gmail.com', '2022-09-02 08:37:09'),
(95, 'auth', 'Login - kjohn0319@gmail.com', '2022-09-02 08:40:03'),
(96, 'auth', 'Login - kjohn0319@gmail.com', '2022-09-02 09:06:27'),
(97, 'attempt', 'Login Attempt - judge1', '2022-09-02 13:33:38'),
(98, 'auth', 'Login - judge1', '2022-09-02 13:33:46'),
(99, 'auth', 'Logout - judge1', '2022-09-02 14:01:10'),
(100, 'auth', 'Login - judge1', '2022-09-02 14:02:44'),
(101, 'auth', 'Login - judge1', '2022-09-02 14:17:06'),
(102, 'auth', 'Logout - judge1', '2022-09-02 14:17:12'),
(103, 'attempt', 'Login Attempt - judge5', '2022-09-02 14:17:32'),
(104, 'attempt', 'Login Attempt - judge5', '2022-09-02 14:20:44'),
(105, 'attempt', 'Login Attempt - judge5', '2022-09-02 14:20:58'),
(106, 'auth', 'Login - judge1', '2022-09-02 14:20:59'),
(107, 'auth', 'Login - judge4', '2022-09-02 14:21:09'),
(108, 'auth', 'Logout - judge4', '2022-09-02 14:21:35'),
(109, 'attempt', 'Login Attempt - judge5', '2022-09-02 14:21:46'),
(110, 'auth', 'Login - judge3', '2022-09-02 14:21:52'),
(111, 'auth', 'Login - judge1', '2022-09-02 14:24:06'),
(112, 'auth', 'Login - judge3', '2022-09-02 14:24:13'),
(113, 'attempt', 'Login Attempt - judge5', '2022-09-02 14:24:14'),
(114, 'auth', 'Login - judge2', '2022-09-02 14:24:19'),
(115, 'attempt', 'Login Attempt - judge5', '2022-09-02 14:24:23'),
(116, 'auth', 'Login - kjohn0319@gmail.com', '2022-09-02 14:24:34'),
(117, 'auth', 'Login - judge4', '2022-09-02 14:24:34'),
(118, 'attempt', 'Login Attempt - judge5', '2022-09-02 14:24:39'),
(119, 'attempt', 'Login Attempt - judge5', '2022-09-02 14:24:54'),
(120, 'attempt', 'Login Attempt - judge5', '2022-09-02 14:25:14'),
(121, 'auth', 'Login - judge5', '2022-09-02 14:25:38'),
(122, 'auth', 'Login - kjohn0319@gmail.com', '2022-09-02 14:30:20'),
(123, 'attempt', 'Login Attempt - judge6', '2022-09-02 14:57:53'),
(124, 'attempt', 'Login Attempt - admin', '2022-09-02 14:58:02'),
(125, 'attempt', 'Login Attempt - admin', '2022-09-02 14:58:53'),
(126, 'auth', 'Login - judge2', '2022-09-02 15:27:32'),
(127, 'auth', 'Logout - judge1', '2022-09-02 15:51:57'),
(128, 'auth', 'Logout - judge2', '2022-09-02 15:51:57'),
(129, 'auth', 'Login - kjohn0319@gmail.com', '2022-09-03 10:51:41'),
(130, 'auth', 'Logout - kjohn0319@gmail.com', '2022-09-03 11:49:42'),
(131, 'auth', 'Login - judge1', '2022-09-03 11:50:02'),
(132, 'auth', 'Login - kjohn0319@gmail.com', '2022-09-03 11:53:09'),
(133, 'auth', 'Logout - judge1', '2022-09-03 12:15:23'),
(134, 'auth', 'Login - kjohn0319@gmail.com', '2022-09-03 12:36:50'),
(135, 'auth', 'Logout - kjohn0319@gmail.com', '2022-09-03 12:56:27'),
(136, 'auth', 'Login - kjohn0319@gmail.com', '2022-09-03 12:56:34'),
(137, 'auth', 'Logout - kjohn0319@gmail.com', '2022-09-03 12:56:52'),
(138, 'attempt', 'Login Attempt - judge1', '2022-09-03 12:56:59'),
(139, 'auth', 'Login - judge1', '2022-09-03 12:57:07'),
(140, 'auth', 'Logout - kjohn0319@gmail.com', '2022-09-03 13:12:06'),
(141, 'auth', 'Login - judge1', '2022-09-03 13:12:12'),
(142, 'auth', 'Logout - judge1', '2022-09-03 15:24:56'),
(143, 'auth', 'Login - kjohn0319@gmail.com', '2022-09-03 15:25:48'),
(144, 'auth', 'Logout - judge1', '2022-09-03 17:16:31'),
(145, 'auth', 'Logout - kjohn0319@gmail.com', '2022-09-03 17:53:00'),
(146, 'attempt', 'Login Attempt - dev', '2022-09-04 14:23:54'),
(147, 'attempt', 'Login Attempt - dev', '2022-09-04 14:23:58'),
(148, 'attempt', 'Login Attempt - dev', '2022-09-04 14:24:06'),
(149, 'auth', 'Login - kjohn0319@gmail.com', '2022-09-04 14:24:19'),
(150, 'auth', 'Logout - dev', '2022-09-04 14:35:45'),
(151, 'auth', 'Login - dev', '2022-09-04 15:36:56'),
(152, 'auth', 'Logout - dev', '2022-09-04 16:08:14'),
(153, 'auth', 'Login - judge1', '2022-09-04 16:08:21'),
(154, 'auth', 'Logout - judge1', '2022-09-04 16:08:38'),
(155, 'attempt', 'Login Attempt - judge1', '2022-09-04 16:08:47'),
(156, 'auth', 'Login - judge1', '2022-09-04 16:08:50'),
(157, 'auth', 'Logout - judge1', '2022-09-04 16:09:09'),
(158, 'auth', 'Login - dev', '2022-09-04 16:09:16'),
(159, 'auth', 'Logout - dev', '2022-09-04 16:11:38'),
(160, 'attempt', 'Login Attempt - judge101', '2022-09-04 16:11:44'),
(161, 'auth', 'Login - dev', '2022-09-04 16:11:50'),
(162, 'auth', 'Logout - dev', '2022-09-04 16:12:04'),
(163, 'attempt', 'Login Attempt - judge101', '2022-09-04 16:12:10'),
(164, 'auth', 'Login - judge101', '2022-09-04 16:12:15'),
(165, 'auth', 'Logout - Judge101', '2022-09-04 16:12:26'),
(166, 'auth', 'Login - dev', '2022-09-04 16:12:40'),
(167, 'auth', 'Login - dev', '2022-09-04 17:01:56'),
(168, 'auth', 'Login - judge4', '2022-09-04 17:20:43'),
(169, 'auth', 'Logout - dev', '2022-09-04 17:20:51'),
(170, 'auth', 'Logout - judge4', '2022-09-04 17:20:56'),
(171, 'attempt', 'Login Attempt - judge1', '2022-09-04 17:21:13'),
(172, 'auth', 'Login - judge1', '2022-09-04 17:21:17'),
(173, 'auth', 'Login - judge3', '2022-09-04 17:21:36'),
(174, 'auth', 'Logout - judge3', '2022-09-04 17:21:58'),
(175, 'auth', 'Login - dev', '2022-09-04 17:22:14'),
(176, 'auth', 'Logout - judge3', '2022-09-04 17:22:26'),
(177, 'auth', 'Logout - judge1', '2022-09-04 17:23:33'),
(178, 'auth', 'Login - dev', '2022-09-04 17:51:09'),
(179, 'auth', 'Logout - dev', '2022-09-04 17:52:21'),
(180, 'auth', 'Login - judge1', '2022-09-04 17:52:30'),
(181, 'auth', 'Logout - judge1', '2022-09-04 17:52:41'),
(182, 'auth', 'Login - judge4', '2022-09-04 17:52:53'),
(183, 'auth', 'Logout - judge4', '2022-09-04 17:53:04'),
(184, 'auth', 'Login - judge1', '2022-09-04 17:53:25'),
(185, 'auth', 'Login - judge4', '2022-09-04 17:53:39'),
(186, 'attempt', 'Login Attempt - judge2', '2022-09-04 17:53:46'),
(187, 'auth', 'Login - judge2', '2022-09-04 17:53:51'),
(188, 'auth', 'Login - judge5', '2022-09-04 17:54:00'),
(189, 'auth', 'Login - judge3', '2022-09-04 17:54:02'),
(190, 'auth', 'Logout - judge5', '2022-09-04 17:55:21'),
(191, 'auth', 'Login - judge1', '2022-09-04 17:55:30'),
(192, 'auth', 'Logout - judge3', '2022-09-04 17:55:33'),
(193, 'auth', 'Logout - judge4', '2022-09-04 17:55:42'),
(194, 'auth', 'Login - judge5', '2022-09-04 17:56:10'),
(195, 'auth', 'Login - judge4', '2022-09-04 17:56:42'),
(196, 'auth', 'Logout - judge1', '2022-09-04 17:58:32'),
(197, 'auth', 'Login - dev', '2022-09-04 17:58:43'),
(198, 'auth', 'Login - judge3', '2022-09-04 17:58:45'),
(199, 'auth', 'Logout - dev', '2022-09-04 17:59:03'),
(200, 'auth', 'Login - dev', '2022-09-04 18:02:00'),
(201, 'auth', 'Login - Judge3', '2022-09-04 18:05:12'),
(202, 'auth', 'Login - judge2', '2022-09-04 18:05:13'),
(203, 'auth', 'Login - judge1', '2022-09-04 18:06:30'),
(204, 'auth', 'Login - judge2', '2022-09-04 18:10:07'),
(205, 'auth', 'Login - dev', '2022-09-04 18:51:22'),
(206, 'auth', 'Logout - dev', '2022-09-04 18:53:46'),
(207, 'auth', 'Login - dev', '2022-09-04 19:44:25'),
(208, 'auth', 'Login - judge5', '2022-09-04 20:46:52'),
(209, 'auth', 'Login - judge5', '2022-09-04 20:50:02'),
(210, 'auth', 'Login - dev', '2022-09-04 21:41:01'),
(211, 'auth', 'Login - judge1', '2022-09-04 21:52:25'),
(212, 'auth', 'Logout - judge1', '2022-09-04 21:54:10'),
(213, 'auth', 'Login - judge1', '2022-09-04 22:23:09'),
(214, 'auth', 'Logout - judge1', '2022-09-04 22:23:31'),
(215, 'auth', 'Login - judge4', '2022-09-04 22:44:52'),
(216, 'auth', 'Logout - judge5', '2022-09-04 22:47:13'),
(217, 'auth', 'Login - judge1', '2022-09-04 22:47:38'),
(218, 'auth', 'Logout - judge2', '2022-09-04 22:48:32'),
(219, 'auth', 'Login - judge3', '2022-09-04 22:48:42'),
(220, 'auth', 'Logout - judge1', '2022-09-04 22:53:52'),
(221, 'auth', 'Login - judge5', '2022-09-04 22:54:21'),
(222, 'auth', 'Login - dev', '2022-09-05 12:46:17'),
(223, 'auth', 'Logout - dev', '2022-09-05 12:51:55'),
(224, 'auth', 'Login - dev', '2022-09-05 15:03:03'),
(225, 'auth', 'Logout - dev', '2022-09-05 15:03:48'),
(226, 'auth', 'Login - dev', '2022-09-05 15:06:23'),
(227, 'auth', 'Login - dev', '2022-09-05 15:07:44'),
(228, 'auth', 'Logout - dev', '2022-09-05 15:08:16'),
(229, 'auth', 'Logout - dev', '2022-09-05 15:08:31'),
(230, 'auth', 'Login - dev', '2022-09-05 15:57:38'),
(231, 'auth', 'Login - dev', '2022-09-05 16:11:02'),
(232, 'auth', 'Logout - judge5', '2022-09-05 16:13:52'),
(233, 'auth', 'Login - dev', '2022-09-05 16:14:53'),
(234, 'auth', 'Logout - dev', '2022-09-05 16:15:16'),
(235, 'auth', 'Login - dev', '2022-09-05 16:15:33'),
(236, 'auth', 'Logout - judge3', '2022-09-05 16:15:59'),
(237, 'auth', 'Logout - dev', '2022-09-05 16:17:19'),
(238, 'auth', 'Login - judge3', '2022-09-05 16:26:50'),
(239, 'attempt', 'Login Attempt - 102', '2022-09-05 16:26:58'),
(240, 'attempt', 'Login Attempt - judge102', '2022-09-05 16:27:11'),
(241, 'auth', 'Logout - judge3', '2022-09-05 16:27:16'),
(242, 'auth', 'Login - judge103', '2022-09-05 16:27:50'),
(243, 'auth', 'Login - judge102', '2022-09-05 16:28:10'),
(244, 'auth', 'Login - judge101', '2022-09-05 16:28:26'),
(245, 'auth', 'Login - judge104', '2022-09-05 16:37:23'),
(246, 'auth', 'Login - dev', '2022-09-05 17:34:57'),
(247, 'auth', 'Logout - Judge102', '2022-09-05 17:41:58'),
(248, 'auth', 'Logout - Judge101', '2022-09-05 17:42:12'),
(249, 'auth', 'Logout - dev', '2022-09-05 17:42:22'),
(250, 'auth', 'Login - dev', '2022-09-05 17:42:33'),
(251, 'auth', 'Login - judge101', '2022-09-05 17:42:33'),
(252, 'auth', 'Logout - Judge103', '2022-09-05 17:42:45'),
(253, 'auth', 'Login - judge102', '2022-09-05 17:42:49'),
(254, 'auth', 'Logout - Judge103', '2022-09-05 17:42:57'),
(255, 'auth', 'Logout - dev', '2022-09-05 17:55:00'),
(256, 'auth', 'Login - judge1', '2022-09-05 17:55:08'),
(257, 'auth', 'Logout - judge1', '2022-09-05 17:55:20'),
(258, 'auth', 'Login - dev', '2022-09-05 17:55:29'),
(259, 'auth', 'Login - Judge105', '2022-09-05 17:56:03'),
(260, 'auth', 'Logout - Judge102', '2022-09-05 17:56:52'),
(261, 'auth', 'Logout - Judge101', '2022-09-05 18:02:42'),
(262, 'auth', 'Login - judge103', '2022-09-05 18:04:26'),
(263, 'auth', 'Login - judge101', '2022-09-05 18:04:29'),
(264, 'auth', 'Logout - Judge101', '2022-09-05 18:04:37'),
(265, 'auth', 'Login - judge102', '2022-09-05 18:04:48'),
(266, 'auth', 'Logout - Judge102', '2022-09-05 18:04:58'),
(267, 'auth', 'Login - judge104', '2022-09-05 18:05:09'),
(268, 'auth', 'Login - judge101', '2022-09-05 18:05:12'),
(269, 'auth', 'Logout - Judge104', '2022-09-05 18:05:13'),
(270, 'auth', 'Logout - Judge101', '2022-09-05 18:05:19'),
(271, 'auth', 'Login - judge102', '2022-09-05 18:05:23'),
(272, 'auth', 'Login - judge104', '2022-09-05 18:05:27'),
(273, 'auth', 'Login - judge103', '2022-09-05 18:05:28'),
(274, 'auth', 'Logout - Judge103', '2022-09-05 18:05:35'),
(275, 'auth', 'Login - judge101', '2022-09-05 18:05:44'),
(276, 'auth', 'Login - judge105', '2022-09-05 18:05:48'),
(277, 'auth', 'Logout - dev', '2022-10-12 20:34:14'),
(278, 'auth', 'Login - dev', '2022-10-12 20:34:24'),
(279, 'auth', 'Login - johngates', '2022-10-13 11:38:32'),
(280, 'auth', 'Login - dev', '2022-10-13 12:09:28'),
(281, 'auth', 'Logout - dev', '2022-10-13 12:09:36'),
(282, 'auth', 'Login - dev', '2022-10-13 12:45:01'),
(283, 'auth', 'Login - dev', '2022-10-13 13:27:45'),
(284, 'auth', 'Login - dev', '2022-10-13 13:27:52'),
(285, 'auth', 'Login - dev', '2022-10-13 13:27:56'),
(286, 'auth', 'Login - dev', '2022-10-13 13:28:00'),
(287, 'auth', 'Login - dev', '2022-10-13 13:28:15'),
(288, 'auth', 'Login - dev', '2022-10-13 13:28:31'),
(289, 'auth', 'Login - dev', '2022-10-13 13:28:36'),
(290, 'auth', 'Login - dev', '2022-10-13 13:29:26'),
(291, 'auth', 'Login - dev', '2022-10-13 13:30:32'),
(292, 'auth', 'Login - johngates', '2022-10-13 13:59:31'),
(293, 'auth', 'Logout - johngates', '2022-10-13 15:04:20'),
(294, 'auth', 'Logout - dev', '2022-10-13 15:39:11'),
(295, 'attempt', 'Login Attempt - dev', '2022-10-13 15:39:23'),
(296, 'auth', 'Login - dev', '2022-10-13 15:39:27'),
(297, 'auth', 'Login - umjudge1', '2022-10-13 16:35:28'),
(298, 'auth', 'Login - umjudge4', '2022-10-13 16:35:29'),
(299, 'auth', 'Login - umjudge5', '2022-10-13 16:35:30'),
(300, 'auth', 'Login - umjudge3', '2022-10-13 16:35:30'),
(301, 'auth', 'Login - umjudge2', '2022-10-13 16:35:31'),
(302, 'attempt', 'Login Attempt - umjudge1', '2022-10-13 16:47:52'),
(303, 'auth', 'Login - umjudge1', '2022-10-13 16:47:56'),
(304, 'auth', 'Login - umjudge1', '2022-10-13 16:56:33'),
(305, 'auth', 'Logout - umjudge2', '2022-10-13 17:01:04'),
(306, 'auth', 'Logout - umjudge1', '2022-10-13 17:01:10'),
(307, 'auth', 'Logout - umjudge5', '2022-10-13 17:01:57'),
(308, 'auth', 'Logout - dev', '2022-10-14 13:24:13'),
(309, 'auth', 'Login - dev', '2022-10-14 13:24:19'),
(310, 'auth', 'Logout - dev', '2022-10-14 13:28:35'),
(311, 'auth', 'Login - umjudge1', '2022-10-14 13:29:04'),
(312, 'auth', 'Logout - umjudge1', '2022-10-14 20:47:01'),
(313, 'auth', 'Login - dev', '2022-10-14 20:47:11'),
(314, 'auth', 'Logout - dev', '2022-10-14 20:49:00'),
(315, 'attempt', 'Login Attempt - umjudge1', '2022-10-14 20:49:06'),
(316, 'auth', 'Login - umjudge1', '2022-10-14 20:49:10'),
(317, 'auth', 'Logout - umjudge1', '2022-10-14 23:51:01'),
(318, 'auth', 'Logout - umjudge1', '2022-10-14 23:51:04'),
(319, 'auth', 'Login - dev', '2022-10-14 23:51:12'),
(320, 'auth', 'Login - umjudge1', '2022-10-14 23:51:48'),
(321, 'auth', 'Logout - dev', '2022-10-14 23:53:15'),
(322, 'attempt', 'Login Attempt - umjudge1', '2022-10-14 23:53:21'),
(323, 'auth', 'Login - umjudge1', '2022-10-14 23:53:24'),
(324, 'auth', 'Logout - umjudge1', '2022-10-15 00:45:36'),
(325, 'auth', 'Logout - umjudge1', '2022-10-15 00:45:39'),
(326, 'auth', 'Login - dev', '2022-10-15 00:45:46'),
(327, 'attempt', 'Login Attempt - umjudge1', '2022-10-15 00:54:55'),
(328, 'auth', 'Login - umjudge1', '2022-10-15 00:54:58'),
(329, 'auth', 'Login - dev', '2022-10-15 09:48:58'),
(330, 'auth', 'Logout - dev', '2022-10-15 09:49:06'),
(331, 'auth', 'Login - umjudge1', '2022-10-15 09:49:15'),
(332, 'auth', 'Logout - umjudge1', '2022-10-15 09:50:45'),
(333, 'auth', 'Logout - umjudge1', '2022-10-15 09:50:49'),
(334, 'auth', 'Login - dev', '2022-10-15 09:50:55'),
(335, 'auth', 'Login - umjudge1', '2022-10-15 09:57:20'),
(336, 'auth', 'Login - umjudge1', '2022-10-15 10:47:01'),
(337, 'attempt', 'Login Attempt - judge2', '2022-10-15 10:52:48'),
(338, 'attempt', 'Login Attempt - judge2', '2022-10-15 10:53:10'),
(339, 'auth', 'Login - umjudge3', '2022-10-15 10:53:33'),
(340, 'attempt', 'Login Attempt - judge2', '2022-10-15 10:53:35'),
(341, 'attempt', 'Login Attempt - judge2', '2022-10-15 10:53:43'),
(342, 'attempt', 'Login Attempt - judge2', '2022-10-15 10:53:57'),
(343, 'auth', 'Login - umjudge2', '2022-10-15 10:54:16'),
(344, 'auth', 'Login - judge4', '2022-10-15 11:04:20'),
(345, 'auth', 'Logout - judge4', '2022-10-15 11:05:25'),
(346, 'auth', 'Login - judge4', '2022-10-15 11:05:54'),
(347, 'auth', 'Logout - judge4', '2022-10-15 11:06:51'),
(348, 'auth', 'Login - judge1', '2022-10-15 11:06:58'),
(349, 'auth', 'Logout - judge1', '2022-10-15 11:07:02'),
(350, 'auth', 'Login - judge2', '2022-10-15 11:07:08'),
(351, 'auth', 'Logout - judge2', '2022-10-15 11:07:51'),
(352, 'auth', 'Login - umjudge4', '2022-10-15 11:08:03'),
(353, 'auth', 'Login - umjudge1', '2022-10-15 13:38:39'),
(354, 'auth', 'Login - umjudge2', '2022-10-15 14:34:50'),
(355, 'auth', 'Login - umjudge1', '2022-10-15 14:34:59'),
(356, 'auth', 'Login - UmJudge3', '2022-10-15 14:35:05'),
(357, 'attempt', 'Login Attempt - umjudge1', '2022-10-15 14:46:38'),
(358, 'attempt', 'Login Attempt - umjudge1', '2022-10-15 14:46:41'),
(359, 'auth', 'Login - umjudge1', '2022-10-15 14:46:46'),
(360, 'auth', 'Logout - umjudge1', '2022-10-15 14:50:54'),
(361, 'auth', 'Logout - umjudge1', '2022-10-15 14:50:58'),
(362, 'auth', 'Login - dev', '2022-10-15 15:03:06'),
(363, 'auth', 'Login - umjudge2', '2022-10-15 15:07:40'),
(364, 'auth', 'Logout - dev', '2022-10-15 16:01:33'),
(365, 'auth', 'Logout - dev', '2022-10-15 16:01:37'),
(366, 'auth', 'Login - dev', '2022-10-15 17:53:01'),
(367, 'auth', 'Login - umjudge3', '2022-10-15 18:03:20'),
(368, 'auth', 'Login - umjudge2', '2022-10-15 18:04:54'),
(369, 'auth', 'Login - umjudge4', '2022-10-15 18:05:32'),
(370, 'auth', 'Logout - umjudge3', '2022-10-15 18:05:36'),
(371, 'auth', 'Login - umjudge1', '2022-10-15 18:05:49'),
(372, 'auth', 'Logout - umjudge4', '2022-10-15 18:07:05'),
(373, 'auth', 'Login - umjudge5', '2022-10-15 18:07:20'),
(374, 'auth', 'Login - umjudge3', '2022-10-15 18:07:49'),
(375, 'auth', 'Login - umjudge4', '2022-10-15 18:07:55'),
(376, 'auth', 'Login - umjudge2', '2022-10-15 18:10:47');

-- --------------------------------------------------------

--
-- Table structure for table `tabs_results`
--

CREATE TABLE `tabs_results` (
  `tabs_result_id` int(11) NOT NULL,
  `tabs_event_id` int(11) NOT NULL,
  `tabs_cat_id` int(11) NOT NULL,
  `tabs_cri_id` int(11) NOT NULL,
  `tabs_user_id` int(11) NOT NULL,
  `tabs_can_id` int(11) NOT NULL,
  `tabs_result_score` double NOT NULL,
  `tabs_result_created` datetime NOT NULL,
  `tabs_result_updated` datetime NOT NULL
) ENGINE=InnoDB DEFAULT CHARSET=latin1;

--
-- Dumping data for table `tabs_results`
--

INSERT INTO `tabs_results` (`tabs_result_id`, `tabs_event_id`, `tabs_cat_id`, `tabs_cri_id`, `tabs_user_id`, `tabs_can_id`, `tabs_result_score`, `tabs_result_created`, `tabs_result_updated`) VALUES
(705, 3, 9, 11, 13, 1, 9.3, '2022-09-04 18:06:56', '2022-09-04 18:06:56'),
(706, 3, 9, 11, 14, 1, 8.9, '2022-09-04 18:07:02', '2022-09-04 18:07:02'),
(707, 3, 9, 11, 14, 2, 8.3, '2022-09-04 18:07:20', '2022-09-04 18:07:20'),
(708, 3, 9, 11, 14, 5, 8.5, '2022-09-04 18:07:33', '2022-09-04 18:07:33'),
(709, 3, 9, 11, 9, 1, 9.3, '2022-09-04 18:07:41', '2022-09-04 18:07:41'),
(710, 3, 9, 11, 14, 6, 8.2, '2022-09-04 18:07:50', '2022-09-04 18:07:50'),
(711, 3, 9, 11, 13, 2, 9.1, '2022-09-04 18:08:21', '2022-09-04 18:08:21'),
(712, 3, 9, 11, 14, 7, 8, '2022-09-04 18:08:25', '2022-09-04 18:08:25'),
(713, 3, 9, 11, 9, 2, 9.7, '2022-09-04 18:08:29', '2022-09-04 18:08:29'),
(714, 3, 9, 11, 14, 8, 8.1, '2022-09-04 18:08:34', '2022-09-04 18:08:34'),
(715, 3, 9, 11, 14, 9, 8.3, '2022-09-04 18:08:44', '2022-09-04 18:08:44'),
(716, 3, 9, 11, 9, 5, 9.1, '2022-09-04 18:08:53', '2022-09-04 18:08:53'),
(717, 3, 9, 11, 14, 10, 7.5, '2022-09-04 18:08:57', '2022-09-04 18:08:57'),
(718, 3, 9, 11, 13, 5, 9.1, '2022-09-04 18:09:00', '2022-09-04 18:09:00'),
(719, 3, 9, 11, 9, 6, 9.1, '2022-09-04 18:09:03', '2022-09-04 18:09:03'),
(720, 3, 9, 11, 14, 11, 7.8, '2022-09-04 18:09:07', '2022-09-04 18:09:07'),
(721, 3, 9, 11, 13, 6, 8.9, '2022-09-04 18:09:15', '2022-09-04 18:09:22'),
(722, 3, 9, 11, 14, 12, 9, '2022-09-04 18:09:18', '2022-09-04 18:09:18'),
(723, 3, 9, 11, 9, 7, 9.2, '2022-09-04 18:09:27', '2022-09-04 18:09:27'),
(724, 3, 9, 11, 14, 13, 7, '2022-09-04 18:09:31', '2022-09-04 18:09:31'),
(725, 3, 9, 11, 13, 7, 8.3, '2022-09-04 18:09:41', '2022-09-04 18:09:45'),
(726, 3, 9, 11, 14, 14, 8.8, '2022-09-04 18:09:43', '2022-09-04 18:09:43'),
(727, 3, 9, 11, 9, 8, 8.9, '2022-09-04 18:09:45', '2022-09-04 18:09:45'),
(728, 3, 9, 11, 14, 15, 8.1, '2022-09-04 18:09:54', '2022-09-04 18:09:54'),
(729, 3, 9, 11, 14, 16, 8.25, '2022-09-04 18:10:04', '2022-09-04 18:10:04'),
(730, 3, 9, 11, 9, 9, 8.9, '2022-09-04 18:10:05', '2022-09-04 18:10:05'),
(731, 3, 9, 11, 13, 8, 8.8, '2022-09-04 18:10:05', '2022-09-04 18:10:05'),
(732, 3, 9, 11, 13, 9, 9.1, '2022-09-04 18:10:15', '2022-09-04 18:10:15'),
(733, 3, 9, 11, 14, 17, 7.4, '2022-09-04 18:10:16', '2022-09-04 18:10:16'),
(734, 3, 9, 11, 13, 10, 8.3, '2022-09-04 18:10:22', '2022-09-04 18:10:33'),
(735, 3, 9, 11, 9, 10, 8.9, '2022-09-04 18:10:23', '2022-09-04 18:10:23'),
(736, 3, 9, 11, 14, 18, 7.88, '2022-09-04 18:10:27', '2022-09-04 18:10:27'),
(737, 3, 9, 11, 9, 11, 9.2, '2022-09-04 18:10:38', '2022-09-04 18:10:38'),
(738, 3, 9, 11, 14, 24, 8.19, '2022-09-04 18:10:39', '2022-09-04 18:10:39'),
(739, 3, 9, 11, 9, 12, 9.4, '2022-09-04 18:10:50', '2022-09-04 18:10:50'),
(740, 3, 9, 11, 14, 25, 8.15, '2022-09-04 18:10:53', '2022-09-04 18:10:53'),
(741, 3, 9, 11, 13, 11, 8.4, '2022-09-04 18:11:01', '2022-09-04 18:11:01'),
(742, 3, 9, 11, 9, 13, 9, '2022-09-04 18:11:01', '2022-09-04 18:11:01'),
(743, 3, 9, 11, 14, 19, 8.13, '2022-09-04 18:11:03', '2022-09-04 18:11:03'),
(744, 3, 9, 11, 9, 14, 9.5, '2022-09-04 18:11:12', '2022-09-04 18:11:12'),
(745, 3, 9, 11, 13, 12, 9.4, '2022-09-04 18:11:15', '2022-09-04 18:11:15'),
(746, 3, 9, 11, 14, 20, 8.05, '2022-09-04 18:11:16', '2022-09-04 18:11:16'),
(747, 3, 9, 11, 9, 15, 9.4, '2022-09-04 18:11:24', '2022-09-04 18:11:24'),
(748, 3, 9, 11, 13, 13, 8.6, '2022-09-04 18:11:25', '2022-09-04 18:11:25'),
(749, 3, 9, 11, 14, 21, 8.09, '2022-09-04 18:11:31', '2022-09-04 18:11:31'),
(750, 3, 9, 11, 9, 16, 9.2, '2022-09-04 18:11:33', '2022-09-04 18:11:33'),
(751, 3, 9, 11, 13, 14, 8.4, '2022-09-04 18:11:36', '2022-09-04 18:11:36'),
(752, 3, 9, 11, 9, 17, 9, '2022-09-04 18:11:42', '2022-09-04 18:11:42'),
(753, 3, 9, 11, 14, 22, 8.3, '2022-09-04 18:11:43', '2022-09-04 18:11:43'),
(754, 3, 9, 11, 13, 15, 8.9, '2022-09-04 18:11:47', '2022-09-04 18:11:47'),
(755, 3, 9, 11, 9, 18, 8.7, '2022-09-04 18:11:54', '2022-09-04 18:11:54'),
(756, 3, 9, 11, 14, 23, 8.6, '2022-09-04 18:11:55', '2022-09-04 18:11:55'),
(757, 3, 9, 11, 13, 16, 8.6, '2022-09-04 18:11:56', '2022-09-04 18:11:56'),
(758, 3, 9, 11, 13, 17, 8.7, '2022-09-04 18:12:03', '2022-09-04 18:12:50'),
(759, 3, 9, 11, 14, 26, 8.4, '2022-09-04 18:12:06', '2022-09-04 18:12:06'),
(760, 3, 9, 11, 9, 24, 9.1, '2022-09-04 18:12:08', '2022-09-04 18:12:08'),
(761, 3, 9, 11, 14, 27, 8.5, '2022-09-04 18:12:16', '2022-09-04 18:12:16'),
(762, 3, 9, 11, 9, 25, 9.2, '2022-09-04 18:12:23', '2022-09-04 18:12:23'),
(763, 3, 9, 11, 14, 28, 8.7, '2022-09-04 18:12:30', '2022-09-04 18:12:30'),
(764, 3, 9, 11, 9, 19, 9, '2022-09-04 18:12:50', '2022-09-04 18:12:50'),
(765, 3, 9, 11, 13, 18, 8.3, '2022-09-04 18:13:03', '2022-09-04 18:13:03'),
(766, 3, 9, 11, 9, 20, 8.9, '2022-09-04 18:13:04', '2022-09-04 18:13:04'),
(767, 3, 9, 11, 13, 24, 8.4, '2022-09-04 18:13:12', '2022-09-04 18:13:12'),
(768, 3, 9, 11, 9, 21, 9.3, '2022-09-04 18:13:16', '2022-09-04 18:13:16'),
(769, 3, 9, 11, 13, 25, 8.5, '2022-09-04 18:13:21', '2022-09-04 18:13:21'),
(770, 3, 9, 11, 13, 19, 8.8, '2022-09-04 18:13:26', '2022-09-04 18:13:35'),
(771, 3, 9, 11, 9, 22, 9.5, '2022-09-04 18:13:30', '2022-09-04 18:13:44'),
(772, 3, 9, 11, 13, 20, 8.4, '2022-09-04 18:13:51', '2022-09-04 18:13:51'),
(773, 3, 9, 11, 9, 23, 9.6, '2022-09-04 18:13:56', '2022-09-04 18:13:56'),
(774, 3, 9, 11, 13, 21, 8.8, '2022-09-04 18:14:03', '2022-09-04 18:14:03'),
(775, 3, 9, 11, 13, 22, 8.6, '2022-09-04 18:14:10', '2022-09-04 18:14:10'),
(776, 3, 9, 11, 9, 26, 9.3, '2022-09-04 18:14:14', '2022-09-04 18:14:32'),
(777, 3, 9, 11, 13, 23, 9.5, '2022-09-04 18:14:36', '2022-09-04 18:14:36'),
(778, 3, 9, 11, 9, 27, 9, '2022-09-04 18:14:41', '2022-09-04 18:14:41'),
(779, 3, 9, 11, 13, 26, 9.3, '2022-09-04 18:14:48', '2022-09-04 18:14:48'),
(780, 3, 9, 11, 9, 28, 9.5, '2022-09-04 18:14:54', '2022-09-04 18:14:54'),
(781, 3, 9, 11, 13, 27, 9.1, '2022-09-04 18:14:59', '2022-09-04 18:14:59'),
(782, 3, 9, 11, 13, 28, 9.4, '2022-09-04 18:15:06', '2022-09-04 18:15:06'),
(783, 3, 5, 7, 21, 1, 7.1, '2022-09-04 19:43:58', '2022-09-04 19:56:10'),
(784, 3, 5, 7, 15, 1, 7.5, '2022-09-04 19:44:00', '2022-09-04 19:51:18'),
(785, 3, 5, 7, 15, 2, 8.2, '2022-09-04 19:44:13', '2022-09-04 19:52:26'),
(786, 3, 5, 7, 21, 2, 7.5, '2022-09-04 19:44:34', '2022-09-04 19:56:15'),
(787, 3, 5, 7, 15, 5, 6.8, '2022-09-04 19:44:49', '2022-09-04 19:44:53'),
(788, 3, 5, 7, 21, 6, 7.65, '2022-09-04 19:45:02', '2022-09-04 19:45:06'),
(789, 3, 5, 7, 15, 6, 7.5, '2022-09-04 19:45:14', '2022-09-04 19:45:14'),
(790, 3, 5, 7, 15, 7, 7, '2022-09-04 19:45:24', '2022-09-04 19:45:24'),
(791, 3, 5, 7, 15, 8, 7.8, '2022-09-04 19:45:31', '2022-09-04 19:45:31'),
(792, 3, 5, 7, 14, 9, 7.5, '2022-09-04 19:45:50', '2022-09-04 19:52:26'),
(793, 3, 5, 7, 15, 9, 7.6, '2022-09-04 19:45:55', '2022-09-04 19:45:55'),
(794, 3, 5, 7, 15, 10, 7.8, '2022-09-04 19:46:02', '2022-09-04 19:46:02'),
(795, 3, 5, 7, 15, 11, 8, '2022-09-04 19:46:19', '2022-09-04 19:46:19'),
(796, 3, 5, 7, 14, 11, 7.2, '2022-09-04 19:46:22', '2022-09-04 19:52:40'),
(797, 3, 5, 7, 15, 12, 7, '2022-09-04 19:46:30', '2022-09-04 19:46:30'),
(798, 3, 5, 7, 14, 12, 7.25, '2022-09-04 19:46:30', '2022-09-04 19:46:39'),
(799, 3, 5, 7, 14, 13, 8, '2022-09-04 19:46:46', '2022-09-04 19:46:46'),
(800, 3, 5, 7, 14, 14, 7.35, '2022-09-04 19:46:57', '2022-09-04 19:46:57'),
(801, 3, 5, 7, 15, 13, 7.8, '2022-09-04 19:46:57', '2022-09-04 19:46:57'),
(802, 3, 5, 7, 15, 14, 7.6, '2022-09-04 19:47:07', '2022-09-04 19:47:07'),
(803, 3, 5, 7, 14, 15, 8.25, '2022-09-04 19:47:19', '2022-09-04 19:47:19'),
(804, 3, 5, 7, 14, 16, 7.5, '2022-09-04 19:47:28', '2022-09-04 19:47:28'),
(805, 3, 5, 7, 15, 15, 7.8, '2022-09-04 19:47:38', '2022-09-04 19:47:38'),
(806, 3, 5, 7, 15, 16, 7.2, '2022-09-04 19:47:45', '2022-09-04 19:47:45'),
(807, 3, 5, 7, 14, 17, 6.5, '2022-09-04 19:47:48', '2022-09-04 19:47:48'),
(808, 3, 5, 7, 15, 17, 6.8, '2022-09-04 19:47:53', '2022-09-04 19:47:53'),
(809, 3, 5, 7, 14, 18, 8.65, '2022-09-04 19:47:55', '2022-09-04 19:47:55'),
(810, 3, 5, 7, 15, 18, 8.5, '2022-09-04 19:48:04', '2022-09-04 19:48:04'),
(811, 3, 5, 7, 14, 24, 9, '2022-09-04 19:48:20', '2022-09-04 19:48:20'),
(812, 3, 5, 7, 15, 24, 8.3, '2022-09-04 19:48:29', '2022-09-04 19:48:29'),
(813, 3, 5, 7, 14, 25, 7.45, '2022-09-04 19:48:33', '2022-09-04 19:48:33'),
(814, 3, 5, 7, 15, 25, 7, '2022-09-04 19:48:36', '2022-09-04 19:48:36'),
(815, 3, 5, 7, 14, 19, 8.6, '2022-09-04 19:48:45', '2022-09-04 19:48:45'),
(816, 3, 5, 7, 14, 20, 8.15, '2022-09-04 19:48:53', '2022-09-04 19:48:53'),
(817, 3, 5, 7, 15, 19, 7.7, '2022-09-04 19:49:04', '2022-09-04 19:49:04'),
(818, 3, 5, 7, 15, 20, 7.5, '2022-09-04 19:49:12', '2022-09-04 19:49:12'),
(819, 3, 5, 7, 14, 21, 8, '2022-09-04 19:49:15', '2022-09-04 19:49:15'),
(820, 3, 5, 7, 14, 22, 7.85, '2022-09-04 19:49:29', '2022-09-04 19:49:29'),
(821, 3, 5, 7, 15, 21, 7, '2022-09-04 19:49:31', '2022-09-04 19:49:31'),
(822, 3, 5, 7, 15, 22, 7.2, '2022-09-04 19:49:38', '2022-09-04 19:49:38'),
(823, 3, 5, 7, 14, 23, 8.85, '2022-09-04 19:49:56', '2022-09-04 19:49:59'),
(824, 3, 5, 7, 14, 26, 7.65, '2022-09-04 19:50:07', '2022-09-04 19:50:07'),
(825, 3, 5, 7, 15, 23, 7.6, '2022-09-04 19:50:12', '2022-09-04 19:50:12'),
(826, 3, 5, 7, 15, 26, 8.2, '2022-09-04 19:50:19', '2022-09-04 19:50:19'),
(827, 3, 5, 7, 14, 27, 7.85, '2022-09-04 19:50:24', '2022-09-04 19:54:13'),
(828, 3, 5, 7, 13, 1, 7.3, '2022-09-04 19:50:41', '2022-09-04 19:50:41'),
(829, 3, 5, 7, 15, 27, 7.5, '2022-09-04 19:50:47', '2022-09-04 19:50:47'),
(830, 3, 5, 7, 15, 28, 7.4, '2022-09-04 19:50:54', '2022-09-04 19:50:54'),
(831, 3, 5, 7, 14, 1, 8.45, '2022-09-04 19:51:07', '2022-09-04 19:51:07'),
(832, 3, 5, 7, 13, 2, 9, '2022-09-04 19:51:09', '2022-09-04 19:51:09'),
(833, 3, 5, 7, 14, 2, 8.5, '2022-09-04 19:51:17', '2022-09-04 19:51:17'),
(834, 3, 5, 7, 13, 5, 7.2, '2022-09-04 19:51:18', '2022-09-04 19:51:18'),
(835, 3, 5, 7, 13, 6, 7.6, '2022-09-04 19:51:27', '2022-09-04 19:51:27'),
(836, 3, 5, 7, 14, 5, 7, '2022-09-04 19:51:28', '2022-09-04 19:51:28'),
(837, 3, 5, 7, 13, 7, 7.5, '2022-09-04 19:51:37', '2022-09-04 19:51:37'),
(838, 3, 5, 7, 9, 1, 8.8, '2022-09-04 19:51:38', '2022-09-04 19:51:38'),
(839, 3, 5, 7, 14, 6, 7.35, '2022-09-04 19:51:42', '2022-09-04 19:51:42'),
(840, 3, 5, 7, 13, 8, 8, '2022-09-04 19:51:46', '2022-09-04 19:51:46'),
(841, 3, 5, 7, 9, 2, 8.4, '2022-09-04 19:51:50', '2022-09-04 19:51:50'),
(842, 3, 5, 7, 13, 9, 7.8, '2022-09-04 19:51:55', '2022-09-04 19:51:55'),
(843, 3, 5, 7, 14, 7, 7.25, '2022-09-04 19:52:00', '2022-09-04 19:52:00'),
(844, 3, 5, 7, 13, 10, 8.5, '2022-09-04 19:52:04', '2022-09-04 19:52:04'),
(845, 3, 5, 7, 9, 5, 8.9, '2022-09-04 19:52:07', '2022-09-04 19:52:07'),
(846, 3, 5, 7, 13, 11, 6.9, '2022-09-04 19:52:15', '2022-09-04 19:52:15'),
(847, 3, 5, 7, 9, 6, 8.3, '2022-09-04 19:52:19', '2022-09-04 19:52:19'),
(848, 3, 5, 7, 14, 8, 8, '2022-09-04 19:52:20', '2022-09-04 19:52:20'),
(849, 3, 5, 7, 13, 12, 7.9, '2022-09-04 19:52:25', '2022-09-04 19:52:25'),
(850, 3, 5, 7, 9, 7, 8.5, '2022-09-04 19:52:28', '2022-09-04 19:52:28'),
(851, 3, 5, 7, 13, 13, 7.6, '2022-09-04 19:52:34', '2022-09-04 19:52:34'),
(852, 3, 5, 7, 14, 10, 7, '2022-09-04 19:52:37', '2022-09-04 19:52:37'),
(853, 3, 5, 7, 9, 8, 8.5, '2022-09-04 19:52:38', '2022-09-04 19:52:38'),
(854, 3, 5, 7, 13, 14, 6.8, '2022-09-04 19:52:43', '2022-09-04 19:52:43'),
(855, 3, 5, 7, 9, 9, 8.6, '2022-09-04 19:52:46', '2022-09-04 19:52:46'),
(856, 3, 5, 7, 13, 15, 8.2, '2022-09-04 19:52:53', '2022-09-04 19:52:53'),
(857, 3, 5, 7, 9, 10, 8.4, '2022-09-04 19:52:55', '2022-09-04 19:52:55'),
(858, 3, 5, 7, 13, 16, 7.3, '2022-09-04 19:53:03', '2022-09-04 19:53:03'),
(859, 3, 5, 7, 9, 11, 8.5, '2022-09-04 19:53:03', '2022-09-04 19:53:03'),
(860, 3, 5, 7, 21, 7, 6, '2022-09-04 19:53:09', '2022-09-04 19:53:09'),
(861, 3, 5, 7, 13, 17, 7, '2022-09-04 19:53:12', '2022-09-04 19:53:12'),
(862, 3, 5, 7, 14, 28, 8.5, '2022-09-04 19:53:14', '2022-09-04 19:53:14'),
(863, 3, 5, 7, 21, 8, 6, '2022-09-04 19:53:17', '2022-09-04 19:53:17'),
(864, 3, 5, 7, 13, 18, 8.9, '2022-09-04 19:53:21', '2022-09-04 19:53:21'),
(865, 3, 5, 7, 9, 12, 8.5, '2022-09-04 19:53:24', '2022-09-04 19:53:24'),
(866, 3, 5, 7, 21, 9, 7.05, '2022-09-04 19:53:26', '2022-09-04 19:53:26'),
(867, 3, 5, 7, 9, 13, 9.5, '2022-09-04 19:53:30', '2022-09-04 19:53:30'),
(868, 3, 5, 7, 13, 24, 8.7, '2022-09-04 19:53:32', '2022-09-04 19:53:32'),
(869, 3, 5, 7, 21, 10, 7.06, '2022-09-04 19:53:34', '2022-09-04 19:53:34'),
(870, 3, 5, 7, 9, 14, 8.5, '2022-09-04 19:53:35', '2022-09-04 19:53:35'),
(871, 3, 5, 7, 13, 25, 6.9, '2022-09-04 19:53:41', '2022-09-04 19:53:41'),
(872, 3, 5, 7, 21, 11, 6.24, '2022-09-04 19:53:45', '2022-09-04 19:53:45'),
(873, 3, 5, 7, 21, 12, 7.01, '2022-09-04 19:53:52', '2022-09-04 19:53:52'),
(874, 3, 5, 7, 13, 19, 6.7, '2022-09-04 19:53:56', '2022-09-04 19:53:56'),
(875, 3, 5, 7, 21, 13, 7.25, '2022-09-04 19:54:02', '2022-09-04 19:54:02'),
(876, 3, 5, 7, 13, 20, 7, '2022-09-04 19:54:05', '2022-09-04 19:54:05'),
(877, 3, 5, 7, 21, 14, 6.4, '2022-09-04 19:54:11', '2022-09-04 19:54:13'),
(878, 3, 5, 7, 9, 15, 8.8, '2022-09-04 19:54:12', '2022-09-04 19:54:12'),
(879, 3, 5, 7, 13, 21, 7.1, '2022-09-04 19:54:14', '2022-09-04 19:54:14'),
(880, 3, 5, 7, 9, 16, 8.3, '2022-09-04 19:54:17', '2022-09-04 19:54:17'),
(881, 3, 5, 7, 21, 15, 6.9, '2022-09-04 19:54:21', '2022-09-04 19:54:21'),
(882, 3, 5, 7, 9, 17, 8.7, '2022-09-04 19:54:22', '2022-09-04 19:54:22'),
(883, 3, 5, 7, 13, 22, 7.2, '2022-09-04 19:54:22', '2022-09-04 19:54:22'),
(884, 3, 5, 7, 21, 16, 7.06, '2022-09-04 19:54:27', '2022-09-04 19:54:27'),
(885, 3, 5, 7, 9, 18, 9.6, '2022-09-04 19:54:31', '2022-09-04 19:54:31'),
(886, 3, 5, 7, 13, 23, 6.9, '2022-09-04 19:54:32', '2022-09-04 19:54:32'),
(887, 3, 5, 7, 21, 17, 6, '2022-09-04 19:54:34', '2022-09-04 19:54:34'),
(888, 3, 5, 7, 9, 24, 9.4, '2022-09-04 19:54:36', '2022-09-04 19:54:36'),
(889, 3, 5, 7, 21, 18, 8.4, '2022-09-04 19:54:40', '2022-09-04 19:54:40'),
(890, 3, 5, 7, 9, 25, 8.6, '2022-09-04 19:54:41', '2022-09-04 19:54:41'),
(891, 3, 5, 7, 13, 26, 6.8, '2022-09-04 19:54:43', '2022-09-04 19:54:43'),
(892, 3, 5, 7, 21, 24, 8.9, '2022-09-04 19:54:46', '2022-09-04 19:54:46'),
(893, 3, 5, 7, 9, 19, 8.9, '2022-09-04 19:54:46', '2022-09-04 19:54:46'),
(894, 3, 5, 7, 13, 27, 7.5, '2022-09-04 19:54:51', '2022-09-04 19:54:51'),
(895, 3, 5, 7, 9, 20, 8.6, '2022-09-04 19:54:51', '2022-09-04 19:54:51'),
(896, 3, 5, 7, 21, 25, 7.2, '2022-09-04 19:54:53', '2022-09-04 19:54:53'),
(897, 3, 5, 7, 9, 21, 8.7, '2022-09-04 19:54:56', '2022-09-04 19:54:56'),
(898, 3, 5, 7, 13, 28, 7, '2022-09-04 19:54:59', '2022-09-04 19:54:59'),
(899, 3, 5, 7, 21, 19, 8, '2022-09-04 19:55:00', '2022-09-04 19:55:00'),
(900, 3, 5, 7, 9, 22, 8.6, '2022-09-04 19:55:01', '2022-09-04 19:55:01'),
(901, 3, 5, 7, 9, 23, 8.8, '2022-09-04 19:55:06', '2022-09-04 19:55:09'),
(902, 3, 5, 7, 21, 20, 7.9, '2022-09-04 19:55:06', '2022-09-04 19:55:06'),
(903, 3, 5, 7, 21, 21, 7.3, '2022-09-04 19:55:12', '2022-09-04 19:55:12'),
(904, 3, 5, 7, 9, 26, 9.3, '2022-09-04 19:55:14', '2022-09-04 19:55:18'),
(905, 3, 5, 7, 21, 22, 7, '2022-09-04 19:55:18', '2022-09-04 19:55:18'),
(906, 3, 5, 7, 21, 23, 8.7, '2022-09-04 19:55:26', '2022-09-04 19:55:26'),
(907, 3, 5, 7, 21, 26, 8.6, '2022-09-04 19:55:32', '2022-09-04 19:55:32'),
(908, 3, 5, 7, 9, 27, 9.3, '2022-09-04 19:55:36', '2022-09-04 19:55:36'),
(909, 3, 5, 7, 21, 27, 9, '2022-09-04 19:55:39', '2022-09-04 19:55:39'),
(910, 3, 5, 7, 21, 28, 8.8, '2022-09-04 19:55:43', '2022-09-04 19:55:43'),
(911, 3, 5, 7, 9, 28, 9, '2022-09-04 19:55:43', '2022-09-04 19:55:43'),
(912, 3, 5, 7, 21, 5, 7, '2022-09-04 19:55:55', '2022-09-04 19:55:55'),
(913, 3, 6, 9, 21, 1, 6.13, '2022-09-04 20:18:29', '2022-09-04 20:18:40'),
(914, 3, 6, 9, 15, 1, 8, '2022-09-04 20:18:37', '2022-09-04 20:18:37'),
(915, 3, 6, 9, 21, 2, 6.85, '2022-09-04 20:19:21', '2022-09-04 20:19:21'),
(916, 3, 6, 9, 15, 2, 8.3, '2022-09-04 20:19:25', '2022-09-04 20:19:25'),
(917, 3, 6, 9, 15, 5, 6.8, '2022-09-04 20:20:19', '2022-09-04 20:20:19'),
(918, 3, 6, 9, 15, 6, 7.4, '2022-09-04 20:20:42', '2022-09-04 20:20:42'),
(919, 3, 6, 9, 15, 7, 7.4, '2022-09-04 20:21:25', '2022-09-04 20:21:25'),
(920, 3, 6, 9, 15, 8, 7.2, '2022-09-04 20:21:51', '2022-09-04 20:21:51'),
(921, 3, 6, 9, 15, 9, 7.2, '2022-09-04 20:22:29', '2022-09-04 20:22:29'),
(922, 3, 6, 9, 15, 10, 7.4, '2022-09-04 20:23:39', '2022-09-04 20:24:06'),
(923, 3, 6, 9, 15, 11, 8, '2022-09-04 20:24:35', '2022-09-04 20:24:46'),
(924, 3, 6, 9, 15, 12, 8, '2022-09-04 20:24:54', '2022-09-04 20:24:54'),
(925, 3, 6, 9, 15, 13, 8.3, '2022-09-04 20:25:14', '2022-09-04 20:25:14'),
(926, 3, 6, 9, 15, 14, 8.2, '2022-09-04 20:29:31', '2022-09-04 20:29:47'),
(927, 3, 6, 9, 15, 15, 8.3, '2022-09-04 20:30:10', '2022-09-04 20:30:10'),
(928, 3, 6, 9, 15, 16, 8.7, '2022-09-04 20:30:38', '2022-09-04 20:30:38'),
(929, 3, 6, 9, 15, 17, 8.4, '2022-09-04 20:30:51', '2022-09-04 20:30:51'),
(930, 3, 6, 9, 15, 18, 8.5, '2022-09-04 20:31:12', '2022-09-04 20:31:12'),
(931, 3, 6, 9, 15, 24, 7.5, '2022-09-04 20:31:25', '2022-09-04 20:31:25'),
(932, 3, 6, 9, 15, 25, 7.3, '2022-09-04 20:31:32', '2022-09-04 20:31:32'),
(933, 3, 6, 9, 15, 19, 8.6, '2022-09-04 20:31:56', '2022-09-04 20:31:56'),
(934, 3, 6, 9, 15, 20, 8.3, '2022-09-04 20:32:06', '2022-09-04 20:32:06'),
(935, 3, 6, 9, 15, 21, 7.7, '2022-09-04 20:32:32', '2022-09-04 20:32:32'),
(936, 3, 6, 9, 15, 22, 7.5, '2022-09-04 20:33:06', '2022-09-04 20:37:08'),
(937, 3, 6, 9, 14, 2, 8.65, '2022-09-04 20:35:09', '2022-09-04 20:35:09'),
(938, 3, 6, 9, 13, 1, 6.5, '2022-09-04 20:35:36', '2022-09-04 20:35:49'),
(939, 3, 6, 9, 13, 2, 7, '2022-09-04 20:36:32', '2022-09-04 20:36:32'),
(940, 3, 6, 9, 13, 5, 6.6, '2022-09-04 20:36:50', '2022-09-04 20:36:50'),
(941, 3, 6, 9, 13, 6, 7.1, '2022-09-04 20:37:00', '2022-09-04 20:37:00'),
(942, 3, 6, 9, 13, 7, 6.4, '2022-09-04 20:37:09', '2022-09-04 20:37:09'),
(943, 3, 6, 9, 13, 8, 6.6, '2022-09-04 20:37:18', '2022-09-04 20:37:18'),
(944, 3, 6, 9, 15, 23, 8.4, '2022-09-04 20:37:27', '2022-09-04 20:37:27'),
(945, 3, 6, 9, 13, 9, 6.5, '2022-09-04 20:37:28', '2022-09-04 20:37:28'),
(946, 3, 6, 9, 15, 26, 8.2, '2022-09-04 20:37:35', '2022-09-04 20:37:35'),
(947, 3, 6, 9, 9, 1, 8, '2022-09-04 20:37:35', '2022-09-04 20:37:35'),
(948, 3, 6, 9, 13, 10, 6.3, '2022-09-04 20:37:39', '2022-09-04 20:37:39'),
(949, 3, 6, 9, 9, 2, 8.3, '2022-09-04 20:37:44', '2022-09-04 20:37:44'),
(950, 3, 6, 9, 15, 27, 7.8, '2022-09-04 20:37:45', '2022-09-04 20:37:45'),
(951, 3, 6, 9, 13, 11, 6.4, '2022-09-04 20:37:50', '2022-09-04 20:37:50'),
(952, 3, 6, 9, 9, 5, 8.5, '2022-09-04 20:37:50', '2022-09-04 20:37:50'),
(953, 3, 6, 9, 15, 28, 8.4, '2022-09-04 20:37:52', '2022-09-04 20:37:52'),
(954, 3, 6, 9, 9, 6, 8.4, '2022-09-04 20:37:56', '2022-09-04 20:37:56'),
(955, 3, 6, 9, 13, 12, 6.2, '2022-09-04 20:37:59', '2022-09-04 20:37:59'),
(956, 3, 6, 9, 9, 7, 8.5, '2022-09-04 20:38:02', '2022-09-04 20:38:02'),
(957, 3, 6, 9, 13, 13, 6.4, '2022-09-04 20:38:07', '2022-09-04 20:38:07'),
(958, 3, 6, 9, 9, 8, 8.1, '2022-09-04 20:38:08', '2022-09-04 20:38:08'),
(959, 3, 6, 9, 9, 9, 8.4, '2022-09-04 20:38:13', '2022-09-04 20:38:13'),
(960, 3, 6, 9, 13, 14, 6.5, '2022-09-04 20:38:17', '2022-09-04 20:38:17'),
(961, 3, 6, 9, 9, 10, 8.5, '2022-09-04 20:38:19', '2022-09-04 20:38:19'),
(962, 3, 6, 9, 9, 11, 8.5, '2022-09-04 20:38:25', '2022-09-04 20:38:25'),
(963, 3, 6, 9, 13, 15, 7.5, '2022-09-04 20:38:25', '2022-09-04 20:38:25'),
(964, 3, 6, 9, 9, 12, 8.6, '2022-09-04 20:38:30', '2022-09-04 20:38:30'),
(965, 3, 6, 9, 13, 16, 6.3, '2022-09-04 20:38:33', '2022-09-04 20:38:33'),
(966, 3, 6, 9, 9, 13, 8.8, '2022-09-04 20:38:35', '2022-09-04 20:38:35'),
(967, 3, 6, 9, 9, 14, 8.6, '2022-09-04 20:38:40', '2022-09-04 20:38:40'),
(968, 3, 6, 9, 13, 17, 6.6, '2022-09-04 20:38:41', '2022-09-04 20:38:41'),
(969, 3, 6, 9, 9, 15, 8.7, '2022-09-04 20:38:47', '2022-09-04 20:38:47'),
(970, 3, 6, 9, 9, 16, 8.6, '2022-09-04 20:38:52', '2022-09-04 20:38:52'),
(971, 3, 6, 9, 13, 18, 6.9, '2022-09-04 20:38:55', '2022-09-04 20:38:55'),
(972, 3, 6, 9, 9, 17, 8.8, '2022-09-04 20:38:59', '2022-09-04 20:38:59'),
(973, 3, 6, 9, 9, 18, 9.2, '2022-09-04 20:39:04', '2022-09-04 20:39:04'),
(974, 3, 6, 9, 13, 24, 7.1, '2022-09-04 20:39:04', '2022-09-04 20:39:04'),
(975, 3, 6, 9, 9, 24, 9.3, '2022-09-04 20:39:08', '2022-09-04 20:39:08'),
(976, 3, 6, 9, 13, 25, 6.6, '2022-09-04 20:39:13', '2022-09-04 20:39:13'),
(977, 3, 6, 9, 9, 25, 8.8, '2022-09-04 20:39:15', '2022-09-04 20:39:15'),
(978, 3, 6, 9, 9, 19, 9, '2022-09-04 20:39:19', '2022-09-04 20:39:19'),
(979, 3, 6, 9, 13, 19, 7.2, '2022-09-04 20:39:23', '2022-09-04 20:39:23'),
(980, 3, 6, 9, 9, 20, 8.7, '2022-09-04 20:39:24', '2022-09-04 20:39:24'),
(981, 3, 6, 9, 9, 21, 8.5, '2022-09-04 20:39:29', '2022-09-04 20:39:29'),
(982, 3, 6, 9, 13, 20, 6.6, '2022-09-04 20:39:31', '2022-09-04 20:39:31'),
(983, 3, 6, 9, 9, 22, 8.6, '2022-09-04 20:39:34', '2022-09-04 20:39:34'),
(984, 3, 6, 9, 13, 21, 6.4, '2022-09-04 20:39:41', '2022-09-04 20:39:41'),
(985, 3, 6, 9, 9, 23, 9.1, '2022-09-04 20:39:42', '2022-09-04 20:40:55'),
(986, 3, 6, 9, 9, 26, 8.9, '2022-09-04 20:39:47', '2022-09-04 20:39:47'),
(987, 3, 6, 9, 13, 22, 6.9, '2022-09-04 20:39:50', '2022-09-04 20:39:50'),
(988, 3, 6, 9, 9, 27, 9.35, '2022-09-04 20:39:53', '2022-09-04 20:39:53'),
(989, 3, 6, 9, 9, 28, 9.4, '2022-09-04 20:39:58', '2022-09-04 20:39:58'),
(990, 3, 6, 9, 13, 23, 6.8, '2022-09-04 20:39:59', '2022-09-04 20:39:59'),
(991, 3, 6, 9, 13, 26, 6.7, '2022-09-04 20:40:09', '2022-09-04 20:40:09'),
(992, 3, 6, 9, 13, 27, 7.3, '2022-09-04 20:40:18', '2022-09-04 20:40:18'),
(993, 3, 6, 9, 13, 28, 7.4, '2022-09-04 20:40:28', '2022-09-04 20:40:28'),
(994, 3, 6, 9, 14, 1, 7.65, '2022-09-04 20:46:11', '2022-09-04 20:46:11'),
(995, 3, 6, 9, 14, 5, 6.5, '2022-09-04 20:46:19', '2022-09-04 20:46:19'),
(996, 3, 6, 9, 14, 6, 8.2, '2022-09-04 20:46:26', '2022-09-04 20:46:26'),
(997, 3, 6, 9, 14, 7, 7.85, '2022-09-04 20:46:33', '2022-09-04 20:46:33'),
(998, 3, 6, 9, 14, 8, 7.5, '2022-09-04 20:46:39', '2022-09-04 20:46:39'),
(999, 3, 6, 9, 14, 9, 6.75, '2022-09-04 20:46:46', '2022-09-04 20:46:46'),
(1000, 3, 6, 9, 14, 10, 7, '2022-09-04 20:46:52', '2022-09-04 20:46:52'),
(1001, 3, 6, 9, 14, 11, 7.5, '2022-09-04 20:46:58', '2022-09-04 20:46:58'),
(1002, 3, 6, 9, 14, 12, 6.95, '2022-09-04 20:47:05', '2022-09-04 20:47:05'),
(1003, 3, 6, 9, 21, 5, 6.05, '2022-09-04 20:47:06', '2022-09-04 20:47:06'),
(1004, 3, 6, 9, 21, 6, 7.2, '2022-09-04 20:47:13', '2022-09-04 20:47:13'),
(1005, 3, 6, 9, 14, 13, 8, '2022-09-04 20:47:14', '2022-09-04 20:47:14'),
(1006, 3, 6, 9, 21, 7, 6.5, '2022-09-04 20:47:20', '2022-09-04 20:47:20'),
(1007, 3, 6, 9, 14, 14, 6.5, '2022-09-04 20:47:23', '2022-09-04 20:47:23'),
(1008, 3, 6, 9, 21, 8, 6.55, '2022-09-04 20:47:26', '2022-09-04 20:47:26'),
(1009, 3, 6, 9, 21, 9, 7.4, '2022-09-04 20:47:33', '2022-09-04 20:47:33'),
(1010, 3, 6, 9, 14, 15, 8.25, '2022-09-04 20:47:38', '2022-09-04 20:47:38'),
(1011, 3, 6, 9, 21, 10, 7.1, '2022-09-04 20:47:39', '2022-09-04 20:47:39'),
(1012, 3, 6, 9, 21, 11, 6.8, '2022-09-04 20:47:46', '2022-09-04 20:47:46'),
(1013, 3, 6, 9, 14, 16, 8.5, '2022-09-04 20:47:46', '2022-09-04 20:47:46'),
(1014, 3, 6, 9, 21, 12, 6.7, '2022-09-04 20:47:50', '2022-09-04 20:47:50'),
(1015, 3, 6, 9, 14, 17, 8.1, '2022-09-04 20:47:56', '2022-09-04 20:47:56'),
(1016, 3, 6, 9, 21, 13, 7, '2022-09-04 20:47:56', '2022-09-04 20:47:56'),
(1017, 3, 6, 9, 21, 14, 7.1, '2022-09-04 20:48:02', '2022-09-04 20:48:02'),
(1018, 3, 6, 9, 14, 18, 8.4, '2022-09-04 20:48:06', '2022-09-04 20:48:10'),
(1019, 3, 6, 9, 21, 15, 7, '2022-09-04 20:48:09', '2022-09-04 20:48:09'),
(1020, 3, 6, 9, 21, 16, 7.8, '2022-09-04 20:48:15', '2022-09-04 20:48:15'),
(1021, 3, 6, 9, 14, 24, 8.65, '2022-09-04 20:48:18', '2022-09-04 20:48:18'),
(1022, 3, 6, 9, 21, 17, 6.2, '2022-09-04 20:48:20', '2022-09-04 20:48:20'),
(1023, 3, 6, 9, 14, 25, 8, '2022-09-04 20:48:21', '2022-09-04 20:48:21'),
(1024, 3, 6, 9, 21, 18, 7.15, '2022-09-04 20:48:27', '2022-09-04 20:48:27'),
(1025, 3, 6, 9, 14, 19, 8.55, '2022-09-04 20:48:31', '2022-09-04 20:48:31'),
(1026, 3, 6, 9, 21, 24, 8.8, '2022-09-04 20:48:33', '2022-09-04 20:48:33'),
(1027, 3, 6, 9, 14, 20, 8.2, '2022-09-04 20:48:38', '2022-09-04 20:48:38'),
(1028, 3, 6, 9, 21, 25, 7.3, '2022-09-04 20:48:38', '2022-09-04 20:48:38'),
(1029, 3, 6, 9, 21, 19, 8.9, '2022-09-04 20:48:44', '2022-09-04 20:48:44'),
(1030, 3, 6, 9, 14, 21, 7.8, '2022-09-04 20:48:45', '2022-09-04 20:48:45'),
(1031, 3, 6, 9, 21, 20, 8.7, '2022-09-04 20:48:49', '2022-09-04 20:48:49'),
(1032, 3, 6, 9, 14, 22, 7.75, '2022-09-04 20:48:50', '2022-09-04 20:48:50'),
(1033, 3, 6, 9, 21, 21, 7.8, '2022-09-04 20:48:55', '2022-09-04 20:48:55'),
(1034, 3, 6, 9, 14, 23, 9.5, '2022-09-04 20:48:56', '2022-09-04 20:48:56'),
(1035, 3, 6, 9, 14, 26, 8.35, '2022-09-04 20:49:01', '2022-09-04 20:49:01'),
(1036, 3, 6, 9, 21, 22, 8, '2022-09-04 20:49:01', '2022-09-04 20:49:01'),
(1037, 3, 6, 9, 14, 27, 7.75, '2022-09-04 20:49:07', '2022-09-04 20:49:07'),
(1038, 3, 6, 9, 21, 23, 8.9, '2022-09-04 20:49:07', '2022-09-04 20:49:07'),
(1039, 3, 6, 9, 14, 28, 9, '2022-09-04 20:49:10', '2022-09-04 20:49:14'),
(1040, 3, 6, 9, 21, 26, 8.1, '2022-09-04 20:49:13', '2022-09-04 20:49:13'),
(1041, 3, 6, 9, 21, 27, 9, '2022-09-04 20:49:17', '2022-09-04 20:49:17'),
(1042, 3, 6, 9, 21, 28, 9.1, '2022-09-04 20:49:22', '2022-09-04 20:49:22'),
(1043, 3, 7, 8, 21, 1, 7.07, '2022-09-04 20:53:23', '2022-09-04 20:53:23'),
(1044, 3, 7, 8, 15, 1, 8.3, '2022-09-04 20:53:58', '2022-09-04 20:54:25'),
(1045, 3, 7, 8, 14, 1, 9, '2022-09-04 20:54:01', '2022-09-04 20:54:03'),
(1046, 3, 7, 8, 9, 1, 9, '2022-09-04 20:54:05', '2022-09-04 20:54:05'),
(1047, 3, 7, 8, 14, 2, 9.5, '2022-09-04 20:55:05', '2022-09-04 20:55:05'),
(1048, 3, 7, 8, 21, 2, 7.16, '2022-09-04 20:55:19', '2022-09-04 20:55:19'),
(1049, 3, 7, 8, 15, 2, 8.5, '2022-09-04 20:55:24', '2022-09-04 20:55:24'),
(1050, 3, 7, 8, 9, 2, 8.6, '2022-09-04 20:55:33', '2022-09-04 20:55:33'),
(1051, 3, 7, 8, 9, 5, 8.4, '2022-09-04 20:56:05', '2022-09-04 20:56:05'),
(1052, 3, 7, 8, 14, 5, 8, '2022-09-04 20:56:07', '2022-09-04 20:56:07'),
(1053, 3, 7, 8, 21, 5, 7.03, '2022-09-04 20:56:25', '2022-09-04 20:56:25'),
(1054, 3, 7, 8, 15, 5, 8, '2022-09-04 20:56:33', '2022-09-04 20:56:33'),
(1055, 3, 7, 8, 9, 6, 8.3, '2022-09-04 20:56:34', '2022-09-04 20:56:34'),
(1056, 3, 7, 8, 14, 6, 7.75, '2022-09-04 20:56:53', '2022-09-04 20:56:53'),
(1057, 3, 7, 8, 21, 6, 7.07, '2022-09-04 20:56:55', '2022-09-04 20:56:55'),
(1058, 3, 7, 8, 15, 6, 8, '2022-09-04 20:56:59', '2022-09-04 20:56:59'),
(1059, 3, 7, 8, 21, 7, 7.08, '2022-09-04 20:57:38', '2022-09-04 20:57:38'),
(1060, 3, 7, 8, 14, 7, 7, '2022-09-04 20:57:44', '2022-09-04 20:57:44'),
(1061, 3, 7, 8, 9, 7, 8.5, '2022-09-04 20:57:58', '2022-09-04 20:57:58'),
(1062, 3, 7, 8, 15, 7, 8, '2022-09-04 20:58:06', '2022-09-04 20:58:06'),
(1063, 3, 7, 8, 21, 8, 7.03, '2022-09-04 20:58:27', '2022-09-04 20:58:27'),
(1064, 3, 7, 8, 9, 8, 8.3, '2022-09-04 20:58:36', '2022-09-04 20:58:36'),
(1065, 3, 7, 8, 14, 8, 8.25, '2022-09-04 20:58:39', '2022-09-04 20:58:39'),
(1066, 3, 7, 8, 15, 8, 8.1, '2022-09-04 20:58:46', '2022-09-04 20:58:46'),
(1067, 3, 7, 8, 21, 9, 7.27, '2022-09-04 20:59:10', '2022-09-04 20:59:17'),
(1068, 3, 7, 8, 15, 9, 8, '2022-09-04 20:59:33', '2022-09-04 20:59:33'),
(1069, 3, 7, 8, 14, 9, 8.35, '2022-09-04 20:59:40', '2022-09-04 20:59:40'),
(1070, 3, 7, 8, 9, 9, 8.8, '2022-09-04 20:59:40', '2022-09-04 21:21:25'),
(1071, 3, 7, 8, 14, 10, 9.25, '2022-09-04 21:00:10', '2022-09-04 21:00:23'),
(1072, 3, 7, 8, 21, 10, 7.19, '2022-09-04 21:00:27', '2022-09-04 21:00:32'),
(1073, 3, 7, 8, 15, 10, 7.9, '2022-09-04 21:00:42', '2022-09-04 21:00:42'),
(1074, 3, 7, 8, 21, 11, 6.9, '2022-09-04 21:01:02', '2022-09-04 21:01:02'),
(1075, 3, 7, 8, 9, 10, 8.3, '2022-09-04 21:01:12', '2022-09-04 21:01:12'),
(1076, 3, 7, 8, 15, 11, 7.7, '2022-09-04 21:01:22', '2022-09-04 21:01:22'),
(1077, 3, 7, 8, 9, 11, 8, '2022-09-04 21:01:38', '2022-09-04 21:01:38'),
(1078, 3, 7, 8, 21, 12, 7.06, '2022-09-04 21:01:52', '2022-09-04 21:01:52'),
(1079, 3, 7, 8, 14, 11, 8, '2022-09-04 21:01:55', '2022-09-04 21:01:55'),
(1080, 3, 7, 8, 9, 12, 8.2, '2022-09-04 21:02:09', '2022-09-04 21:02:09'),
(1081, 3, 7, 8, 15, 12, 8.3, '2022-09-04 21:02:15', '2022-09-04 21:02:15'),
(1082, 3, 7, 8, 14, 12, 8, '2022-09-04 21:02:21', '2022-09-04 21:02:21'),
(1083, 3, 7, 8, 21, 13, 8.5, '2022-09-04 21:03:08', '2022-09-04 21:18:30'),
(1084, 3, 7, 8, 14, 13, 9, '2022-09-04 21:03:14', '2022-09-04 21:03:14'),
(1085, 3, 7, 8, 9, 13, 8.6, '2022-09-04 21:03:17', '2022-09-04 21:03:17'),
(1086, 3, 7, 8, 15, 13, 8, '2022-09-04 21:03:22', '2022-09-04 21:03:22'),
(1087, 3, 7, 8, 14, 14, 8, '2022-09-04 21:04:00', '2022-09-04 21:04:00'),
(1088, 3, 7, 8, 15, 14, 7.9, '2022-09-04 21:04:09', '2022-09-04 21:04:09'),
(1089, 3, 7, 8, 9, 14, 8.5, '2022-09-04 21:04:15', '2022-09-04 21:04:15'),
(1090, 3, 7, 8, 21, 14, 7.43, '2022-09-04 21:04:16', '2022-09-04 21:04:16'),
(1091, 3, 7, 8, 21, 15, 7.55, '2022-09-04 21:05:04', '2022-09-04 21:05:04'),
(1092, 3, 7, 8, 14, 15, 8.25, '2022-09-04 21:05:10', '2022-09-04 21:05:10'),
(1093, 3, 7, 8, 15, 15, 8.2, '2022-09-04 21:05:16', '2022-09-04 21:05:34'),
(1094, 3, 7, 8, 9, 15, 8.4, '2022-09-04 21:05:21', '2022-09-04 21:05:21'),
(1095, 3, 7, 8, 15, 16, 8.4, '2022-09-04 21:06:24', '2022-09-04 21:06:24'),
(1096, 3, 7, 8, 9, 16, 8.6, '2022-09-04 21:06:29', '2022-09-04 21:06:29'),
(1097, 3, 7, 8, 21, 17, 7.39, '2022-09-04 21:07:05', '2022-09-04 21:07:05'),
(1098, 3, 7, 8, 9, 17, 8, '2022-09-04 21:07:11', '2022-09-04 21:07:11'),
(1099, 3, 7, 8, 15, 17, 8.2, '2022-09-04 21:07:18', '2022-09-04 21:07:18'),
(1100, 3, 7, 8, 21, 18, 7.42, '2022-09-04 21:08:01', '2022-09-04 21:08:01'),
(1101, 3, 7, 8, 9, 18, 9.1, '2022-09-04 21:08:18', '2022-09-04 21:20:13'),
(1102, 3, 7, 8, 15, 18, 8.4, '2022-09-04 21:08:35', '2022-09-04 21:08:35'),
(1103, 3, 7, 8, 21, 24, 8.11, '2022-09-04 21:09:00', '2022-09-04 21:09:00'),
(1104, 3, 7, 8, 9, 24, 9.1, '2022-09-04 21:09:08', '2022-09-04 21:09:08'),
(1105, 3, 7, 8, 15, 24, 8.1, '2022-09-04 21:09:25', '2022-09-04 21:09:25'),
(1106, 3, 7, 8, 21, 25, 7.46, '2022-09-04 21:09:45', '2022-09-04 21:09:45'),
(1107, 3, 7, 8, 15, 25, 7.8, '2022-09-04 21:09:54', '2022-09-04 21:09:54'),
(1108, 3, 7, 8, 9, 25, 8.9, '2022-09-04 21:10:03', '2022-09-04 21:10:03'),
(1109, 3, 7, 8, 14, 19, 9.5, '2022-09-04 21:10:47', '2022-09-04 21:10:47'),
(1110, 3, 7, 8, 15, 19, 8.7, '2022-09-04 21:10:50', '2022-09-04 21:11:30'),
(1111, 3, 7, 8, 14, 16, 9, '2022-09-04 21:11:03', '2022-09-04 21:11:03'),
(1112, 3, 7, 8, 21, 19, 8.25, '2022-09-04 21:11:06', '2022-09-04 21:11:06'),
(1113, 3, 7, 8, 9, 19, 9, '2022-09-04 21:11:08', '2022-09-04 21:11:08'),
(1114, 3, 7, 8, 14, 17, 9.2, '2022-09-04 21:11:09', '2022-09-04 21:11:09'),
(1115, 3, 7, 8, 14, 18, 9.35, '2022-09-04 21:11:17', '2022-09-04 21:11:20'),
(1116, 3, 7, 8, 21, 20, 8.13, '2022-09-04 21:11:34', '2022-09-04 21:11:34'),
(1117, 3, 7, 8, 15, 20, 8.1, '2022-09-04 21:11:37', '2022-09-04 21:11:37'),
(1118, 3, 7, 8, 14, 24, 9.75, '2022-09-04 21:11:38', '2022-09-04 21:11:38'),
(1119, 3, 7, 8, 14, 25, 7.85, '2022-09-04 21:11:47', '2022-09-04 21:11:47'),
(1120, 3, 7, 8, 14, 20, 8.75, '2022-09-04 21:11:55', '2022-09-04 21:11:55'),
(1121, 3, 7, 8, 9, 20, 8.4, '2022-09-04 21:11:58', '2022-09-04 21:12:55'),
(1122, 3, 7, 8, 21, 21, 8.2, '2022-09-04 21:12:26', '2022-09-04 21:12:26'),
(1123, 3, 7, 8, 14, 21, 7.75, '2022-09-04 21:12:42', '2022-09-04 21:12:42'),
(1124, 3, 7, 8, 15, 21, 8.1, '2022-09-04 21:12:44', '2022-09-04 21:12:44'),
(1125, 3, 7, 8, 21, 22, 7.59, '2022-09-04 21:13:02', '2022-09-04 21:13:02'),
(1126, 3, 7, 8, 14, 22, 9.1, '2022-09-04 21:13:19', '2022-09-04 21:13:19'),
(1127, 3, 7, 8, 9, 21, 8.2, '2022-09-04 21:13:21', '2022-09-04 21:13:21'),
(1128, 3, 7, 8, 15, 22, 7.8, '2022-09-04 21:13:24', '2022-09-04 21:13:24'),
(1129, 3, 7, 8, 9, 22, 8.1, '2022-09-04 21:13:48', '2022-09-04 21:13:48'),
(1130, 3, 7, 8, 21, 23, 9.03, '2022-09-04 21:14:03', '2022-09-04 21:14:03'),
(1131, 3, 7, 8, 14, 23, 9, '2022-09-04 21:14:10', '2022-09-04 21:14:10'),
(1132, 3, 7, 8, 15, 23, 8.3, '2022-09-04 21:14:16', '2022-09-04 21:14:16'),
(1133, 3, 7, 8, 9, 23, 9.3, '2022-09-04 21:14:27', '2022-09-04 21:14:27'),
(1134, 3, 7, 8, 21, 26, 7, '2022-09-04 21:14:49', '2022-09-04 21:14:49'),
(1135, 3, 7, 8, 9, 26, 8.7, '2022-09-04 21:15:31', '2022-09-04 21:15:31'),
(1136, 3, 7, 8, 15, 26, 8.4, '2022-09-04 21:15:54', '2022-09-04 21:15:54'),
(1137, 3, 7, 8, 14, 26, 8.45, '2022-09-04 21:15:55', '2022-09-04 21:15:55'),
(1138, 3, 7, 8, 21, 27, 7.41, '2022-09-04 21:16:15', '2022-09-04 21:16:15'),
(1139, 3, 7, 8, 14, 27, 9.15, '2022-09-04 21:17:23', '2022-09-04 21:17:23'),
(1140, 3, 7, 8, 13, 1, 8, '2022-09-04 21:17:31', '2022-09-04 21:17:31'),
(1141, 3, 7, 8, 9, 27, 9, '2022-09-04 21:17:37', '2022-09-04 21:22:08'),
(1142, 3, 7, 8, 13, 2, 8.5, '2022-09-04 21:17:42', '2022-09-04 21:17:42'),
(1143, 3, 7, 8, 15, 27, 8.2, '2022-09-04 21:17:45', '2022-09-04 21:17:45'),
(1144, 3, 7, 8, 13, 5, 7.5, '2022-09-04 21:17:55', '2022-09-04 21:17:55'),
(1145, 3, 7, 8, 21, 28, 8.21, '2022-09-04 21:18:04', '2022-09-04 21:18:04'),
(1146, 3, 7, 8, 13, 6, 7.9, '2022-09-04 21:18:09', '2022-09-04 21:18:09'),
(1147, 3, 7, 8, 14, 28, 9.55, '2022-09-04 21:18:47', '2022-09-04 21:18:47'),
(1148, 3, 7, 8, 13, 7, 7.5, '2022-09-04 21:18:48', '2022-09-04 21:18:48'),
(1149, 3, 7, 8, 15, 28, 8.5, '2022-09-04 21:18:50', '2022-09-04 21:18:50'),
(1150, 3, 7, 8, 13, 8, 8.1, '2022-09-04 21:18:59', '2022-09-04 21:18:59'),
(1151, 3, 7, 8, 13, 9, 8.7, '2022-09-04 21:19:09', '2022-09-04 21:19:09'),
(1152, 3, 7, 8, 9, 28, 9, '2022-09-04 21:19:15', '2022-09-04 21:19:15'),
(1153, 3, 7, 8, 13, 10, 7.6, '2022-09-04 21:19:22', '2022-09-04 21:19:22'),
(1154, 3, 7, 8, 13, 11, 8.7, '2022-09-04 21:19:34', '2022-09-04 21:19:34'),
(1155, 3, 7, 8, 13, 12, 8.6, '2022-09-04 21:19:43', '2022-09-04 21:19:43'),
(1156, 3, 7, 8, 21, 16, 7.97, '2022-09-04 21:19:49', '2022-09-04 21:19:49'),
(1157, 3, 7, 8, 13, 13, 7.4, '2022-09-04 21:19:57', '2022-09-04 21:19:57'),
(1158, 3, 7, 8, 13, 14, 7.3, '2022-09-04 21:20:18', '2022-09-04 21:20:18'),
(1159, 3, 7, 8, 13, 15, 7.6, '2022-09-04 21:20:29', '2022-09-04 21:20:29'),
(1160, 3, 7, 8, 13, 16, 8.1, '2022-09-04 21:21:43', '2022-09-04 21:21:43'),
(1161, 3, 7, 8, 13, 17, 7.35, '2022-09-04 21:21:55', '2022-09-04 21:21:55'),
(1162, 3, 7, 8, 13, 18, 8.3, '2022-09-04 21:22:10', '2022-09-04 21:22:10'),
(1163, 3, 7, 8, 13, 24, 7.8, '2022-09-04 21:22:20', '2022-09-04 21:22:20'),
(1164, 3, 7, 8, 13, 25, 7.9, '2022-09-04 21:22:33', '2022-09-04 21:22:33'),
(1165, 3, 7, 8, 13, 19, 7.85, '2022-09-04 21:22:47', '2022-09-04 21:22:47'),
(1166, 3, 7, 8, 13, 20, 7.6, '2022-09-04 21:22:58', '2022-09-04 21:22:58'),
(1167, 3, 7, 8, 13, 21, 7.7, '2022-09-04 21:23:11', '2022-09-04 21:23:11'),
(1168, 3, 7, 8, 13, 22, 7.5, '2022-09-04 21:23:26', '2022-09-04 21:23:26'),
(1169, 3, 7, 8, 13, 23, 7.75, '2022-09-04 21:23:40', '2022-09-04 21:23:40'),
(1170, 3, 7, 8, 13, 26, 7.9, '2022-09-04 21:23:56', '2022-09-04 21:23:56'),
(1171, 3, 7, 8, 13, 27, 8.2, '2022-09-04 21:24:11', '2022-09-04 21:24:11'),
(1172, 3, 7, 8, 13, 28, 8.3, '2022-09-04 21:24:29', '2022-09-04 21:24:29'),
(1173, 6, 12, 15, 9, 28, 8.7, '2022-09-04 21:56:09', '2022-09-04 21:56:09'),
(1174, 6, 12, 15, 21, 28, 8.31, '2022-09-04 21:56:11', '2022-09-04 21:56:11'),
(1175, 6, 12, 15, 15, 28, 7.5, '2022-09-04 21:56:12', '2022-09-04 21:56:12'),
(1176, 6, 12, 15, 9, 23, 8.77, '2022-09-04 21:58:26', '2022-09-04 21:59:16'),
(1177, 6, 12, 15, 15, 23, 9, '2022-09-04 21:58:38', '2022-09-04 21:58:38'),
(1178, 6, 12, 15, 21, 23, 8.58, '2022-09-04 21:58:39', '2022-09-04 21:58:39'),
(1179, 6, 12, 15, 9, 24, 8.4, '2022-09-04 22:00:35', '2022-09-04 22:00:35'),
(1180, 6, 12, 15, 15, 24, 5.5, '2022-09-04 22:00:42', '2022-09-04 22:00:42'),
(1181, 6, 12, 15, 21, 24, 7.95, '2022-09-04 22:00:49', '2022-09-04 22:00:49'),
(1182, 6, 12, 15, 9, 27, 8, '2022-09-04 22:02:17', '2022-09-04 22:02:17'),
(1183, 6, 12, 15, 14, 28, 8, '2022-09-04 22:02:21', '2022-09-04 22:13:40'),
(1184, 6, 12, 15, 15, 27, 6.5, '2022-09-04 22:02:25', '2022-09-04 22:02:25'),
(1185, 6, 12, 15, 21, 27, 8.28, '2022-09-04 22:02:30', '2022-09-04 22:02:30'),
(1186, 6, 12, 15, 14, 27, 7.5, '2022-09-04 22:02:35', '2022-09-04 22:02:35'),
(1187, 6, 12, 15, 14, 23, 9, '2022-09-04 22:02:46', '2022-09-04 22:02:46'),
(1188, 6, 12, 15, 9, 2, 8.3, '2022-09-04 22:04:04', '2022-09-04 22:04:04'),
(1189, 6, 12, 15, 15, 2, 7.8, '2022-09-04 22:04:17', '2022-09-04 22:04:17'),
(1190, 6, 12, 15, 21, 2, 8.64, '2022-09-04 22:04:25', '2022-09-04 22:06:29'),
(1191, 6, 12, 15, 14, 2, 8.75, '2022-09-04 22:04:32', '2022-09-04 22:04:32'),
(1192, 6, 12, 15, 14, 24, 7, '2022-09-04 22:04:41', '2022-09-04 22:04:41'),
(1193, 6, 12, 15, 9, 19, 8.3, '2022-09-04 22:08:12', '2022-09-04 22:08:12'),
(1194, 6, 12, 15, 21, 19, 8.62, '2022-09-04 22:08:27', '2022-09-04 22:08:27'),
(1195, 6, 12, 15, 15, 19, 7.2, '2022-09-04 22:08:36', '2022-09-04 22:08:36'),
(1196, 6, 12, 15, 21, 18, 6.6, '2022-09-04 22:09:47', '2022-09-04 22:09:47'),
(1197, 6, 12, 15, 9, 18, 8.6, '2022-09-04 22:09:49', '2022-09-04 22:09:49'),
(1198, 6, 12, 15, 15, 18, 7, '2022-09-04 22:09:57', '2022-09-04 22:14:25'),
(1199, 6, 12, 15, 15, 26, 7, '2022-09-04 22:11:34', '2022-09-04 22:11:34'),
(1200, 6, 12, 15, 9, 26, 8.9, '2022-09-04 22:11:38', '2022-09-04 22:11:38'),
(1201, 6, 12, 15, 21, 26, 8.09, '2022-09-04 22:11:46', '2022-09-04 22:11:46'),
(1202, 6, 12, 15, 14, 19, 8.3, '2022-09-04 22:12:19', '2022-09-04 22:12:19'),
(1203, 6, 12, 15, 14, 15, 9.5, '2022-09-04 22:12:54', '2022-09-04 22:14:47'),
(1204, 6, 12, 15, 15, 15, 8.5, '2022-09-04 22:12:59', '2022-09-04 22:12:59'),
(1205, 6, 12, 15, 9, 15, 9.1, '2022-09-04 22:13:00', '2022-09-04 22:13:00'),
(1206, 6, 12, 15, 21, 15, 9.01, '2022-09-04 22:13:07', '2022-09-04 22:13:07'),
(1207, 6, 12, 15, 14, 18, 6.5, '2022-09-04 22:13:11', '2022-09-04 22:13:11'),
(1208, 6, 12, 15, 14, 26, 8.5, '2022-09-04 22:13:20', '2022-09-04 22:13:20'),
(1209, 6, 12, 15, 13, 1, 8.6, '2022-09-04 22:14:26', '2022-09-04 22:14:26'),
(1210, 6, 12, 15, 9, 1, 9, '2022-09-04 22:14:35', '2022-09-04 22:14:35'),
(1211, 6, 12, 15, 13, 2, 8.3, '2022-09-04 22:14:36', '2022-09-04 22:14:46'),
(1212, 6, 12, 15, 14, 1, 9, '2022-09-04 22:14:36', '2022-09-04 22:15:00'),
(1213, 6, 12, 15, 15, 1, 8.3, '2022-09-04 22:14:38', '2022-09-04 22:14:38'),
(1214, 6, 12, 15, 21, 1, 9.15, '2022-09-04 22:14:57', '2022-09-04 22:14:57'),
(1215, 6, 12, 15, 13, 15, 8.4, '2022-09-04 22:15:10', '2022-09-04 22:15:10'),
(1216, 6, 12, 15, 13, 18, 6.7, '2022-09-04 22:15:29', '2022-09-04 22:15:29'),
(1217, 6, 12, 15, 13, 24, 6.8, '2022-09-04 22:15:42', '2022-09-04 22:15:42'),
(1218, 6, 12, 15, 13, 19, 6.5, '2022-09-04 22:15:56', '2022-09-04 22:15:56'),
(1219, 6, 12, 15, 13, 23, 8.5, '2022-09-04 22:16:12', '2022-09-04 22:16:12'),
(1220, 6, 12, 15, 13, 26, 6.9, '2022-09-04 22:16:29', '2022-09-04 22:16:29'),
(1221, 6, 12, 15, 13, 27, 7.5, '2022-09-04 22:16:45', '2022-09-04 22:16:45'),
(1222, 6, 12, 15, 13, 28, 7, '2022-09-04 22:16:59', '2022-09-04 22:16:59'),
(1223, 5, 11, 14, 15, 23, 8.3, '2022-09-04 22:36:02', '2022-09-04 22:48:24'),
(1224, 5, 11, 14, 21, 23, 9.45, '2022-09-04 22:36:04', '2022-09-04 22:36:17'),
(1225, 5, 11, 14, 21, 15, 9.05, '2022-09-04 22:39:30', '2022-09-04 22:39:30'),
(1226, 5, 11, 14, 21, 2, 9.82, '2022-09-04 22:41:48', '2022-09-04 22:41:48'),
(1227, 5, 11, 14, 21, 28, 9.56, '2022-09-04 22:43:53', '2022-09-04 22:43:53'),
(1228, 5, 11, 14, 15, 15, 6.5, '2022-09-04 22:45:13', '2022-09-04 22:45:13'),
(1229, 5, 11, 14, 13, 1, 7.8, '2022-09-04 22:45:49', '2022-09-04 22:45:49'),
(1230, 5, 11, 14, 13, 2, 9.5, '2022-09-04 22:46:03', '2022-09-04 22:46:03'),
(1231, 5, 11, 14, 13, 15, 7.5, '2022-09-04 22:46:13', '2022-09-04 22:46:13'),
(1232, 5, 11, 14, 15, 1, 7, '2022-09-04 22:46:16', '2022-09-04 22:46:16'),
(1233, 5, 11, 14, 21, 1, 9.86, '2022-09-04 22:46:22', '2022-09-04 22:46:36'),
(1234, 5, 11, 14, 13, 23, 9, '2022-09-04 22:46:25', '2022-09-04 22:46:25'),
(1235, 5, 11, 14, 15, 28, 7, '2022-09-04 22:46:26', '2022-09-04 22:46:26'),
(1236, 5, 11, 14, 15, 2, 8.5, '2022-09-04 22:46:37', '2022-09-04 22:46:51'),
(1237, 5, 11, 14, 13, 28, 7, '2022-09-04 22:46:39', '2022-09-04 22:46:39'),
(1238, 5, 11, 14, 9, 1, 9.8, '2022-09-04 22:48:36', '2022-09-04 22:48:36'),
(1239, 5, 11, 14, 14, 23, 10, '2022-09-04 22:49:02', '2022-09-04 22:49:02'),
(1240, 5, 11, 14, 9, 2, 9.7, '2022-09-04 22:49:06', '2022-09-04 22:49:06'),
(1241, 5, 11, 14, 14, 2, 9, '2022-09-04 22:49:13', '2022-09-04 22:49:13'),
(1242, 5, 11, 14, 14, 1, 7.5, '2022-09-04 22:49:20', '2022-09-04 22:49:20'),
(1243, 5, 11, 14, 14, 15, 8.5, '2022-09-04 22:49:30', '2022-09-04 22:49:30'),
(1244, 5, 11, 14, 9, 15, 9, '2022-09-04 22:49:37', '2022-09-04 22:51:41'),
(1245, 5, 11, 14, 14, 28, 8, '2022-09-04 22:49:37', '2022-09-04 22:49:37'),
(1246, 5, 11, 14, 9, 23, 9.6, '2022-09-04 22:50:08', '2022-09-04 22:51:19'),
(1247, 5, 11, 14, 9, 28, 8.9, '2022-09-04 22:50:49', '2022-09-04 22:50:49'),
(1394, 4, 10, 16, 19, 29, 8, '2022-09-05 19:36:13', '2022-09-05 19:36:13'),
(1395, 4, 10, 16, 16, 29, 7, '2022-09-05 19:37:19', '2022-09-05 19:37:19'),
(1396, 4, 10, 16, 16, 30, 6.5, '2022-09-05 19:39:41', '2022-09-05 19:39:41'),
(1397, 4, 10, 16, 19, 30, 7, '2022-09-05 19:40:17', '2022-09-05 19:40:17'),
(1398, 4, 10, 16, 16, 31, 8, '2022-09-05 19:43:47', '2022-09-05 19:43:47'),
(1399, 4, 10, 16, 19, 31, 9, '2022-09-05 19:43:51', '2022-09-05 19:43:51'),
(1400, 4, 10, 16, 19, 32, 7, '2022-09-05 19:46:01', '2022-09-05 19:46:01'),
(1401, 4, 10, 16, 16, 32, 6.8, '2022-09-05 19:46:06', '2022-09-05 19:46:21'),
(1402, 4, 10, 16, 16, 33, 8.5, '2022-09-05 19:48:27', '2022-09-05 19:49:27'),
(1403, 4, 10, 16, 19, 33, 9, '2022-09-05 19:49:38', '2022-09-05 19:49:49'),
(1404, 4, 10, 16, 16, 34, 6.2, '2022-09-05 19:52:38', '2022-09-05 19:53:34'),
(1405, 4, 10, 16, 19, 34, 8, '2022-09-05 19:53:09', '2022-09-05 19:53:09'),
(1406, 4, 10, 16, 16, 35, 5.6, '2022-09-05 19:55:18', '2022-09-05 19:55:20'),
(1407, 4, 10, 16, 19, 35, 7, '2022-09-05 19:55:33', '2022-09-05 19:55:33'),
(1408, 4, 10, 16, 16, 36, 5, '2022-09-05 19:57:18', '2022-09-05 19:57:19'),
(1409, 4, 10, 16, 19, 36, 7, '2022-09-05 19:57:27', '2022-09-05 19:57:27'),
(1410, 4, 10, 16, 16, 37, 7.7, '2022-09-05 20:00:40', '2022-09-05 20:00:42'),
(1411, 4, 10, 16, 19, 37, 8, '2022-09-05 20:00:45', '2022-09-05 20:00:45'),
(1412, 4, 10, 16, 19, 38, 10, '2022-09-05 20:05:01', '2022-09-05 20:05:01'),
(1413, 4, 10, 16, 16, 38, 7.2, '2022-09-05 20:05:08', '2022-09-05 20:05:12'),
(1414, 4, 10, 16, 19, 39, 8, '2022-09-05 20:09:29', '2022-09-05 20:09:29'),
(1415, 4, 10, 16, 16, 39, 7.1, '2022-09-05 20:09:31', '2022-09-05 20:09:31'),
(1416, 4, 10, 16, 19, 40, 8, '2022-09-05 20:11:38', '2022-09-05 20:11:38'),
(1417, 4, 10, 16, 16, 40, 7.6, '2022-09-05 20:11:49', '2022-09-05 20:11:50'),
(1418, 4, 10, 16, 19, 41, 7, '2022-09-05 20:13:47', '2022-09-05 20:13:47'),
(1419, 4, 10, 16, 16, 41, 6, '2022-09-05 20:13:51', '2022-09-05 20:13:52'),
(1420, 4, 10, 16, 16, 42, 9, '2022-09-05 20:17:06', '2022-09-05 20:19:12'),
(1421, 4, 10, 16, 19, 42, 10, '2022-09-05 20:19:03', '2022-09-05 20:19:03'),
(1422, 4, 10, 16, 19, 43, 9, '2022-09-05 20:21:53', '2022-09-05 20:21:53'),
(1423, 4, 10, 16, 16, 43, 7.9, '2022-09-05 20:21:53', '2022-09-05 20:21:54'),
(1424, 4, 10, 16, 18, 29, 8.33, '2022-09-05 20:21:53', '2022-09-05 20:21:53'),
(1425, 4, 10, 16, 18, 30, 8.59, '2022-09-05 20:22:08', '2022-09-05 20:22:13'),
(1426, 4, 10, 16, 17, 29, 8.7, '2022-09-05 20:22:16', '2022-09-05 20:22:16'),
(1427, 4, 10, 16, 18, 31, 9.23, '2022-09-05 20:22:26', '2022-09-05 20:22:26'),
(1428, 4, 10, 16, 17, 30, 9, '2022-09-05 20:22:28', '2022-09-05 20:22:28'),
(1429, 4, 10, 16, 18, 32, 8.51, '2022-09-05 20:22:37', '2022-09-05 20:22:37'),
(1430, 4, 10, 16, 17, 31, 9.7, '2022-09-05 20:22:43', '2022-09-05 20:22:43'),
(1431, 4, 10, 16, 18, 33, 9.34, '2022-09-05 20:22:48', '2022-09-05 20:22:48'),
(1432, 4, 10, 16, 20, 29, 6.5, '2022-09-05 20:22:53', '2022-09-05 20:22:53'),
(1433, 4, 10, 16, 18, 34, 8.49, '2022-09-05 20:22:58', '2022-09-05 20:22:58'),
(1434, 4, 10, 16, 17, 32, 8.3, '2022-09-05 20:22:59', '2022-09-05 20:22:59'),
(1435, 4, 10, 16, 18, 35, 8.39, '2022-09-05 20:23:13', '2022-09-05 20:23:13'),
(1436, 4, 10, 16, 17, 33, 9.3, '2022-09-05 20:23:15', '2022-09-05 20:23:15'),
(1437, 4, 10, 16, 18, 36, 8.89, '2022-09-05 20:23:28', '2022-09-05 20:23:28'),
(1438, 4, 10, 16, 17, 34, 8.8, '2022-09-05 20:23:33', '2022-09-05 20:23:33'),
(1439, 4, 10, 16, 17, 35, 8.9, '2022-09-05 20:23:44', '2022-09-05 20:23:44'),
(1440, 4, 10, 16, 18, 37, 9.04, '2022-09-05 20:23:45', '2022-09-05 20:23:45'),
(1441, 4, 10, 16, 17, 36, 9.1, '2022-09-05 20:23:59', '2022-09-05 20:24:40'),
(1442, 4, 10, 16, 18, 38, 9.18, '2022-09-05 20:24:01', '2022-09-05 20:24:01'),
(1443, 4, 10, 16, 18, 39, 8.99, '2022-09-05 20:24:16', '2022-09-05 20:24:16'),
(1444, 4, 10, 16, 18, 40, 9.01, '2022-09-05 20:24:29', '2022-09-05 20:24:29'),
(1445, 4, 10, 16, 20, 30, 8.5, '2022-09-05 20:24:30', '2022-09-05 20:24:30'),
(1446, 4, 10, 16, 20, 31, 9, '2022-09-05 20:24:39', '2022-09-05 20:24:39'),
(1447, 4, 10, 16, 18, 41, 8.87, '2022-09-05 20:24:41', '2022-09-05 20:24:41'),
(1448, 4, 10, 16, 20, 32, 7, '2022-09-05 20:24:49', '2022-09-05 20:24:49'),
(1449, 4, 10, 16, 17, 37, 9.2, '2022-09-05 20:24:49', '2022-09-05 20:24:49'),
(1450, 4, 10, 16, 18, 42, 9.25, '2022-09-05 20:24:57', '2022-09-05 20:24:57'),
(1451, 4, 10, 16, 20, 33, 8.8, '2022-09-05 20:24:58', '2022-09-05 20:24:58'),
(1452, 4, 10, 16, 17, 38, 9.2, '2022-09-05 20:25:02', '2022-09-05 20:25:02'),
(1453, 4, 10, 16, 20, 34, 7.5, '2022-09-05 20:25:07', '2022-09-05 20:25:07'),
(1454, 4, 10, 16, 18, 43, 9.19, '2022-09-05 20:25:10', '2022-09-05 20:25:10'),
(1455, 4, 10, 16, 17, 39, 9.1, '2022-09-05 20:25:16', '2022-09-05 20:25:16'),
(1456, 4, 10, 16, 20, 35, 7.8, '2022-09-05 20:25:18', '2022-09-05 20:25:18'),
(1457, 4, 10, 16, 20, 36, 6.8, '2022-09-05 20:25:26', '2022-09-05 20:25:26'),
(1458, 4, 10, 16, 17, 40, 9, '2022-09-05 20:25:26', '2022-09-05 20:25:26'),
(1459, 4, 10, 16, 20, 37, 9.8, '2022-09-05 20:25:39', '2022-09-05 20:25:39'),
(1460, 4, 10, 16, 17, 41, 9, '2022-09-05 20:25:40', '2022-09-05 20:25:40'),
(1461, 4, 10, 16, 20, 38, 8.2, '2022-09-05 20:25:49', '2022-09-05 20:25:49'),
(1462, 4, 10, 16, 17, 42, 9.2, '2022-09-05 20:25:51', '2022-09-05 20:25:51'),
(1463, 4, 10, 16, 20, 39, 6.3, '2022-09-05 20:25:59', '2022-09-05 20:25:59'),
(1464, 4, 10, 16, 17, 43, 9.2, '2022-09-05 20:26:03', '2022-09-05 20:26:03'),
(1465, 4, 10, 16, 20, 40, 7.1, '2022-09-05 20:26:10', '2022-09-05 20:26:10'),
(1466, 4, 10, 16, 20, 41, 6, '2022-09-05 20:26:18', '2022-09-05 20:26:18'),
(1467, 4, 10, 16, 20, 42, 9.5, '2022-09-05 20:26:27', '2022-09-05 20:27:10'),
(1468, 4, 10, 16, 20, 43, 9.6, '2022-09-05 20:27:18', '2022-09-05 20:27:18'),
(1469, 4, 13, 18, 19, 29, 9, '2022-09-05 20:43:16', '2022-09-05 20:43:16'),
(1470, 4, 13, 18, 16, 29, 6, '2022-09-05 20:43:16', '2022-09-05 20:43:21'),
(1471, 4, 13, 18, 19, 30, 8, '2022-09-05 20:43:25', '2022-09-05 20:43:25'),
(1472, 4, 13, 18, 16, 30, 5.5, '2022-09-05 20:43:41', '2022-09-05 20:43:43'),
(1473, 4, 13, 18, 16, 31, 7.7, '2022-09-05 20:44:44', '2022-09-05 20:44:46'),
(1474, 4, 13, 18, 19, 31, 8.5, '2022-09-05 20:45:09', '2022-09-05 20:45:09'),
(1475, 4, 13, 18, 16, 32, 6.5, '2022-09-05 20:46:14', '2022-09-05 20:46:16'),
(1476, 4, 13, 18, 19, 32, 7, '2022-09-05 20:46:28', '2022-09-05 20:46:28'),
(1477, 4, 13, 18, 16, 33, 7.2, '2022-09-05 20:47:01', '2022-09-05 20:47:04'),
(1478, 4, 13, 18, 19, 33, 9.5, '2022-09-05 20:47:07', '2022-09-05 20:47:07'),
(1479, 4, 13, 18, 16, 34, 6.9, '2022-09-05 20:47:46', '2022-09-05 20:47:47'),
(1480, 4, 13, 18, 19, 34, 9, '2022-09-05 20:47:50', '2022-09-05 20:47:50'),
(1481, 4, 13, 18, 16, 35, 6, '2022-09-05 20:48:53', '2022-09-05 20:48:58'),
(1482, 4, 13, 18, 19, 35, 8.5, '2022-09-05 20:49:08', '2022-09-05 20:49:08'),
(1483, 4, 13, 18, 19, 36, 7.5, '2022-09-05 20:49:44', '2022-09-05 20:49:44'),
(1484, 4, 13, 18, 16, 36, 5.7, '2022-09-05 20:49:49', '2022-09-05 20:49:50'),
(1485, 4, 13, 18, 16, 37, 6.6, '2022-09-05 20:51:28', '2022-09-05 20:51:30'),
(1486, 4, 13, 18, 19, 37, 7.5, '2022-09-05 20:51:34', '2022-09-05 20:51:34'),
(1487, 4, 13, 18, 19, 38, 8, '2022-09-05 20:52:07', '2022-09-05 20:52:07'),
(1488, 4, 13, 18, 16, 38, 7.5, '2022-09-05 20:52:25', '2022-09-05 20:52:27'),
(1489, 4, 13, 18, 19, 39, 8.5, '2022-09-05 20:53:01', '2022-09-05 20:53:01'),
(1490, 4, 13, 18, 16, 39, 7.9, '2022-09-05 20:53:06', '2022-09-05 20:53:09'),
(1491, 4, 13, 18, 16, 41, 8.5, '2022-09-05 20:53:49', '2022-09-05 20:54:34'),
(1492, 4, 13, 18, 19, 40, 9, '2022-09-05 20:53:59', '2022-09-05 20:53:59'),
(1493, 4, 13, 18, 16, 40, 8, '2022-09-05 20:53:59', '2022-09-05 20:54:00'),
(1494, 4, 13, 18, 19, 41, 7.5, '2022-09-05 20:55:05', '2022-09-05 20:55:05'),
(1495, 4, 13, 18, 16, 42, 9.5, '2022-09-05 20:55:58', '2022-09-05 20:56:20'),
(1496, 4, 13, 18, 19, 42, 10, '2022-09-05 20:56:14', '2022-09-05 20:56:14'),
(1497, 4, 13, 18, 19, 43, 8, '2022-09-05 20:56:39', '2022-09-05 20:56:39'),
(1498, 4, 13, 18, 17, 29, 8.5, '2022-09-05 20:57:08', '2022-09-05 20:57:08'),
(1499, 4, 13, 18, 16, 43, 7.9, '2022-09-05 20:57:34', '2022-09-05 20:57:35'),
(1500, 4, 13, 18, 17, 30, 8.6, '2022-09-05 20:57:43', '2022-09-05 20:57:43'),
(1501, 4, 13, 18, 17, 31, 9.7, '2022-09-05 20:58:27', '2022-09-05 20:58:34'),
(1502, 4, 13, 18, 17, 32, 8.2, '2022-09-05 20:58:49', '2022-09-05 20:59:05'),
(1503, 4, 13, 18, 17, 33, 9, '2022-09-05 20:59:13', '2022-09-05 20:59:13'),
(1504, 4, 13, 18, 17, 34, 8.6, '2022-09-05 20:59:19', '2022-09-05 20:59:19'),
(1505, 4, 13, 18, 17, 35, 8.9, '2022-09-05 20:59:25', '2022-09-05 20:59:25'),
(1506, 4, 13, 18, 17, 36, 9.3, '2022-09-05 20:59:33', '2022-09-05 20:59:33'),
(1507, 4, 13, 18, 17, 37, 8.4, '2022-09-05 20:59:40', '2022-09-05 20:59:40'),
(1508, 4, 13, 18, 17, 38, 9.2, '2022-09-05 20:59:46', '2022-09-05 20:59:46'),
(1509, 4, 13, 18, 18, 29, 8.91, '2022-09-05 20:59:48', '2022-09-05 20:59:48'),
(1510, 4, 13, 18, 17, 39, 9.1, '2022-09-05 20:59:52', '2022-09-05 20:59:52'),
(1511, 4, 13, 18, 17, 40, 9, '2022-09-05 20:59:59', '2022-09-05 20:59:59'),
(1512, 4, 13, 18, 18, 30, 9.01, '2022-09-05 21:00:02', '2022-09-05 21:00:02'),
(1513, 4, 13, 18, 17, 41, 9.9, '2022-09-05 21:00:05', '2022-09-05 21:00:05'),
(1514, 4, 13, 18, 20, 29, 7.1, '2022-09-05 21:00:08', '2022-09-05 21:00:08'),
(1515, 4, 13, 18, 17, 42, 9, '2022-09-05 21:00:09', '2022-09-05 21:00:09'),
(1516, 4, 13, 18, 18, 31, 9.55, '2022-09-05 21:00:12', '2022-09-05 21:00:12'),
(1517, 4, 13, 18, 20, 30, 6.5, '2022-09-05 21:00:17', '2022-09-05 21:00:17'),
(1518, 4, 13, 18, 17, 43, 9.3, '2022-09-05 21:00:17', '2022-09-05 21:00:17'),
(1519, 4, 13, 18, 18, 32, 8.86, '2022-09-05 21:00:23', '2022-09-05 21:00:23'),
(1520, 4, 13, 18, 20, 31, 8, '2022-09-05 21:00:28', '2022-09-05 21:00:28'),
(1521, 4, 13, 18, 18, 33, 9.59, '2022-09-05 21:00:34', '2022-09-05 21:00:34'),
(1522, 4, 13, 18, 20, 32, 6.8, '2022-09-05 21:00:41', '2022-09-05 21:00:41'),
(1523, 4, 13, 18, 18, 34, 9.11, '2022-09-05 21:00:47', '2022-09-05 21:00:51'),
(1524, 4, 13, 18, 20, 33, 8.5, '2022-09-05 21:00:53', '2022-09-05 21:00:53'),
(1525, 4, 13, 18, 20, 34, 7.3, '2022-09-05 21:01:02', '2022-09-05 21:01:02');
INSERT INTO `tabs_results` (`tabs_result_id`, `tabs_event_id`, `tabs_cat_id`, `tabs_cri_id`, `tabs_user_id`, `tabs_can_id`, `tabs_result_score`, `tabs_result_created`, `tabs_result_updated`) VALUES
(1526, 4, 13, 18, 18, 35, 9.06, '2022-09-05 21:01:03', '2022-09-05 21:01:03'),
(1527, 4, 13, 18, 18, 36, 9.68, '2022-09-05 21:01:14', '2022-09-05 21:01:14'),
(1528, 4, 13, 18, 18, 37, 9.02, '2022-09-05 21:01:52', '2022-09-05 21:01:52'),
(1529, 4, 13, 18, 18, 38, 9.08, '2022-09-05 21:02:03', '2022-09-05 21:02:13'),
(1530, 4, 13, 18, 20, 35, 8.8, '2022-09-05 21:02:15', '2022-09-05 21:02:15'),
(1531, 4, 13, 18, 20, 36, 7.7, '2022-09-05 21:02:24', '2022-09-05 21:02:24'),
(1532, 4, 13, 18, 18, 39, 9.05, '2022-09-05 21:02:26', '2022-09-05 21:02:26'),
(1533, 4, 13, 18, 18, 40, 9.01, '2022-09-05 21:02:39', '2022-09-05 21:02:39'),
(1534, 4, 13, 18, 18, 41, 9.72, '2022-09-05 21:02:54', '2022-09-05 21:03:07'),
(1535, 4, 13, 18, 18, 42, 9.2, '2022-09-05 21:03:27', '2022-09-05 21:03:27'),
(1536, 4, 13, 18, 18, 43, 9.64, '2022-09-05 21:03:41', '2022-09-05 21:03:41'),
(1537, 4, 13, 18, 20, 37, 6.2, '2022-09-05 21:03:54', '2022-09-05 21:03:54'),
(1538, 4, 15, 20, 19, 29, 9.5, '2022-09-05 21:04:01', '2022-09-05 21:04:01'),
(1539, 4, 15, 20, 16, 29, 8, '2022-09-05 21:04:01', '2022-09-05 21:04:02'),
(1540, 4, 13, 18, 20, 38, 9.5, '2022-09-05 21:04:09', '2022-09-05 21:04:09'),
(1541, 4, 13, 18, 20, 39, 7.5, '2022-09-05 21:04:19', '2022-09-05 21:04:19'),
(1542, 4, 13, 18, 20, 40, 8.2, '2022-09-05 21:04:28', '2022-09-05 21:04:28'),
(1543, 4, 13, 18, 20, 41, 7, '2022-09-05 21:04:37', '2022-09-05 21:04:37'),
(1544, 4, 13, 18, 20, 42, 9.8, '2022-09-05 21:04:45', '2022-09-05 21:04:45'),
(1545, 4, 13, 18, 20, 43, 7.8, '2022-09-05 21:04:54', '2022-09-05 21:04:54'),
(1546, 4, 15, 20, 16, 30, 8.2, '2022-09-05 21:05:57', '2022-09-05 21:05:57'),
(1547, 4, 15, 20, 19, 30, 9, '2022-09-05 21:05:57', '2022-09-05 21:05:57'),
(1548, 4, 15, 20, 16, 31, 8.8, '2022-09-05 21:08:01', '2022-09-05 21:08:03'),
(1549, 4, 15, 20, 19, 31, 9.75, '2022-09-05 21:08:03', '2022-09-05 21:08:03'),
(1550, 4, 15, 20, 16, 32, 7.4, '2022-09-05 21:10:10', '2022-09-05 21:10:11'),
(1551, 4, 15, 20, 19, 32, 9.5, '2022-09-05 21:10:13', '2022-09-05 21:10:13'),
(1552, 4, 15, 20, 16, 33, 8.4, '2022-09-05 21:12:26', '2022-09-05 21:12:28'),
(1553, 4, 15, 20, 19, 33, 9.75, '2022-09-05 21:12:28', '2022-09-05 21:12:28'),
(1554, 4, 15, 20, 16, 34, 6.5, '2022-09-05 21:14:14', '2022-09-05 21:14:16'),
(1555, 4, 15, 20, 19, 34, 9, '2022-09-05 21:14:21', '2022-09-05 21:14:21'),
(1556, 4, 15, 20, 16, 35, 6, '2022-09-05 21:15:53', '2022-09-05 21:15:54'),
(1557, 4, 15, 20, 19, 35, 7.5, '2022-09-05 21:15:59', '2022-09-05 21:15:59'),
(1558, 4, 15, 20, 16, 36, 5.8, '2022-09-05 21:17:58', '2022-09-05 21:17:59'),
(1559, 4, 15, 20, 19, 36, 8, '2022-09-05 21:18:05', '2022-09-05 21:18:05'),
(1560, 4, 15, 20, 16, 37, 8, '2022-09-05 21:21:20', '2022-09-05 21:21:21'),
(1561, 4, 15, 20, 19, 37, 8.5, '2022-09-05 21:21:23', '2022-09-05 21:21:23'),
(1562, 4, 15, 20, 17, 29, 8.8, '2022-09-05 21:22:11', '2022-09-05 21:22:11'),
(1563, 4, 15, 20, 17, 30, 8, '2022-09-05 21:22:18', '2022-09-05 21:22:18'),
(1564, 4, 15, 20, 17, 31, 9.8, '2022-09-05 21:22:23', '2022-09-05 21:22:23'),
(1565, 4, 15, 20, 17, 32, 8.5, '2022-09-05 21:22:29', '2022-09-05 21:22:29'),
(1566, 4, 15, 20, 16, 38, 7.5, '2022-09-05 21:22:50', '2022-09-05 21:22:50'),
(1567, 4, 15, 20, 17, 33, 9.5, '2022-09-05 21:22:51', '2022-09-05 21:22:51'),
(1568, 4, 15, 20, 19, 38, 8.75, '2022-09-05 21:22:52', '2022-09-05 21:22:52'),
(1569, 4, 15, 20, 17, 34, 8.4, '2022-09-05 21:22:56', '2022-09-05 21:22:56'),
(1570, 4, 15, 20, 17, 35, 8.4, '2022-09-05 21:23:01', '2022-09-05 21:23:01'),
(1571, 4, 15, 20, 17, 36, 9.4, '2022-09-05 21:23:10', '2022-09-05 21:23:10'),
(1572, 4, 15, 20, 17, 37, 8.9, '2022-09-05 21:23:17', '2022-09-05 21:23:17'),
(1573, 4, 15, 20, 17, 38, 8.8, '2022-09-05 21:23:22', '2022-09-05 21:23:22'),
(1574, 4, 15, 20, 16, 39, 7, '2022-09-05 21:24:28', '2022-09-05 21:24:40'),
(1575, 4, 15, 20, 19, 39, 8.9, '2022-09-05 21:24:42', '2022-09-05 21:24:42'),
(1576, 4, 15, 20, 17, 39, 8.7, '2022-09-05 21:24:45', '2022-09-05 21:24:45'),
(1577, 4, 15, 20, 16, 40, 6.2, '2022-09-05 21:26:41', '2022-09-05 21:26:42'),
(1578, 4, 15, 20, 19, 40, 8, '2022-09-05 21:26:42', '2022-09-05 21:26:42'),
(1579, 4, 15, 20, 17, 40, 8.5, '2022-09-05 21:26:43', '2022-09-05 21:26:43'),
(1580, 4, 15, 20, 17, 41, 8.4, '2022-09-05 21:28:15', '2022-09-05 21:28:15'),
(1581, 4, 15, 20, 16, 41, 5.5, '2022-09-05 21:28:20', '2022-09-05 21:28:29'),
(1582, 4, 15, 20, 19, 41, 6, '2022-09-05 21:28:23', '2022-09-05 21:28:23'),
(1583, 4, 15, 20, 17, 42, 9.1, '2022-09-05 21:30:24', '2022-09-05 21:30:24'),
(1584, 4, 15, 20, 16, 42, 8, '2022-09-05 21:30:28', '2022-09-05 21:30:30'),
(1585, 4, 15, 20, 19, 42, 9.8, '2022-09-05 21:30:33', '2022-09-05 21:30:33'),
(1586, 4, 15, 20, 17, 43, 9.7, '2022-09-05 21:33:01', '2022-09-05 21:33:01'),
(1587, 4, 15, 20, 19, 43, 10, '2022-09-05 21:33:09', '2022-09-05 21:33:09'),
(1588, 4, 15, 20, 16, 43, 8.7, '2022-09-05 21:33:11', '2022-09-05 21:33:12'),
(1589, 4, 15, 20, 18, 29, 7.91, '2022-09-05 21:33:26', '2022-09-05 21:33:26'),
(1590, 4, 15, 20, 20, 29, 8, '2022-09-05 21:33:35', '2022-09-05 21:33:35'),
(1591, 4, 15, 20, 18, 30, 8.12, '2022-09-05 21:33:37', '2022-09-05 21:33:37'),
(1592, 4, 15, 20, 20, 30, 7.8, '2022-09-05 21:33:44', '2022-09-05 21:33:44'),
(1593, 4, 15, 20, 18, 31, 9.72, '2022-09-05 21:33:48', '2022-09-05 21:33:48'),
(1594, 4, 15, 20, 20, 31, 8.5, '2022-09-05 21:33:53', '2022-09-05 21:33:53'),
(1595, 4, 15, 20, 18, 32, 8.06, '2022-09-05 21:34:01', '2022-09-05 21:34:01'),
(1596, 4, 15, 20, 20, 32, 7.5, '2022-09-05 21:34:06', '2022-09-05 21:34:06'),
(1597, 4, 15, 20, 18, 33, 9.86, '2022-09-05 21:34:15', '2022-09-05 21:34:15'),
(1598, 4, 15, 20, 20, 33, 9, '2022-09-05 21:34:15', '2022-09-05 21:34:15'),
(1599, 4, 15, 20, 20, 34, 8.2, '2022-09-05 21:34:23', '2022-09-05 21:34:23'),
(1600, 4, 15, 20, 18, 34, 9.09, '2022-09-05 21:34:29', '2022-09-05 21:34:29'),
(1601, 4, 15, 20, 20, 35, 7, '2022-09-05 21:34:39', '2022-09-05 21:34:39'),
(1602, 4, 15, 20, 18, 35, 8.01, '2022-09-05 21:34:42', '2022-09-05 21:34:42'),
(1603, 4, 15, 20, 20, 36, 8.8, '2022-09-05 21:34:55', '2022-09-05 21:34:55'),
(1604, 4, 15, 20, 18, 36, 9.65, '2022-09-05 21:34:56', '2022-09-05 21:34:56'),
(1605, 4, 15, 20, 18, 37, 8.88, '2022-09-05 21:35:08', '2022-09-05 21:35:08'),
(1606, 4, 15, 20, 20, 37, 8.3, '2022-09-05 21:35:13', '2022-09-05 21:35:13'),
(1607, 4, 15, 20, 18, 38, 9.08, '2022-09-05 21:35:17', '2022-09-05 21:35:17'),
(1608, 4, 15, 20, 20, 38, 9.5, '2022-09-05 21:35:25', '2022-09-05 21:35:25'),
(1609, 4, 15, 20, 18, 39, 9.01, '2022-09-05 21:35:29', '2022-09-05 21:35:29'),
(1610, 4, 15, 20, 20, 39, 8.9, '2022-09-05 21:35:38', '2022-09-05 21:35:38'),
(1611, 4, 15, 20, 18, 40, 8.87, '2022-09-05 21:35:40', '2022-09-05 21:35:40'),
(1612, 4, 15, 20, 20, 40, 7.3, '2022-09-05 21:35:49', '2022-09-05 21:35:49'),
(1613, 4, 15, 20, 18, 41, 8.91, '2022-09-05 21:36:00', '2022-09-05 21:36:00'),
(1614, 4, 15, 20, 20, 41, 6.8, '2022-09-05 21:36:01', '2022-09-05 21:36:01'),
(1615, 4, 15, 20, 20, 42, 9.2, '2022-09-05 21:36:10', '2022-09-05 21:36:10'),
(1616, 4, 15, 20, 18, 42, 9.45, '2022-09-05 21:36:11', '2022-09-05 21:36:11'),
(1617, 4, 15, 20, 18, 43, 9.73, '2022-09-05 21:36:21', '2022-09-05 21:36:21'),
(1618, 4, 15, 20, 20, 43, 9.8, '2022-09-05 21:36:24', '2022-09-05 21:36:24'),
(1619, 4, 14, 19, 19, 29, 9, '2022-09-05 21:39:22', '2022-09-05 21:39:22'),
(1620, 4, 14, 19, 16, 29, 6, '2022-09-05 21:39:24', '2022-09-05 21:39:27'),
(1621, 4, 14, 19, 16, 30, 5.8, '2022-09-05 21:40:09', '2022-09-05 21:41:17'),
(1622, 4, 14, 19, 19, 30, 8, '2022-09-05 21:40:47', '2022-09-05 21:40:47'),
(1623, 4, 14, 19, 16, 31, 7, '2022-09-05 21:41:42', '2022-09-05 21:41:44'),
(1624, 4, 14, 19, 19, 31, 8.5, '2022-09-05 21:41:57', '2022-09-05 21:41:57'),
(1625, 4, 14, 19, 16, 32, 6.5, '2022-09-05 21:42:36', '2022-09-05 21:42:53'),
(1626, 4, 14, 19, 19, 32, 6, '2022-09-05 21:42:55', '2022-09-05 21:42:55'),
(1627, 4, 14, 19, 16, 33, 8, '2022-09-05 21:43:25', '2022-09-05 21:43:32'),
(1628, 4, 14, 19, 19, 33, 10, '2022-09-05 21:43:32', '2022-09-05 21:43:32'),
(1629, 4, 14, 19, 16, 34, 6.3, '2022-09-05 21:45:10', '2022-09-05 21:45:11'),
(1630, 4, 14, 19, 16, 35, 6.2, '2022-09-05 21:46:34', '2022-09-05 21:46:36'),
(1631, 4, 14, 19, 16, 36, 5.6, '2022-09-05 21:47:45', '2022-09-05 21:47:47'),
(1632, 4, 14, 19, 16, 37, 7, '2022-09-05 21:48:48', '2022-09-05 21:48:49'),
(1633, 4, 14, 19, 16, 38, 7, '2022-09-05 21:50:06', '2022-09-05 21:50:07'),
(1634, 4, 14, 19, 16, 39, 8.2, '2022-09-05 21:51:14', '2022-09-05 21:51:15'),
(1635, 4, 14, 19, 16, 40, 9, '2022-09-05 21:52:12', '2022-09-05 21:53:33'),
(1636, 4, 14, 19, 17, 29, 9, '2022-09-05 21:52:19', '2022-09-05 21:52:19'),
(1637, 4, 14, 19, 17, 30, 9, '2022-09-05 21:52:26', '2022-09-05 21:52:26'),
(1638, 4, 14, 19, 17, 31, 9.8, '2022-09-05 21:52:32', '2022-09-05 21:52:32'),
(1639, 4, 14, 19, 17, 32, 8.8, '2022-09-05 21:52:39', '2022-09-05 21:52:39'),
(1640, 4, 14, 19, 17, 34, 9.1, '2022-09-05 21:53:01', '2022-09-05 21:53:01'),
(1641, 4, 14, 19, 17, 35, 9.2, '2022-09-05 21:53:12', '2022-09-05 21:53:12'),
(1642, 4, 14, 19, 17, 36, 9.4, '2022-09-05 21:53:27', '2022-09-05 21:53:27'),
(1643, 4, 14, 19, 17, 37, 9, '2022-09-05 21:53:32', '2022-09-05 21:53:32'),
(1644, 4, 14, 19, 17, 38, 9.1, '2022-09-05 21:53:37', '2022-09-05 21:53:37'),
(1645, 4, 14, 19, 17, 39, 9.4, '2022-09-05 21:53:44', '2022-09-05 21:53:44'),
(1646, 4, 14, 19, 17, 40, 9, '2022-09-05 21:53:48', '2022-09-05 21:53:48'),
(1647, 4, 14, 19, 16, 41, 8.4, '2022-09-05 21:53:48', '2022-09-05 21:53:49'),
(1648, 4, 14, 19, 17, 41, 9.2, '2022-09-05 21:53:53', '2022-09-05 21:53:53'),
(1649, 4, 14, 19, 18, 29, 8.32, '2022-09-05 21:54:21', '2022-09-05 21:54:21'),
(1650, 4, 14, 19, 17, 42, 9, '2022-09-05 21:54:22', '2022-09-05 21:54:22'),
(1651, 4, 14, 19, 18, 30, 8.36, '2022-09-05 21:54:32', '2022-09-05 21:54:32'),
(1652, 4, 14, 19, 18, 31, 9.56, '2022-09-05 21:54:44', '2022-09-05 21:55:08'),
(1653, 4, 14, 19, 16, 42, 9.5, '2022-09-05 21:55:09', '2022-09-05 21:55:31'),
(1654, 4, 14, 19, 18, 32, 8.17, '2022-09-05 21:55:25', '2022-09-05 21:55:25'),
(1655, 4, 14, 19, 18, 33, 9.72, '2022-09-05 21:55:33', '2022-09-05 21:55:33'),
(1656, 4, 14, 19, 18, 34, 8.35, '2022-09-05 21:55:43', '2022-09-05 21:55:43'),
(1657, 4, 14, 19, 17, 43, 9.4, '2022-09-05 21:55:56', '2022-09-05 21:55:56'),
(1658, 4, 14, 19, 16, 43, 8.5, '2022-09-05 21:56:02', '2022-09-05 21:56:04'),
(1659, 4, 14, 19, 19, 34, 8.75, '2022-09-05 21:56:09', '2022-09-05 21:56:09'),
(1660, 4, 14, 19, 18, 37, 8.21, '2022-09-05 21:56:11', '2022-09-05 21:56:11'),
(1661, 4, 14, 19, 19, 35, 7, '2022-09-05 21:56:16', '2022-09-05 21:56:16'),
(1662, 4, 14, 19, 18, 38, 8.32, '2022-09-05 21:56:20', '2022-09-05 21:56:20'),
(1663, 4, 14, 19, 19, 36, 9, '2022-09-05 21:56:21', '2022-09-05 21:56:21'),
(1664, 4, 14, 19, 18, 39, 8.3, '2022-09-05 21:56:27', '2022-09-05 21:56:27'),
(1665, 4, 14, 19, 19, 37, 8.5, '2022-09-05 21:56:28', '2022-09-05 21:56:28'),
(1666, 4, 14, 19, 17, 33, 9.3, '2022-09-05 21:56:30', '2022-09-05 21:56:30'),
(1667, 4, 14, 19, 19, 38, 9, '2022-09-05 21:56:33', '2022-09-05 21:56:33'),
(1668, 4, 14, 19, 18, 40, 8.31, '2022-09-05 21:56:36', '2022-09-05 21:56:36'),
(1669, 4, 14, 19, 20, 29, 6, '2022-09-05 21:56:39', '2022-09-05 21:56:39'),
(1670, 4, 14, 19, 19, 39, 7.75, '2022-09-05 21:56:39', '2022-09-05 21:56:39'),
(1671, 4, 14, 19, 18, 41, 9.55, '2022-09-05 21:56:48', '2022-09-05 21:56:48'),
(1672, 4, 14, 19, 19, 40, 9.5, '2022-09-05 21:56:48', '2022-09-05 21:56:48'),
(1673, 4, 14, 19, 20, 30, 8.8, '2022-09-05 21:56:48', '2022-09-05 21:56:48'),
(1674, 4, 14, 19, 19, 41, 7, '2022-09-05 21:56:53', '2022-09-05 21:56:53'),
(1675, 4, 14, 19, 18, 42, 8.65, '2022-09-05 21:56:58', '2022-09-05 21:56:58'),
(1676, 4, 14, 19, 20, 31, 6.5, '2022-09-05 21:56:58', '2022-09-05 21:56:58'),
(1677, 4, 14, 19, 19, 42, 9.5, '2022-09-05 21:57:02', '2022-09-05 21:57:02'),
(1678, 4, 14, 19, 18, 43, 9.68, '2022-09-05 21:57:06', '2022-09-05 21:57:06'),
(1679, 4, 14, 19, 19, 43, 9.75, '2022-09-05 21:57:08', '2022-09-05 21:57:08'),
(1680, 4, 14, 19, 18, 35, 8.02, '2022-09-05 21:57:24', '2022-09-05 21:57:24'),
(1681, 4, 14, 19, 18, 36, 9.51, '2022-09-05 21:57:35', '2022-09-05 21:57:35'),
(1682, 4, 14, 19, 20, 32, 5.8, '2022-09-05 21:58:28', '2022-09-05 21:58:28'),
(1683, 4, 14, 19, 20, 33, 7, '2022-09-05 21:58:41', '2022-09-05 21:58:41'),
(1684, 4, 14, 19, 20, 34, 8.9, '2022-09-05 21:58:49', '2022-09-05 21:58:49'),
(1685, 4, 14, 19, 20, 35, 6.8, '2022-09-05 21:58:58', '2022-09-05 21:58:58'),
(1686, 4, 14, 19, 20, 36, 9, '2022-09-05 21:59:06', '2022-09-05 21:59:06'),
(1687, 4, 14, 19, 20, 37, 8, '2022-09-05 21:59:17', '2022-09-05 21:59:17'),
(1688, 4, 14, 19, 20, 38, 8.5, '2022-09-05 21:59:26', '2022-09-05 21:59:26'),
(1689, 4, 14, 19, 20, 39, 9.6, '2022-09-05 21:59:37', '2022-09-05 21:59:37'),
(1690, 4, 14, 19, 20, 40, 9.1, '2022-09-05 21:59:46', '2022-09-05 21:59:46'),
(1691, 4, 14, 19, 20, 41, 8.6, '2022-09-05 21:59:53', '2022-09-05 21:59:53'),
(1692, 4, 14, 19, 20, 42, 9.5, '2022-09-05 22:00:04', '2022-09-05 22:00:04'),
(1693, 4, 14, 19, 20, 43, 5.7, '2022-09-05 22:00:12', '2022-09-05 22:00:12'),
(1694, 7, 16, 22, 16, 33, 6, '2022-09-05 22:24:43', '2022-09-05 22:32:28'),
(1695, 7, 16, 22, 19, 33, 7, '2022-09-05 22:25:02', '2022-09-05 22:25:11'),
(1696, 7, 16, 22, 16, 43, 9, '2022-09-05 22:28:01', '2022-09-05 22:28:01'),
(1697, 7, 16, 22, 19, 43, 9.5, '2022-09-05 22:28:08', '2022-09-05 22:28:08'),
(1698, 7, 16, 22, 16, 31, 7.5, '2022-09-05 22:32:17', '2022-09-05 22:32:17'),
(1699, 7, 16, 22, 19, 31, 7, '2022-09-05 22:32:19', '2022-09-05 22:32:19'),
(1700, 7, 16, 22, 17, 33, 8, '2022-09-05 22:35:42', '2022-09-05 22:35:54'),
(1701, 7, 16, 22, 17, 43, 9.5, '2022-09-05 22:36:41', '2022-09-05 22:36:41'),
(1702, 7, 16, 22, 16, 42, 10, '2022-09-05 22:36:46', '2022-09-05 22:36:46'),
(1703, 7, 16, 22, 19, 42, 9, '2022-09-05 22:36:47', '2022-09-05 22:40:06'),
(1704, 7, 16, 22, 17, 31, 9.1, '2022-09-05 22:37:00', '2022-09-05 22:37:08'),
(1705, 7, 16, 22, 17, 42, 9.6, '2022-09-05 22:37:26', '2022-09-05 22:37:26'),
(1706, 7, 16, 22, 16, 38, 8, '2022-09-05 22:39:53', '2022-09-05 22:40:33'),
(1707, 7, 16, 22, 17, 38, 8.8, '2022-09-05 22:40:19', '2022-09-05 22:40:19'),
(1708, 7, 16, 22, 19, 38, 8.5, '2022-09-05 22:40:20', '2022-09-05 22:40:35'),
(1709, 7, 16, 22, 20, 31, 8, '2022-09-05 22:40:38', '2022-09-05 22:45:13'),
(1710, 7, 16, 22, 18, 31, 8.35, '2022-09-05 22:40:44', '2022-09-05 22:41:02'),
(1711, 7, 16, 22, 20, 33, 7.5, '2022-09-05 22:41:07', '2022-09-05 22:41:07'),
(1712, 7, 16, 22, 18, 33, 8.21, '2022-09-05 22:41:14', '2022-09-05 22:41:14'),
(1713, 7, 16, 22, 18, 38, 8.09, '2022-09-05 22:41:25', '2022-09-05 22:41:25'),
(1714, 7, 16, 22, 18, 42, 9.91, '2022-09-05 22:41:36', '2022-09-05 22:41:36'),
(1715, 7, 16, 22, 20, 38, 7, '2022-09-05 22:41:38', '2022-09-05 22:41:38'),
(1716, 7, 16, 22, 18, 43, 9.89, '2022-09-05 22:41:45', '2022-09-05 22:41:45'),
(1717, 7, 16, 22, 20, 42, 8.5, '2022-09-05 22:41:49', '2022-09-05 22:41:49'),
(1718, 7, 16, 22, 20, 43, 9, '2022-09-05 22:43:25', '2022-09-05 22:43:25'),
(2025, 8, 17, 23, 24, 45, 30, '2022-10-15 14:37:39', '2022-10-15 14:37:40'),
(2026, 8, 17, 24, 24, 45, 25, '2022-10-15 14:37:43', '2022-10-15 14:37:43'),
(2027, 8, 17, 25, 24, 45, 30, '2022-10-15 14:37:46', '2022-10-15 14:37:47'),
(2028, 8, 17, 23, 22, 45, 32, '2022-10-15 14:38:04', '2022-10-15 14:38:04'),
(2029, 8, 17, 23, 23, 45, 32, '2022-10-15 14:38:07', '2022-10-15 14:38:07'),
(2030, 8, 17, 24, 22, 45, 29, '2022-10-15 14:38:08', '2022-10-15 14:38:09'),
(2031, 8, 17, 24, 23, 45, 25, '2022-10-15 14:38:10', '2022-10-15 14:38:10'),
(2032, 8, 17, 25, 22, 45, 33, '2022-10-15 14:38:12', '2022-10-15 14:38:12'),
(2033, 8, 17, 25, 23, 45, 33, '2022-10-15 14:38:12', '2022-10-15 14:38:13'),
(2034, 8, 17, 23, 24, 47, 25, '2022-10-15 14:38:19', '2022-10-15 14:38:34'),
(2035, 8, 17, 23, 23, 47, 30, '2022-10-15 14:38:20', '2022-10-15 14:38:20'),
(2036, 8, 17, 23, 22, 47, 30, '2022-10-15 14:38:22', '2022-10-15 14:38:25'),
(2037, 8, 17, 24, 23, 47, 23, '2022-10-15 14:38:22', '2022-10-15 14:38:23'),
(2038, 8, 17, 25, 23, 47, 30, '2022-10-15 14:38:25', '2022-10-15 14:38:25'),
(2039, 8, 17, 24, 22, 47, 25, '2022-10-15 14:38:28', '2022-10-15 14:38:28'),
(2040, 8, 17, 25, 22, 47, 25, '2022-10-15 14:38:30', '2022-10-15 14:47:13'),
(2041, 8, 17, 23, 23, 48, 29, '2022-10-15 14:38:33', '2022-10-15 14:38:33'),
(2042, 8, 17, 24, 24, 47, 20, '2022-10-15 14:38:35', '2022-10-15 14:38:35'),
(2043, 8, 17, 24, 23, 48, 23, '2022-10-15 14:38:37', '2022-10-15 14:38:37'),
(2044, 8, 17, 25, 24, 47, 25, '2022-10-15 14:38:37', '2022-10-15 15:04:34'),
(2045, 8, 17, 25, 23, 48, 30, '2022-10-15 14:38:40', '2022-10-15 14:44:29'),
(2046, 8, 17, 24, 22, 48, 25, '2022-10-15 14:38:52', '2022-10-15 14:46:55'),
(2047, 8, 17, 24, 23, 49, 26, '2022-10-15 14:39:08', '2022-10-15 14:44:36'),
(2048, 8, 17, 23, 24, 48, 25, '2022-10-15 14:39:10', '2022-10-15 14:39:10'),
(2049, 8, 17, 25, 23, 49, 33, '2022-10-15 14:39:11', '2022-10-15 14:39:11'),
(2050, 8, 17, 24, 24, 48, 18, '2022-10-15 14:39:12', '2022-10-15 14:39:12'),
(2051, 8, 17, 25, 24, 48, 18, '2022-10-15 14:39:15', '2022-10-15 14:39:15'),
(2052, 8, 17, 24, 22, 49, 28, '2022-10-15 14:39:15', '2022-10-15 14:39:16'),
(2053, 8, 17, 23, 23, 50, 30, '2022-10-15 14:39:15', '2022-10-15 14:39:16'),
(2054, 8, 17, 24, 23, 50, 23, '2022-10-15 14:39:19', '2022-10-15 14:39:19'),
(2055, 8, 17, 23, 24, 49, 33, '2022-10-15 14:39:19', '2022-10-15 14:51:35'),
(2056, 8, 17, 25, 23, 50, 33, '2022-10-15 14:39:19', '2022-10-15 14:39:19'),
(2057, 8, 17, 24, 24, 49, 27, '2022-10-15 14:39:21', '2022-10-15 14:39:21'),
(2058, 8, 17, 25, 22, 49, 32, '2022-10-15 14:39:21', '2022-10-15 14:39:21'),
(2059, 8, 17, 25, 24, 49, 32, '2022-10-15 14:39:22', '2022-10-15 14:51:35'),
(2060, 8, 17, 23, 23, 51, 31, '2022-10-15 14:39:23', '2022-10-15 14:39:23'),
(2061, 8, 17, 24, 23, 51, 24, '2022-10-15 14:39:25', '2022-10-15 14:39:26'),
(2062, 8, 17, 23, 24, 50, 32, '2022-10-15 14:39:26', '2022-10-15 14:51:35'),
(2063, 8, 17, 25, 23, 51, 32, '2022-10-15 14:39:28', '2022-10-15 14:40:08'),
(2064, 8, 17, 24, 24, 50, 27, '2022-10-15 14:39:28', '2022-10-15 14:51:36'),
(2065, 8, 17, 23, 22, 50, 32, '2022-10-15 14:39:30', '2022-10-15 14:39:30'),
(2066, 8, 17, 25, 24, 50, 31, '2022-10-15 14:39:31', '2022-10-15 14:39:31'),
(2067, 8, 17, 24, 22, 50, 28, '2022-10-15 14:39:31', '2022-10-15 14:39:32'),
(2068, 8, 17, 25, 22, 50, 32, '2022-10-15 14:39:33', '2022-10-15 14:39:33'),
(2069, 8, 17, 23, 24, 51, 33, '2022-10-15 14:39:36', '2022-10-15 14:39:36'),
(2070, 8, 17, 24, 24, 51, 27, '2022-10-15 14:39:39', '2022-10-15 15:04:45'),
(2071, 8, 17, 25, 24, 51, 31, '2022-10-15 14:39:41', '2022-10-15 14:39:41'),
(2072, 8, 17, 23, 22, 51, 30, '2022-10-15 14:39:44', '2022-10-15 14:39:45'),
(2073, 8, 17, 23, 24, 52, 25, '2022-10-15 14:39:46', '2022-10-15 14:39:46'),
(2074, 8, 17, 24, 22, 51, 28, '2022-10-15 14:39:46', '2022-10-15 14:39:47'),
(2075, 8, 17, 24, 24, 52, 22, '2022-10-15 14:39:49', '2022-10-15 14:39:49'),
(2076, 8, 17, 25, 24, 52, 20, '2022-10-15 14:39:51', '2022-10-15 14:39:51'),
(2077, 8, 17, 23, 24, 53, 34, '2022-10-15 14:39:55', '2022-10-15 14:51:38'),
(2078, 8, 17, 25, 22, 51, 31, '2022-10-15 14:39:56', '2022-10-15 14:39:56'),
(2079, 8, 17, 24, 24, 53, 28, '2022-10-15 14:39:57', '2022-10-15 14:39:57'),
(2080, 8, 17, 25, 24, 53, 32, '2022-10-15 14:39:58', '2022-10-15 14:39:58'),
(2081, 8, 17, 23, 24, 54, 34, '2022-10-15 14:40:03', '2022-10-15 15:04:57'),
(2082, 8, 17, 24, 24, 54, 29, '2022-10-15 14:40:09', '2022-10-15 15:04:58'),
(2083, 8, 17, 25, 24, 54, 33, '2022-10-15 14:40:11', '2022-10-15 15:04:58'),
(2084, 8, 17, 23, 23, 52, 29, '2022-10-15 14:40:16', '2022-10-15 14:40:16'),
(2085, 8, 17, 23, 24, 55, 34, '2022-10-15 14:40:16', '2022-10-15 15:04:58'),
(2086, 8, 17, 24, 23, 52, 23, '2022-10-15 14:40:18', '2022-10-15 14:40:18'),
(2087, 8, 17, 24, 24, 55, 28, '2022-10-15 14:40:19', '2022-10-15 15:04:58'),
(2088, 8, 17, 25, 23, 52, 29, '2022-10-15 14:40:20', '2022-10-15 14:40:21'),
(2089, 8, 17, 25, 24, 55, 32, '2022-10-15 14:40:21', '2022-10-15 15:04:59'),
(2090, 8, 17, 25, 22, 48, 25, '2022-10-15 14:40:23', '2022-10-15 14:47:09'),
(2091, 8, 17, 23, 24, 56, 25, '2022-10-15 14:40:24', '2022-10-15 15:04:59'),
(2092, 8, 17, 24, 24, 56, 22, '2022-10-15 14:40:25', '2022-10-15 15:04:59'),
(2093, 8, 17, 23, 23, 53, 30, '2022-10-15 14:40:26', '2022-10-15 14:40:27'),
(2094, 8, 17, 25, 24, 56, 22, '2022-10-15 14:40:27', '2022-10-15 15:04:59'),
(2095, 8, 17, 24, 23, 53, 24, '2022-10-15 14:40:29', '2022-10-15 14:41:33'),
(2096, 8, 17, 23, 24, 57, 33, '2022-10-15 14:40:35', '2022-10-15 15:04:59'),
(2097, 8, 17, 24, 24, 57, 27, '2022-10-15 14:40:39', '2022-10-15 15:05:00'),
(2098, 8, 17, 25, 24, 57, 30, '2022-10-15 14:40:40', '2022-10-15 15:05:00'),
(2099, 8, 17, 23, 22, 53, 31, '2022-10-15 14:41:12', '2022-10-15 14:41:12'),
(2100, 8, 17, 24, 22, 53, 28, '2022-10-15 14:41:14', '2022-10-15 14:41:14'),
(2101, 8, 17, 25, 22, 53, 31, '2022-10-15 14:41:16', '2022-10-15 14:41:28'),
(2102, 8, 17, 25, 23, 53, 31, '2022-10-15 14:41:23', '2022-10-15 14:41:35'),
(2103, 8, 17, 23, 22, 54, 33, '2022-10-15 14:41:32', '2022-10-15 14:41:32'),
(2104, 8, 17, 24, 22, 54, 29, '2022-10-15 14:41:37', '2022-10-15 14:41:37'),
(2105, 8, 17, 23, 23, 54, 34, '2022-10-15 14:41:39', '2022-10-15 14:41:43'),
(2106, 8, 17, 25, 22, 54, 33, '2022-10-15 14:41:42', '2022-10-15 14:41:43'),
(2107, 8, 18, 26, 24, 45, 40, '2022-10-15 14:41:44', '2022-10-15 14:41:44'),
(2108, 8, 17, 24, 23, 54, 26, '2022-10-15 14:41:44', '2022-10-15 14:41:44'),
(2109, 8, 18, 27, 24, 45, 15, '2022-10-15 14:41:46', '2022-10-15 14:41:46'),
(2110, 8, 17, 23, 22, 55, 30, '2022-10-15 14:41:46', '2022-10-15 14:41:53'),
(2111, 8, 17, 25, 23, 54, 34, '2022-10-15 14:41:47', '2022-10-15 14:41:47'),
(2112, 8, 18, 28, 24, 45, 20, '2022-10-15 14:41:47', '2022-10-15 14:41:47'),
(2113, 8, 18, 26, 24, 47, 48, '2022-10-15 14:41:50', '2022-10-15 14:41:50'),
(2114, 8, 18, 27, 24, 47, 20, '2022-10-15 14:41:52', '2022-10-15 14:41:52'),
(2115, 8, 18, 28, 24, 47, 29, '2022-10-15 14:41:52', '2022-10-15 14:41:54'),
(2116, 8, 17, 23, 23, 55, 33, '2022-10-15 14:41:53', '2022-10-15 14:41:53'),
(2117, 8, 17, 24, 22, 55, 28, '2022-10-15 14:41:55', '2022-10-15 14:41:56'),
(2118, 8, 17, 24, 23, 55, 25, '2022-10-15 14:41:56', '2022-10-15 14:41:56'),
(2119, 8, 18, 26, 24, 48, 45, '2022-10-15 14:41:56', '2022-10-15 14:41:56'),
(2120, 8, 18, 27, 24, 48, 17, '2022-10-15 14:41:58', '2022-10-15 14:41:58'),
(2121, 8, 17, 25, 22, 55, 32, '2022-10-15 14:41:58', '2022-10-15 14:41:58'),
(2122, 8, 17, 25, 23, 55, 33, '2022-10-15 14:41:58', '2022-10-15 14:41:58'),
(2123, 8, 18, 28, 24, 48, 25, '2022-10-15 14:41:59', '2022-10-15 14:42:02'),
(2124, 8, 18, 26, 24, 49, 47, '2022-10-15 14:42:04', '2022-10-15 14:44:47'),
(2125, 8, 17, 23, 23, 56, 29, '2022-10-15 14:42:04', '2022-10-15 14:42:30'),
(2126, 8, 18, 27, 24, 49, 18, '2022-10-15 14:42:08', '2022-10-15 14:42:10'),
(2127, 8, 17, 24, 22, 56, 25, '2022-10-15 14:42:09', '2022-10-15 15:08:59'),
(2128, 8, 18, 28, 24, 49, 26, '2022-10-15 14:42:11', '2022-10-15 14:42:11'),
(2129, 8, 17, 25, 22, 56, 28, '2022-10-15 14:42:12', '2022-10-15 14:42:12'),
(2130, 8, 17, 25, 23, 56, 29, '2022-10-15 14:42:12', '2022-10-15 14:42:25'),
(2131, 8, 18, 26, 24, 50, 48, '2022-10-15 14:42:13', '2022-10-15 14:42:13'),
(2132, 8, 18, 27, 24, 50, 20, '2022-10-15 14:42:14', '2022-10-15 14:42:15'),
(2133, 8, 17, 23, 22, 57, 32, '2022-10-15 14:42:16', '2022-10-15 14:42:16'),
(2134, 8, 18, 28, 24, 50, 27, '2022-10-15 14:42:17', '2022-10-15 14:44:33'),
(2135, 8, 17, 24, 22, 57, 28, '2022-10-15 14:42:19', '2022-10-15 14:42:20'),
(2136, 8, 18, 26, 24, 51, 44, '2022-10-15 14:42:19', '2022-10-15 14:46:44'),
(2137, 8, 18, 27, 24, 51, 17, '2022-10-15 14:42:21', '2022-10-15 14:46:44'),
(2138, 8, 17, 25, 22, 57, 30, '2022-10-15 14:42:22', '2022-10-15 14:44:54'),
(2139, 8, 18, 28, 24, 51, 25, '2022-10-15 14:42:23', '2022-10-15 14:46:47'),
(2140, 8, 17, 24, 23, 56, 23, '2022-10-15 14:42:24', '2022-10-15 14:42:30'),
(2141, 8, 18, 26, 24, 52, 40, '2022-10-15 14:42:34', '2022-10-15 14:46:48'),
(2142, 8, 18, 27, 24, 52, 16, '2022-10-15 14:42:35', '2022-10-15 14:46:49'),
(2143, 8, 18, 28, 24, 52, 20, '2022-10-15 14:42:37', '2022-10-15 14:46:49'),
(2144, 8, 18, 27, 24, 53, 16, '2022-10-15 14:42:41', '2022-10-15 14:46:53'),
(2145, 8, 18, 26, 24, 54, 47, '2022-10-15 14:42:49', '2022-10-15 14:46:58'),
(2146, 8, 17, 25, 23, 57, 34, '2022-10-15 14:42:49', '2022-10-15 14:46:12'),
(2147, 8, 18, 27, 24, 54, 17, '2022-10-15 14:42:51', '2022-10-15 14:50:43'),
(2148, 8, 18, 28, 24, 54, 25, '2022-10-15 14:42:53', '2022-10-15 14:50:45'),
(2149, 8, 18, 26, 24, 56, 43, '2022-10-15 14:43:12', '2022-10-15 14:50:59'),
(2150, 8, 18, 27, 24, 56, 18, '2022-10-15 14:43:15', '2022-10-15 14:51:00'),
(2151, 8, 18, 26, 24, 57, 48, '2022-10-15 14:43:20', '2022-10-15 15:07:14'),
(2152, 8, 18, 27, 24, 57, 20, '2022-10-15 14:43:21', '2022-10-15 14:43:21'),
(2153, 8, 18, 28, 24, 57, 28, '2022-10-15 14:43:23', '2022-10-15 14:43:23'),
(2154, 8, 17, 24, 23, 57, 24, '2022-10-15 14:43:46', '2022-10-15 14:46:15'),
(2155, 8, 17, 23, 23, 57, 35, '2022-10-15 14:43:50', '2022-10-15 14:44:43'),
(2156, 8, 17, 23, 23, 49, 33, '2022-10-15 14:44:35', '2022-10-15 14:44:35'),
(2157, 8, 17, 23, 22, 48, 25, '2022-10-15 14:46:52', '2022-10-15 14:53:31'),
(2158, 8, 18, 26, 24, 53, 42, '2022-10-15 14:46:53', '2022-10-15 14:46:53'),
(2159, 8, 18, 28, 24, 53, 20, '2022-10-15 14:46:55', '2022-10-15 14:46:55'),
(2160, 8, 17, 24, 22, 52, 25, '2022-10-15 14:48:29', '2022-10-15 14:48:29'),
(2161, 8, 17, 25, 22, 52, 25, '2022-10-15 14:48:36', '2022-10-15 14:48:36'),
(2162, 8, 17, 23, 22, 56, 27, '2022-10-15 14:48:42', '2022-10-15 14:48:42'),
(2163, 8, 18, 26, 24, 55, 48, '2022-10-15 14:50:50', '2022-10-15 14:50:50'),
(2164, 8, 18, 27, 24, 55, 20, '2022-10-15 14:50:52', '2022-10-15 14:50:52'),
(2165, 8, 18, 28, 24, 55, 26, '2022-10-15 14:50:55', '2022-10-15 14:50:55'),
(2166, 8, 17, 23, 22, 49, 31, '2022-10-15 14:53:39', '2022-10-15 14:53:39'),
(2167, 8, 17, 23, 22, 52, 25, '2022-10-15 14:55:11', '2022-10-15 14:55:11'),
(2174, 8, 18, 28, 24, 56, 25, '2022-10-15 15:07:13', '2022-10-15 15:07:13'),
(2421, 8, 18, 26, 22, 45, 45, '2022-10-15 15:37:25', '2022-10-15 15:37:25'),
(2422, 8, 18, 27, 22, 45, 15, '2022-10-15 15:37:30', '2022-10-15 15:37:30'),
(2423, 8, 18, 28, 22, 45, 25, '2022-10-15 15:37:34', '2022-10-15 15:37:34'),
(2424, 8, 18, 26, 22, 47, 49, '2022-10-15 15:37:39', '2022-10-15 15:37:39'),
(2425, 8, 18, 27, 22, 47, 18, '2022-10-15 15:37:42', '2022-10-15 15:37:42'),
(2426, 8, 18, 28, 22, 47, 29, '2022-10-15 15:37:51', '2022-10-15 15:37:51'),
(2427, 8, 18, 26, 22, 48, 48, '2022-10-15 15:37:56', '2022-10-15 15:37:56'),
(2428, 8, 18, 27, 22, 48, 16, '2022-10-15 15:38:08', '2022-10-15 15:38:08'),
(2429, 8, 18, 28, 22, 48, 25, '2022-10-15 15:38:14', '2022-10-15 15:38:14'),
(2430, 8, 18, 26, 22, 49, 45, '2022-10-15 15:38:19', '2022-10-15 15:38:19'),
(2431, 8, 18, 27, 22, 49, 15, '2022-10-15 15:38:24', '2022-10-15 15:38:24'),
(2432, 8, 18, 28, 22, 49, 27, '2022-10-15 15:38:32', '2022-10-15 15:38:32'),
(2433, 8, 18, 26, 22, 50, 50, '2022-10-15 15:38:43', '2022-10-15 15:38:43'),
(2434, 8, 18, 27, 22, 50, 20, '2022-10-15 15:38:45', '2022-10-15 15:38:45'),
(2435, 8, 18, 28, 22, 50, 29, '2022-10-15 15:38:48', '2022-10-15 15:38:48'),
(2436, 8, 18, 26, 22, 51, 45, '2022-10-15 15:38:55', '2022-10-15 15:38:55'),
(2437, 8, 18, 27, 22, 51, 15, '2022-10-15 15:39:27', '2022-10-15 15:39:27'),
(2438, 8, 18, 28, 22, 51, 25, '2022-10-15 15:39:39', '2022-10-15 15:39:39'),
(2439, 8, 18, 26, 23, 45, 42, '2022-10-15 15:39:41', '2022-10-15 18:12:02'),
(2440, 8, 18, 26, 22, 52, 45, '2022-10-15 15:39:46', '2022-10-15 15:39:46'),
(2441, 8, 18, 28, 23, 45, 30, '2022-10-15 15:39:47', '2022-10-15 18:12:31'),
(2442, 8, 18, 27, 22, 52, 17, '2022-10-15 15:39:55', '2022-10-15 15:39:55'),
(2443, 8, 18, 28, 22, 52, 27, '2022-10-15 15:40:25', '2022-10-15 15:40:25'),
(2444, 8, 18, 26, 22, 53, 46, '2022-10-15 15:41:54', '2022-10-15 15:41:54'),
(2445, 8, 18, 27, 22, 53, 18, '2022-10-15 15:41:58', '2022-10-15 15:41:58'),
(2446, 8, 18, 28, 22, 53, 26, '2022-10-15 15:42:02', '2022-10-15 15:42:02'),
(2447, 8, 18, 26, 22, 54, 48, '2022-10-15 15:42:08', '2022-10-15 15:42:08'),
(2448, 8, 18, 27, 22, 54, 18, '2022-10-15 15:42:10', '2022-10-15 15:42:10'),
(2449, 8, 18, 28, 22, 54, 27, '2022-10-15 15:42:14', '2022-10-15 15:42:14'),
(2450, 8, 18, 26, 22, 55, 48, '2022-10-15 15:42:22', '2022-10-15 15:42:22'),
(2451, 8, 18, 27, 22, 55, 18, '2022-10-15 15:42:26', '2022-10-15 15:42:26'),
(2452, 8, 18, 28, 22, 55, 27, '2022-10-15 15:42:34', '2022-10-15 15:42:34'),
(2453, 8, 18, 26, 22, 56, 45, '2022-10-15 15:42:39', '2022-10-15 15:42:39'),
(2454, 8, 18, 27, 22, 56, 15, '2022-10-15 15:42:42', '2022-10-15 15:42:42'),
(2455, 8, 18, 28, 22, 56, 25, '2022-10-15 15:42:49', '2022-10-15 15:42:49'),
(2456, 8, 18, 26, 22, 57, 48, '2022-10-15 15:42:53', '2022-10-15 15:42:53'),
(2457, 8, 18, 27, 22, 57, 18, '2022-10-15 15:42:56', '2022-10-15 15:42:56'),
(2458, 8, 18, 28, 22, 57, 27, '2022-10-15 15:44:10', '2022-10-15 15:44:10'),
(2459, 8, 18, 27, 23, 45, 15, '2022-10-15 15:52:19', '2022-10-15 18:12:05'),
(2460, 8, 18, 28, 23, 47, 30, '2022-10-15 18:12:41', '2022-10-15 18:12:41'),
(2461, 8, 18, 27, 23, 47, 18, '2022-10-15 18:12:47', '2022-10-15 18:12:47'),
(2462, 8, 18, 26, 23, 47, 43, '2022-10-15 18:12:50', '2022-10-15 18:12:50'),
(2463, 8, 18, 28, 23, 48, 30, '2022-10-15 18:12:58', '2022-10-15 18:12:58'),
(2464, 8, 18, 27, 23, 48, 17, '2022-10-15 18:13:00', '2022-10-15 18:13:00'),
(2465, 8, 18, 26, 23, 48, 43, '2022-10-15 18:13:05', '2022-10-15 18:13:12'),
(2466, 8, 18, 28, 23, 49, 30, '2022-10-15 18:13:19', '2022-10-15 18:13:19'),
(2467, 8, 18, 28, 23, 50, 30, '2022-10-15 18:13:22', '2022-10-15 18:13:22'),
(2468, 8, 18, 27, 23, 49, 14, '2022-10-15 18:13:30', '2022-10-15 18:13:30'),
(2469, 8, 18, 26, 23, 49, 41, '2022-10-15 18:13:34', '2022-10-15 18:13:34'),
(2470, 8, 18, 27, 23, 50, 16, '2022-10-15 18:13:43', '2022-10-15 18:13:43'),
(2471, 8, 18, 26, 23, 50, 42, '2022-10-15 18:13:48', '2022-10-15 18:13:48'),
(2472, 8, 18, 28, 23, 51, 30, '2022-10-15 18:13:55', '2022-10-15 18:13:55'),
(2473, 8, 18, 27, 23, 51, 16, '2022-10-15 18:14:02', '2022-10-15 18:14:02'),
(2474, 8, 18, 26, 23, 51, 42, '2022-10-15 18:14:07', '2022-10-15 18:14:07'),
(2475, 8, 18, 28, 23, 52, 30, '2022-10-15 18:14:19', '2022-10-15 18:14:19'),
(2476, 8, 18, 27, 23, 52, 14, '2022-10-15 18:14:21', '2022-10-15 18:14:21'),
(2477, 8, 18, 26, 23, 52, 41, '2022-10-15 18:14:26', '2022-10-15 18:14:26'),
(2478, 8, 18, 28, 23, 53, 30, '2022-10-15 18:14:33', '2022-10-15 18:14:33'),
(2479, 8, 18, 27, 23, 53, 13, '2022-10-15 18:14:35', '2022-10-15 18:14:35'),
(2480, 8, 18, 26, 23, 53, 41, '2022-10-15 18:14:40', '2022-10-15 18:14:40'),
(2481, 8, 18, 28, 23, 54, 30, '2022-10-15 18:15:00', '2022-10-15 18:15:00'),
(2482, 8, 18, 27, 23, 54, 13, '2022-10-15 18:15:04', '2022-10-15 18:15:04'),
(2483, 8, 18, 26, 23, 54, 42, '2022-10-15 18:15:08', '2022-10-15 18:15:08'),
(2484, 8, 18, 28, 23, 55, 30, '2022-10-15 18:15:13', '2022-10-15 18:15:58'),
(2485, 8, 18, 27, 23, 55, 17, '2022-10-15 18:15:20', '2022-10-15 18:15:20'),
(2486, 8, 18, 26, 23, 55, 42, '2022-10-15 18:15:23', '2022-10-15 18:15:23'),
(2487, 8, 18, 28, 23, 56, 29, '2022-10-15 18:15:28', '2022-10-15 18:16:22'),
(2488, 8, 18, 27, 23, 56, 12, '2022-10-15 18:15:31', '2022-10-15 18:15:31'),
(2489, 8, 18, 26, 23, 56, 41, '2022-10-15 18:15:37', '2022-10-15 18:16:01'),
(2490, 8, 18, 28, 23, 57, 30, '2022-10-15 18:15:43', '2022-10-15 18:16:18'),
(2491, 8, 18, 26, 23, 57, 44, '2022-10-15 18:15:53', '2022-10-15 18:16:36'),
(2492, 8, 18, 27, 23, 57, 20, '2022-10-15 18:16:34', '2022-10-15 18:16:34'),
(2513, 8, 19, 31, 23, 48, 8, '2022-10-15 18:59:45', '2022-10-15 19:04:08'),
(2514, 8, 19, 29, 23, 45, 21, '2022-10-15 19:01:28', '2022-10-15 19:01:28'),
(2515, 8, 19, 29, 22, 45, 29, '2022-10-15 19:01:29', '2022-10-15 19:01:29'),
(2516, 8, 19, 30, 22, 45, 29, '2022-10-15 19:01:36', '2022-10-15 19:01:36'),
(2517, 8, 19, 29, 26, 45, 26, '2022-10-15 19:01:43', '2022-10-15 19:01:43'),
(2518, 8, 19, 30, 23, 45, 24, '2022-10-15 19:01:47', '2022-10-15 19:01:47'),
(2519, 8, 19, 30, 26, 45, 24, '2022-10-15 19:01:48', '2022-10-15 19:10:54'),
(2520, 8, 19, 31, 26, 45, 8, '2022-10-15 19:01:52', '2022-10-15 19:01:52'),
(2521, 8, 19, 31, 23, 45, 6, '2022-10-15 19:01:55', '2022-10-15 19:01:55'),
(2522, 8, 19, 32, 22, 45, 28, '2022-10-15 19:01:56', '2022-10-15 19:04:31'),
(2523, 8, 19, 32, 26, 45, 26, '2022-10-15 19:02:08', '2022-10-15 19:06:25'),
(2524, 8, 19, 29, 25, 45, 27, '2022-10-15 19:02:25', '2022-10-15 19:02:52'),
(2525, 8, 19, 32, 23, 45, 23, '2022-10-15 19:02:34', '2022-10-15 19:15:29'),
(2526, 8, 19, 29, 22, 47, 30, '2022-10-15 19:02:35', '2022-10-15 19:04:32'),
(2527, 8, 19, 30, 25, 45, 27, '2022-10-15 19:02:41', '2022-10-15 19:02:54'),
(2528, 8, 19, 30, 22, 47, 28, '2022-10-15 19:02:42', '2022-10-15 19:04:33'),
(2529, 8, 19, 31, 25, 45, 7, '2022-10-15 19:02:48', '2022-10-15 19:02:48'),
(2530, 8, 19, 29, 23, 47, 23, '2022-10-15 19:02:51', '2022-10-15 19:02:51'),
(2531, 8, 19, 29, 26, 47, 26, '2022-10-15 19:03:01', '2022-10-15 19:03:01'),
(2532, 8, 19, 30, 23, 47, 22, '2022-10-15 19:03:10', '2022-10-15 19:03:10'),
(2533, 8, 19, 32, 22, 47, 29, '2022-10-15 19:03:11', '2022-10-15 19:04:36'),
(2534, 8, 19, 30, 26, 47, 25, '2022-10-15 19:03:12', '2022-10-15 19:03:12'),
(2535, 8, 19, 31, 23, 47, 5, '2022-10-15 19:03:13', '2022-10-15 19:03:13'),
(2536, 8, 19, 31, 26, 47, 8, '2022-10-15 19:03:14', '2022-10-15 19:03:14'),
(2537, 8, 19, 32, 23, 47, 23, '2022-10-15 19:03:23', '2022-10-15 19:03:23'),
(2538, 8, 19, 32, 26, 47, 26, '2022-10-15 19:03:25', '2022-10-15 19:05:06'),
(2539, 8, 19, 32, 25, 45, 7, '2022-10-15 19:03:28', '2022-10-15 19:03:28'),
(2540, 8, 19, 29, 25, 47, 27, '2022-10-15 19:03:34', '2022-10-15 19:03:34'),
(2541, 8, 19, 30, 25, 47, 25, '2022-10-15 19:03:38', '2022-10-15 19:03:38'),
(2542, 8, 19, 29, 23, 48, 21, '2022-10-15 19:03:42', '2022-10-15 19:03:42'),
(2543, 8, 19, 31, 25, 47, 7, '2022-10-15 19:03:43', '2022-10-15 19:03:43'),
(2544, 8, 19, 29, 22, 48, 26, '2022-10-15 19:03:45', '2022-10-15 19:04:36'),
(2545, 8, 19, 29, 26, 48, 25, '2022-10-15 19:03:57', '2022-10-15 19:05:08'),
(2546, 8, 19, 30, 23, 48, 23, '2022-10-15 19:04:00', '2022-10-15 19:04:00'),
(2547, 8, 19, 32, 25, 47, 7, '2022-10-15 19:04:01', '2022-10-15 19:04:01'),
(2548, 8, 19, 30, 26, 48, 28, '2022-10-15 19:04:01', '2022-10-15 19:04:01'),
(2549, 8, 19, 30, 22, 48, 30, '2022-10-15 19:04:06', '2022-10-15 19:04:36'),
(2550, 8, 19, 32, 25, 48, 8, '2022-10-15 19:04:06', '2022-10-15 19:04:06'),
(2551, 8, 19, 31, 26, 48, 8, '2022-10-15 19:04:07', '2022-10-15 19:04:07'),
(2552, 8, 19, 31, 25, 48, 8, '2022-10-15 19:04:09', '2022-10-15 19:04:09'),
(2553, 8, 19, 32, 26, 48, 26, '2022-10-15 19:04:11', '2022-10-15 19:04:11'),
(2554, 8, 19, 32, 22, 48, 28, '2022-10-15 19:04:14', '2022-10-15 19:04:39'),
(2555, 8, 19, 32, 23, 48, 23, '2022-10-15 19:04:17', '2022-10-15 19:04:17'),
(2556, 8, 19, 30, 25, 48, 26, '2022-10-15 19:04:19', '2022-10-15 19:04:19'),
(2557, 8, 19, 29, 25, 48, 26, '2022-10-15 19:04:24', '2022-10-15 19:04:24'),
(2558, 8, 19, 31, 22, 45, 8, '2022-10-15 19:04:31', '2022-10-15 19:04:31'),
(2559, 8, 19, 29, 23, 49, 20, '2022-10-15 19:04:32', '2022-10-15 19:04:32'),
(2560, 8, 19, 31, 22, 47, 7, '2022-10-15 19:04:35', '2022-10-15 19:04:35'),
(2561, 8, 19, 31, 22, 48, 8, '2022-10-15 19:04:37', '2022-10-15 19:04:37'),
(2562, 8, 19, 29, 26, 49, 26, '2022-10-15 19:04:43', '2022-10-15 19:05:18'),
(2563, 8, 19, 30, 23, 49, 21, '2022-10-15 19:04:47', '2022-10-15 19:04:47'),
(2564, 8, 19, 31, 23, 49, 5, '2022-10-15 19:04:50', '2022-10-15 19:04:50'),
(2565, 8, 19, 30, 26, 49, 26, '2022-10-15 19:04:51', '2022-10-15 19:10:57'),
(2566, 8, 19, 29, 22, 49, 25, '2022-10-15 19:04:52', '2022-10-15 19:04:52'),
(2567, 8, 19, 29, 25, 49, 24, '2022-10-15 19:04:53', '2022-10-15 19:04:53'),
(2568, 8, 19, 31, 26, 49, 8, '2022-10-15 19:04:54', '2022-10-15 19:04:54'),
(2569, 8, 19, 32, 23, 49, 22, '2022-10-15 19:05:01', '2022-10-15 19:05:01'),
(2570, 8, 19, 30, 25, 49, 26, '2022-10-15 19:05:01', '2022-10-15 19:05:01'),
(2571, 8, 19, 30, 22, 49, 27, '2022-10-15 19:05:02', '2022-10-15 19:05:02'),
(2572, 8, 19, 32, 26, 49, 26, '2022-10-15 19:05:02', '2022-10-15 19:05:02'),
(2573, 8, 19, 31, 25, 49, 7, '2022-10-15 19:05:06', '2022-10-15 19:05:06'),
(2574, 8, 19, 31, 22, 49, 6, '2022-10-15 19:05:08', '2022-10-15 19:05:08'),
(2575, 8, 19, 32, 22, 49, 27, '2022-10-15 19:05:14', '2022-10-15 19:05:14'),
(2576, 8, 19, 29, 23, 50, 22, '2022-10-15 19:05:18', '2022-10-15 19:05:18'),
(2577, 8, 19, 30, 23, 50, 22, '2022-10-15 19:05:29', '2022-10-15 19:05:29'),
(2578, 8, 19, 32, 25, 49, 6, '2022-10-15 19:05:31', '2022-10-15 19:05:31'),
(2579, 8, 19, 29, 25, 50, 27, '2022-10-15 19:05:34', '2022-10-15 19:08:01'),
(2580, 8, 19, 29, 22, 50, 30, '2022-10-15 19:05:37', '2022-10-15 19:05:37'),
(2581, 8, 19, 31, 23, 50, 9, '2022-10-15 19:05:39', '2022-10-15 19:05:39'),
(2582, 8, 19, 29, 26, 50, 28, '2022-10-15 19:05:45', '2022-10-15 19:05:45'),
(2583, 8, 19, 30, 25, 50, 28, '2022-10-15 19:05:45', '2022-10-15 19:05:45'),
(2584, 8, 19, 32, 23, 50, 25, '2022-10-15 19:05:50', '2022-10-15 19:05:50'),
(2585, 8, 19, 30, 22, 50, 29, '2022-10-15 19:05:57', '2022-10-15 19:05:57'),
(2586, 8, 19, 31, 25, 50, 8, '2022-10-15 19:06:00', '2022-10-15 19:06:00'),
(2587, 8, 19, 30, 26, 50, 28, '2022-10-15 19:06:02', '2022-10-15 19:16:46'),
(2588, 8, 19, 31, 26, 50, 9, '2022-10-15 19:06:04', '2022-10-15 19:06:04'),
(2589, 8, 19, 32, 26, 50, 27, '2022-10-15 19:06:08', '2022-10-15 19:06:08'),
(2590, 8, 19, 31, 22, 50, 8, '2022-10-15 19:06:17', '2022-10-15 19:06:17'),
(2591, 8, 19, 32, 22, 50, 29, '2022-10-15 19:06:24', '2022-10-15 19:06:24'),
(2592, 8, 19, 29, 23, 51, 21, '2022-10-15 19:06:38', '2022-10-15 19:06:38'),
(2593, 8, 19, 30, 23, 51, 21, '2022-10-15 19:06:58', '2022-10-15 19:06:58'),
(2594, 8, 19, 29, 22, 51, 26, '2022-10-15 19:06:59', '2022-10-15 19:06:59'),
(2595, 8, 19, 29, 26, 51, 27, '2022-10-15 19:07:06', '2022-10-15 19:07:06'),
(2596, 8, 19, 32, 25, 50, 9, '2022-10-15 19:07:08', '2022-10-15 19:07:08'),
(2597, 8, 19, 30, 22, 51, 27, '2022-10-15 19:07:09', '2022-10-15 19:07:09'),
(2598, 8, 19, 29, 25, 51, 27, '2022-10-15 19:07:10', '2022-10-15 19:07:10'),
(2599, 8, 19, 31, 22, 51, 6, '2022-10-15 19:07:14', '2022-10-15 19:07:14'),
(2600, 8, 19, 30, 26, 51, 27, '2022-10-15 19:07:18', '2022-10-15 19:07:18'),
(2601, 8, 19, 31, 23, 51, 5, '2022-10-15 19:07:19', '2022-10-15 19:07:19'),
(2602, 8, 19, 32, 22, 51, 26, '2022-10-15 19:07:20', '2022-10-15 19:07:20'),
(2603, 8, 19, 30, 25, 51, 26, '2022-10-15 19:07:21', '2022-10-15 19:07:21'),
(2604, 8, 19, 31, 26, 51, 9, '2022-10-15 19:07:23', '2022-10-15 19:07:23'),
(2605, 8, 19, 32, 23, 51, 24, '2022-10-15 19:07:25', '2022-10-15 19:07:25'),
(2606, 8, 19, 32, 26, 51, 27, '2022-10-15 19:07:26', '2022-10-15 19:07:26'),
(2607, 8, 19, 31, 25, 51, 6, '2022-10-15 19:07:32', '2022-10-15 19:07:32'),
(2608, 8, 19, 32, 25, 51, 7, '2022-10-15 19:07:35', '2022-10-15 19:07:35'),
(2609, 8, 19, 29, 23, 52, 21, '2022-10-15 19:07:53', '2022-10-15 19:07:53'),
(2610, 8, 19, 29, 26, 52, 26, '2022-10-15 19:08:02', '2022-10-15 19:08:02'),
(2611, 8, 19, 29, 22, 52, 30, '2022-10-15 19:08:03', '2022-10-15 19:08:03'),
(2612, 8, 19, 30, 26, 52, 28, '2022-10-15 19:08:06', '2022-10-15 19:08:06'),
(2613, 8, 19, 29, 25, 52, 28, '2022-10-15 19:08:06', '2022-10-15 19:08:06'),
(2614, 8, 19, 31, 26, 52, 8, '2022-10-15 19:08:08', '2022-10-15 19:08:08'),
(2615, 8, 19, 30, 25, 52, 28, '2022-10-15 19:08:09', '2022-10-15 19:08:09'),
(2616, 8, 19, 30, 23, 52, 21, '2022-10-15 19:08:09', '2022-10-15 19:08:09'),
(2617, 8, 19, 32, 26, 52, 27, '2022-10-15 19:08:10', '2022-10-15 19:08:10'),
(2618, 8, 19, 30, 22, 52, 29, '2022-10-15 19:08:13', '2022-10-15 19:08:13'),
(2619, 8, 19, 32, 25, 52, 8, '2022-10-15 19:08:20', '2022-10-15 19:08:20'),
(2620, 8, 19, 31, 23, 52, 5, '2022-10-15 19:08:20', '2022-10-15 19:08:20'),
(2621, 8, 19, 32, 22, 52, 29, '2022-10-15 19:08:22', '2022-10-15 19:08:56'),
(2622, 8, 19, 32, 23, 52, 22, '2022-10-15 19:08:26', '2022-10-15 19:08:26'),
(2623, 8, 19, 29, 22, 53, 25, '2022-10-15 19:08:35', '2022-10-15 19:08:57'),
(2624, 8, 19, 29, 26, 53, 28, '2022-10-15 19:08:40', '2022-10-15 19:08:40'),
(2625, 8, 19, 29, 23, 53, 20, '2022-10-15 19:08:41', '2022-10-15 19:08:41'),
(2626, 8, 19, 30, 22, 53, 26, '2022-10-15 19:08:44', '2022-10-15 19:08:57'),
(2627, 8, 19, 31, 22, 52, 9, '2022-10-15 19:08:54', '2022-10-15 19:08:56'),
(2628, 8, 19, 30, 23, 53, 21, '2022-10-15 19:09:05', '2022-10-15 19:09:05'),
(2629, 8, 19, 31, 23, 53, 5, '2022-10-15 19:09:14', '2022-10-15 19:09:14'),
(2630, 8, 19, 29, 25, 53, 27, '2022-10-15 19:09:16', '2022-10-15 19:09:16'),
(2631, 8, 19, 31, 22, 53, 7, '2022-10-15 19:09:19', '2022-10-15 19:09:19'),
(2632, 8, 19, 30, 26, 53, 29, '2022-10-15 19:09:25', '2022-10-15 19:09:25'),
(2633, 8, 19, 31, 26, 53, 9, '2022-10-15 19:09:25', '2022-10-15 19:09:25'),
(2634, 8, 19, 30, 25, 53, 27, '2022-10-15 19:09:27', '2022-10-15 19:09:27'),
(2635, 8, 19, 32, 26, 53, 28, '2022-10-15 19:09:27', '2022-10-15 19:09:27'),
(2636, 8, 19, 32, 23, 53, 22, '2022-10-15 19:09:29', '2022-10-15 19:09:29'),
(2637, 8, 19, 32, 22, 53, 27, '2022-10-15 19:09:39', '2022-10-15 19:09:39'),
(2638, 8, 19, 29, 22, 54, 29, '2022-10-15 19:09:57', '2022-10-15 19:09:57'),
(2639, 8, 19, 32, 25, 53, 5, '2022-10-15 19:10:01', '2022-10-15 19:10:01'),
(2640, 8, 19, 29, 23, 54, 24, '2022-10-15 19:10:01', '2022-10-15 19:10:01'),
(2641, 8, 19, 30, 22, 54, 28, '2022-10-15 19:10:15', '2022-10-15 19:10:15'),
(2642, 8, 19, 29, 26, 54, 25, '2022-10-15 19:10:20', '2022-10-15 19:10:20'),
(2643, 8, 19, 30, 26, 54, 25, '2022-10-15 19:10:22', '2022-10-15 19:10:22'),
(2644, 8, 19, 31, 26, 54, 8, '2022-10-15 19:10:26', '2022-10-15 19:10:26'),
(2645, 8, 19, 32, 26, 54, 26, '2022-10-15 19:10:30', '2022-10-15 19:10:30'),
(2646, 8, 19, 30, 23, 54, 22, '2022-10-15 19:10:31', '2022-10-15 19:10:31'),
(2647, 8, 19, 31, 23, 54, 7, '2022-10-15 19:10:44', '2022-10-15 19:10:44'),
(2648, 8, 19, 29, 25, 54, 28, '2022-10-15 19:10:47', '2022-10-15 19:10:47'),
(2649, 8, 19, 29, 24, 45, 30, '2022-10-15 19:10:50', '2022-10-15 19:10:50'),
(2650, 8, 19, 30, 25, 54, 27, '2022-10-15 19:10:52', '2022-10-15 19:10:52'),
(2651, 8, 19, 29, 24, 47, 30, '2022-10-15 19:10:53', '2022-10-15 19:10:53'),
(2652, 8, 19, 32, 23, 54, 22, '2022-10-15 19:10:55', '2022-10-15 19:10:55'),
(2653, 8, 19, 29, 24, 48, 30, '2022-10-15 19:10:55', '2022-10-15 19:10:55'),
(2654, 8, 19, 29, 24, 49, 30, '2022-10-15 19:10:57', '2022-10-15 19:10:57'),
(2655, 8, 19, 29, 24, 50, 30, '2022-10-15 19:10:58', '2022-10-15 19:10:58'),
(2656, 8, 19, 31, 22, 54, 7, '2022-10-15 19:10:59', '2022-10-15 19:10:59'),
(2657, 8, 19, 29, 24, 51, 30, '2022-10-15 19:11:00', '2022-10-15 19:11:00'),
(2658, 8, 19, 32, 22, 54, 28, '2022-10-15 19:11:03', '2022-10-15 19:11:03'),
(2659, 8, 19, 31, 25, 52, 8, '2022-10-15 19:11:04', '2022-10-15 19:11:04'),
(2660, 8, 19, 29, 24, 52, 30, '2022-10-15 19:11:04', '2022-10-15 19:11:04'),
(2661, 8, 19, 31, 25, 53, 6, '2022-10-15 19:11:06', '2022-10-15 19:11:06'),
(2662, 8, 19, 29, 24, 53, 30, '2022-10-15 19:11:06', '2022-10-15 19:11:06'),
(2663, 8, 19, 29, 24, 54, 30, '2022-10-15 19:11:10', '2022-10-15 19:11:10'),
(2664, 8, 19, 29, 23, 55, 20, '2022-10-15 19:11:17', '2022-10-15 19:11:17'),
(2665, 8, 19, 31, 25, 54, 7, '2022-10-15 19:11:36', '2022-10-15 19:11:36'),
(2666, 8, 19, 29, 22, 55, 25, '2022-10-15 19:11:39', '2022-10-15 19:11:39'),
(2667, 8, 19, 32, 25, 54, 8, '2022-10-15 19:11:46', '2022-10-15 19:11:46'),
(2668, 8, 19, 29, 24, 55, 30, '2022-10-15 19:11:46', '2022-10-15 19:11:46'),
(2669, 8, 19, 30, 22, 55, 28, '2022-10-15 19:11:47', '2022-10-15 19:11:47'),
(2670, 8, 19, 29, 24, 56, 30, '2022-10-15 19:11:49', '2022-10-15 19:11:49'),
(2671, 8, 19, 30, 23, 55, 21, '2022-10-15 19:11:50', '2022-10-15 19:11:50'),
(2672, 8, 19, 31, 22, 55, 7, '2022-10-15 19:11:50', '2022-10-15 19:11:50'),
(2673, 8, 19, 29, 26, 55, 27, '2022-10-15 19:11:50', '2022-10-15 19:11:50'),
(2674, 8, 19, 30, 26, 55, 26, '2022-10-15 19:11:52', '2022-10-15 19:15:55'),
(2675, 8, 19, 31, 23, 55, 5, '2022-10-15 19:11:57', '2022-10-15 19:11:57'),
(2676, 8, 19, 31, 26, 55, 8, '2022-10-15 19:12:00', '2022-10-15 19:12:17'),
(2677, 8, 19, 32, 26, 55, 27, '2022-10-15 19:12:02', '2022-10-15 19:12:02'),
(2678, 8, 19, 32, 22, 55, 26, '2022-10-15 19:12:07', '2022-10-15 19:12:07'),
(2679, 8, 19, 32, 23, 55, 22, '2022-10-15 19:12:07', '2022-10-15 19:12:07'),
(2680, 8, 19, 29, 25, 55, 26, '2022-10-15 19:12:07', '2022-10-15 19:12:07'),
(2681, 8, 19, 29, 22, 56, 30, '2022-10-15 19:12:13', '2022-10-15 19:12:13'),
(2682, 8, 19, 30, 22, 56, 25, '2022-10-15 19:12:19', '2022-10-15 19:12:19'),
(2683, 8, 19, 30, 25, 55, 28, '2022-10-15 19:12:23', '2022-10-15 19:12:23'),
(2684, 8, 19, 31, 22, 56, 6, '2022-10-15 19:12:26', '2022-10-15 19:12:26'),
(2685, 8, 19, 29, 23, 56, 21, '2022-10-15 19:12:29', '2022-10-15 19:12:29'),
(2686, 8, 19, 31, 25, 55, 7, '2022-10-15 19:12:30', '2022-10-15 19:12:30'),
(2687, 8, 19, 32, 25, 55, 8, '2022-10-15 19:12:34', '2022-10-15 19:12:34'),
(2688, 8, 19, 29, 26, 56, 26, '2022-10-15 19:12:35', '2022-10-15 19:12:35'),
(2689, 8, 19, 32, 22, 56, 29, '2022-10-15 19:12:36', '2022-10-15 19:12:39'),
(2690, 8, 19, 30, 26, 56, 24, '2022-10-15 19:12:44', '2022-10-15 19:12:57'),
(2691, 8, 19, 31, 26, 56, 8, '2022-10-15 19:12:47', '2022-10-15 19:12:57'),
(2692, 8, 19, 30, 23, 56, 22, '2022-10-15 19:12:48', '2022-10-15 19:12:48'),
(2693, 8, 19, 29, 25, 56, 25, '2022-10-15 19:12:55', '2022-10-15 19:12:55'),
(2694, 8, 19, 30, 25, 56, 25, '2022-10-15 19:12:59', '2022-10-15 19:12:59'),
(2695, 8, 19, 32, 26, 56, 26, '2022-10-15 19:13:01', '2022-10-15 19:13:01'),
(2696, 8, 19, 31, 23, 56, 6, '2022-10-15 19:13:01', '2022-10-15 19:13:01'),
(2697, 8, 19, 31, 25, 56, 5, '2022-10-15 19:13:04', '2022-10-15 19:13:04'),
(2698, 8, 19, 32, 23, 56, 22, '2022-10-15 19:13:12', '2022-10-15 19:13:12'),
(2699, 8, 19, 29, 22, 57, 29, '2022-10-15 19:13:17', '2022-10-15 19:14:23'),
(2700, 8, 19, 29, 23, 57, 28, '2022-10-15 19:13:23', '2022-10-15 19:13:23'),
(2701, 8, 19, 30, 22, 57, 30, '2022-10-15 19:13:41', '2022-10-15 19:14:24'),
(2702, 8, 19, 29, 26, 57, 29, '2022-10-15 19:13:46', '2022-10-15 19:13:46'),
(2703, 8, 19, 30, 26, 57, 29, '2022-10-15 19:13:48', '2022-10-15 19:14:31'),
(2704, 8, 19, 29, 24, 57, 30, '2022-10-15 19:13:49', '2022-10-15 19:13:49'),
(2705, 8, 19, 30, 23, 57, 27, '2022-10-15 19:13:50', '2022-10-15 19:13:50'),
(2706, 8, 19, 32, 25, 56, 6, '2022-10-15 19:13:50', '2022-10-15 19:13:50'),
(2707, 8, 19, 31, 26, 57, 10, '2022-10-15 19:13:51', '2022-10-15 19:14:35'),
(2708, 8, 19, 30, 24, 45, 29, '2022-10-15 19:13:55', '2022-10-15 19:13:55'),
(2709, 8, 19, 30, 24, 47, 27, '2022-10-15 19:13:57', '2022-10-15 19:13:57'),
(2710, 8, 19, 31, 22, 57, 10, '2022-10-15 19:13:57', '2022-10-15 19:14:24'),
(2711, 8, 19, 30, 24, 48, 29, '2022-10-15 19:13:59', '2022-10-15 19:13:59'),
(2712, 8, 19, 32, 26, 57, 28, '2022-10-15 19:14:00', '2022-10-15 19:16:50'),
(2713, 8, 19, 30, 24, 49, 26, '2022-10-15 19:14:01', '2022-10-15 19:14:01'),
(2714, 8, 19, 30, 24, 50, 30, '2022-10-15 19:14:04', '2022-10-15 19:14:04'),
(2715, 8, 19, 30, 24, 51, 27, '2022-10-15 19:14:07', '2022-10-15 19:14:07'),
(2716, 8, 19, 32, 22, 57, 28, '2022-10-15 19:14:07', '2022-10-15 19:14:48'),
(2717, 8, 19, 31, 23, 57, 10, '2022-10-15 19:14:08', '2022-10-15 19:14:08'),
(2718, 8, 19, 30, 24, 52, 27, '2022-10-15 19:14:11', '2022-10-15 19:14:11'),
(2719, 8, 19, 30, 24, 53, 28, '2022-10-15 19:14:16', '2022-10-15 19:14:16'),
(2720, 8, 19, 30, 24, 54, 27, '2022-10-15 19:14:17', '2022-10-15 19:14:17'),
(2721, 8, 19, 30, 24, 55, 26, '2022-10-15 19:14:21', '2022-10-15 19:14:21'),
(2722, 8, 19, 29, 25, 57, 29, '2022-10-15 19:14:22', '2022-10-15 19:14:22'),
(2723, 8, 19, 32, 23, 57, 22, '2022-10-15 19:14:22', '2022-10-15 19:14:22'),
(2724, 8, 19, 30, 24, 56, 26, '2022-10-15 19:14:23', '2022-10-15 19:14:23'),
(2725, 8, 19, 30, 24, 57, 30, '2022-10-15 19:14:26', '2022-10-15 19:14:26'),
(2726, 8, 19, 31, 24, 45, 10, '2022-10-15 19:14:27', '2022-10-15 19:14:27'),
(2727, 8, 19, 31, 24, 47, 10, '2022-10-15 19:14:29', '2022-10-15 19:14:29'),
(2728, 8, 19, 31, 24, 48, 10, '2022-10-15 19:14:30', '2022-10-15 19:14:30'),
(2729, 8, 19, 31, 24, 49, 10, '2022-10-15 19:14:31', '2022-10-15 19:14:31'),
(2730, 8, 19, 31, 24, 50, 10, '2022-10-15 19:14:33', '2022-10-15 19:14:33'),
(2731, 8, 19, 30, 25, 57, 29, '2022-10-15 19:14:33', '2022-10-15 19:14:33'),
(2732, 8, 19, 31, 24, 51, 10, '2022-10-15 19:14:34', '2022-10-15 19:14:34'),
(2733, 8, 19, 31, 24, 52, 10, '2022-10-15 19:14:36', '2022-10-15 19:14:36'),
(2734, 8, 19, 31, 25, 57, 8, '2022-10-15 19:14:38', '2022-10-15 19:14:38'),
(2735, 8, 19, 31, 24, 53, 10, '2022-10-15 19:14:38', '2022-10-15 19:14:38'),
(2736, 8, 19, 31, 24, 54, 10, '2022-10-15 19:14:40', '2022-10-15 19:14:40'),
(2737, 8, 19, 31, 24, 55, 10, '2022-10-15 19:14:41', '2022-10-15 19:14:41'),
(2738, 8, 19, 31, 24, 56, 10, '2022-10-15 19:14:43', '2022-10-15 19:14:43'),
(2739, 8, 19, 31, 24, 57, 10, '2022-10-15 19:14:46', '2022-10-15 19:14:46'),
(2740, 8, 19, 32, 24, 45, 29, '2022-10-15 19:14:51', '2022-10-15 19:14:55'),
(2741, 8, 19, 32, 24, 47, 27, '2022-10-15 19:14:59', '2022-10-15 19:14:59'),
(2742, 8, 19, 32, 24, 48, 29, '2022-10-15 19:15:01', '2022-10-15 19:15:01'),
(2743, 8, 19, 32, 24, 49, 27, '2022-10-15 19:15:07', '2022-10-15 19:15:07'),
(2744, 8, 19, 32, 24, 50, 28, '2022-10-15 19:15:11', '2022-10-15 19:15:11'),
(2745, 8, 19, 32, 24, 51, 28, '2022-10-15 19:15:13', '2022-10-15 19:15:13'),
(2746, 8, 19, 32, 24, 52, 28, '2022-10-15 19:15:17', '2022-10-15 19:15:17'),
(2747, 8, 19, 32, 24, 53, 28, '2022-10-15 19:15:19', '2022-10-15 19:15:19'),
(2748, 8, 19, 32, 25, 57, 8, '2022-10-15 19:15:22', '2022-10-15 19:15:22'),
(2749, 8, 19, 32, 24, 54, 27, '2022-10-15 19:15:22', '2022-10-15 19:15:22'),
(2750, 8, 19, 32, 24, 55, 27, '2022-10-15 19:15:25', '2022-10-15 19:15:25'),
(2751, 8, 19, 32, 24, 56, 29, '2022-10-15 19:15:27', '2022-10-15 19:15:27'),
(2752, 8, 19, 32, 24, 57, 29, '2022-10-15 19:15:42', '2022-10-15 19:15:42'),
(2753, 8, 21, 36, 22, 45, 29, '2022-10-15 19:20:11', '2022-10-15 19:20:11'),
(2754, 8, 21, 36, 23, 45, 25, '2022-10-15 19:20:18', '2022-10-15 19:20:18'),
(2755, 8, 21, 36, 26, 45, 25, '2022-10-15 19:20:23', '2022-10-15 19:20:23'),
(2756, 8, 21, 37, 23, 45, 15, '2022-10-15 19:20:30', '2022-10-15 19:20:30'),
(2757, 8, 21, 38, 26, 45, 17, '2022-10-15 19:20:40', '2022-10-15 19:21:23'),
(2758, 8, 21, 37, 22, 45, 17, '2022-10-15 19:20:40', '2022-10-15 19:21:22'),
(2759, 8, 21, 38, 22, 45, 15, '2022-10-15 19:20:47', '2022-10-15 19:20:47'),
(2760, 8, 21, 39, 26, 45, 25, '2022-10-15 19:20:51', '2022-10-15 19:20:51'),
(2761, 8, 21, 39, 22, 45, 28, '2022-10-15 19:20:55', '2022-10-15 19:21:27'),
(2762, 8, 21, 38, 23, 45, 16, '2022-10-15 19:20:57', '2022-10-15 19:24:35'),
(2763, 8, 21, 36, 25, 45, 27, '2022-10-15 19:21:01', '2022-10-15 19:21:01'),
(2764, 8, 21, 39, 23, 45, 22, '2022-10-15 19:21:04', '2022-10-15 19:21:04'),
(2765, 8, 21, 38, 25, 45, 16, '2022-10-15 19:21:25', '2022-10-15 19:26:32');
INSERT INTO `tabs_results` (`tabs_result_id`, `tabs_event_id`, `tabs_cat_id`, `tabs_cri_id`, `tabs_user_id`, `tabs_can_id`, `tabs_result_score`, `tabs_result_created`, `tabs_result_updated`) VALUES
(2766, 8, 21, 39, 25, 45, 27, '2022-10-15 19:21:32', '2022-10-15 19:21:32'),
(2767, 8, 21, 36, 22, 47, 30, '2022-10-15 19:21:35', '2022-10-15 19:21:35'),
(2768, 8, 21, 36, 23, 47, 26, '2022-10-15 19:21:40', '2022-10-15 19:21:40'),
(2769, 8, 21, 37, 23, 47, 15, '2022-10-15 19:21:47', '2022-10-15 19:21:47'),
(2770, 8, 21, 36, 26, 47, 26, '2022-10-15 19:21:50', '2022-10-15 19:22:10'),
(2771, 8, 21, 38, 23, 47, 14, '2022-10-15 19:21:57', '2022-10-15 19:21:57'),
(2772, 8, 21, 39, 23, 47, 20, '2022-10-15 19:22:01', '2022-10-15 19:22:01'),
(2773, 8, 21, 37, 22, 47, 16, '2022-10-15 19:22:14', '2022-10-15 19:22:14'),
(2774, 8, 21, 37, 26, 45, 17, '2022-10-15 19:22:15', '2022-10-15 19:22:27'),
(2775, 8, 21, 37, 26, 47, 18, '2022-10-15 19:22:18', '2022-10-15 19:40:57'),
(2776, 8, 21, 36, 25, 47, 27, '2022-10-15 19:22:18', '2022-10-15 19:22:18'),
(2777, 8, 21, 38, 22, 47, 17, '2022-10-15 19:22:25', '2022-10-15 19:22:25'),
(2778, 8, 21, 38, 26, 47, 18, '2022-10-15 19:22:30', '2022-10-15 19:22:30'),
(2779, 8, 21, 39, 22, 47, 29, '2022-10-15 19:22:31', '2022-10-15 19:22:31'),
(2780, 8, 21, 39, 26, 47, 28, '2022-10-15 19:22:35', '2022-10-15 19:22:35'),
(2781, 8, 21, 38, 25, 47, 17, '2022-10-15 19:22:43', '2022-10-15 19:26:35'),
(2782, 8, 21, 39, 25, 47, 27, '2022-10-15 19:22:48', '2022-10-15 19:22:48'),
(2783, 8, 21, 36, 23, 48, 23, '2022-10-15 19:22:53', '2022-10-15 19:22:53'),
(2784, 8, 21, 37, 25, 45, 18, '2022-10-15 19:22:54', '2022-10-15 19:22:54'),
(2785, 8, 21, 37, 25, 47, 17, '2022-10-15 19:22:57', '2022-10-15 19:22:57'),
(2786, 8, 21, 36, 22, 48, 27, '2022-10-15 19:23:04', '2022-10-15 19:23:04'),
(2787, 8, 21, 36, 26, 48, 26, '2022-10-15 19:23:11', '2022-10-15 19:23:11'),
(2788, 8, 21, 37, 22, 48, 18, '2022-10-15 19:23:15', '2022-10-15 19:26:09'),
(2789, 8, 21, 37, 26, 48, 16, '2022-10-15 19:23:15', '2022-10-15 19:23:15'),
(2790, 8, 21, 38, 26, 48, 18, '2022-10-15 19:23:19', '2022-10-15 19:23:19'),
(2791, 8, 21, 38, 22, 48, 18, '2022-10-15 19:23:20', '2022-10-15 19:26:09'),
(2792, 8, 21, 39, 26, 48, 26, '2022-10-15 19:23:23', '2022-10-15 19:23:23'),
(2793, 8, 21, 37, 23, 48, 15, '2022-10-15 19:23:24', '2022-10-15 19:23:24'),
(2794, 8, 21, 36, 25, 48, 27, '2022-10-15 19:23:26', '2022-10-15 19:24:26'),
(2795, 8, 21, 38, 23, 48, 14, '2022-10-15 19:23:27', '2022-10-15 19:23:27'),
(2796, 8, 21, 39, 22, 48, 28, '2022-10-15 19:23:30', '2022-10-15 19:26:10'),
(2797, 8, 21, 39, 23, 48, 18, '2022-10-15 19:23:32', '2022-10-15 19:23:32'),
(2798, 8, 21, 39, 25, 48, 26, '2022-10-15 19:23:33', '2022-10-15 19:23:33'),
(2799, 8, 21, 38, 25, 48, 17, '2022-10-15 19:23:36', '2022-10-15 19:23:36'),
(2800, 8, 21, 37, 25, 48, 17, '2022-10-15 19:23:39', '2022-10-15 19:23:39'),
(2801, 8, 21, 36, 26, 49, 25, '2022-10-15 19:23:41', '2022-10-15 19:23:41'),
(2802, 8, 21, 36, 23, 49, 22, '2022-10-15 19:23:47', '2022-10-15 19:23:47'),
(2803, 8, 21, 36, 22, 49, 26, '2022-10-15 19:23:51', '2022-10-15 19:26:10'),
(2804, 8, 21, 37, 26, 49, 18, '2022-10-15 19:23:58', '2022-10-15 19:23:58'),
(2805, 8, 21, 37, 23, 49, 15, '2022-10-15 19:23:59', '2022-10-15 19:23:59'),
(2806, 8, 21, 37, 22, 49, 18, '2022-10-15 19:24:00', '2022-10-15 19:26:10'),
(2807, 8, 21, 38, 26, 49, 18, '2022-10-15 19:24:03', '2022-10-15 19:24:03'),
(2808, 8, 21, 38, 22, 49, 19, '2022-10-15 19:24:05', '2022-10-15 19:26:10'),
(2809, 8, 21, 39, 26, 49, 27, '2022-10-15 19:24:14', '2022-10-15 19:24:14'),
(2810, 8, 21, 39, 25, 49, 27, '2022-10-15 19:24:14', '2022-10-15 19:25:03'),
(2811, 8, 21, 38, 23, 49, 15, '2022-10-15 19:24:21', '2022-10-15 19:24:21'),
(2812, 8, 21, 39, 22, 49, 27, '2022-10-15 19:24:22', '2022-10-15 19:26:11'),
(2813, 8, 21, 37, 25, 49, 18, '2022-10-15 19:24:24', '2022-10-15 19:24:24'),
(2814, 8, 21, 39, 23, 49, 20, '2022-10-15 19:24:26', '2022-10-15 19:24:26'),
(2815, 8, 21, 36, 25, 49, 27, '2022-10-15 19:24:29', '2022-10-15 19:24:29'),
(2816, 8, 21, 38, 25, 49, 17, '2022-10-15 19:24:32', '2022-10-15 19:24:32'),
(2817, 8, 21, 39, 25, 50, 28, '2022-10-15 19:25:06', '2022-10-15 19:25:06'),
(2818, 8, 21, 36, 26, 50, 28, '2022-10-15 19:25:21', '2022-10-15 19:25:21'),
(2819, 8, 21, 36, 23, 50, 28, '2022-10-15 19:25:23', '2022-10-15 19:25:23'),
(2820, 8, 21, 37, 23, 50, 18, '2022-10-15 19:25:29', '2022-10-15 19:25:29'),
(2821, 8, 21, 36, 22, 50, 30, '2022-10-15 19:25:35', '2022-10-15 19:26:11'),
(2822, 8, 21, 36, 25, 50, 28, '2022-10-15 19:25:37', '2022-10-15 19:25:37'),
(2823, 8, 21, 38, 23, 50, 18, '2022-10-15 19:25:39', '2022-10-15 19:25:39'),
(2824, 8, 21, 37, 25, 50, 19, '2022-10-15 19:25:40', '2022-10-15 19:25:40'),
(2825, 8, 21, 37, 22, 50, 19, '2022-10-15 19:25:43', '2022-10-15 19:26:11'),
(2826, 8, 21, 39, 23, 50, 25, '2022-10-15 19:25:45', '2022-10-15 19:25:45'),
(2827, 8, 21, 37, 26, 50, 19, '2022-10-15 19:25:46', '2022-10-15 19:25:46'),
(2828, 8, 21, 38, 26, 50, 18, '2022-10-15 19:25:49', '2022-10-15 19:32:00'),
(2829, 8, 21, 38, 22, 50, 19, '2022-10-15 19:25:50', '2022-10-15 19:26:12'),
(2830, 8, 21, 39, 26, 50, 28, '2022-10-15 19:25:55', '2022-10-15 19:29:55'),
(2831, 8, 21, 39, 22, 50, 30, '2022-10-15 19:25:57', '2022-10-15 19:26:12'),
(2832, 8, 21, 36, 22, 51, 28, '2022-10-15 19:26:56', '2022-10-15 19:26:56'),
(2833, 8, 21, 37, 22, 51, 17, '2022-10-15 19:27:02', '2022-10-15 19:27:40'),
(2834, 8, 21, 36, 23, 51, 23, '2022-10-15 19:27:06', '2022-10-15 19:27:06'),
(2835, 8, 21, 38, 22, 51, 19, '2022-10-15 19:27:13', '2022-10-15 19:27:40'),
(2836, 8, 21, 36, 26, 51, 27, '2022-10-15 19:27:13', '2022-10-15 19:27:13'),
(2837, 8, 21, 38, 25, 50, 19, '2022-10-15 19:27:18', '2022-10-15 19:27:18'),
(2838, 8, 21, 37, 23, 51, 16, '2022-10-15 19:27:24', '2022-10-15 19:27:24'),
(2839, 8, 21, 39, 25, 51, 25, '2022-10-15 19:27:27', '2022-10-15 19:27:27'),
(2840, 8, 21, 38, 26, 51, 18, '2022-10-15 19:27:29', '2022-10-15 19:27:39'),
(2841, 8, 21, 39, 22, 51, 26, '2022-10-15 19:27:32', '2022-10-15 19:28:52'),
(2842, 8, 21, 38, 23, 51, 15, '2022-10-15 19:27:35', '2022-10-15 19:27:35'),
(2843, 8, 21, 37, 26, 51, 16, '2022-10-15 19:27:35', '2022-10-15 19:27:35'),
(2844, 8, 21, 38, 25, 51, 15, '2022-10-15 19:27:38', '2022-10-15 19:27:38'),
(2845, 8, 21, 37, 25, 51, 17, '2022-10-15 19:27:41', '2022-10-15 19:27:41'),
(2846, 8, 21, 39, 26, 51, 24, '2022-10-15 19:27:42', '2022-10-15 19:27:53'),
(2847, 8, 21, 36, 25, 51, 26, '2022-10-15 19:27:43', '2022-10-15 19:27:43'),
(2848, 8, 21, 39, 23, 51, 23, '2022-10-15 19:27:46', '2022-10-15 19:27:46'),
(2849, 8, 21, 36, 26, 52, 25, '2022-10-15 19:28:08', '2022-10-15 19:28:08'),
(2850, 8, 21, 36, 23, 52, 23, '2022-10-15 19:28:09', '2022-10-15 19:28:09'),
(2851, 8, 21, 36, 25, 52, 27, '2022-10-15 19:28:12', '2022-10-15 19:28:12'),
(2852, 8, 21, 36, 22, 52, 29, '2022-10-15 19:28:13', '2022-10-15 19:28:52'),
(2853, 8, 21, 37, 23, 52, 16, '2022-10-15 19:28:15', '2022-10-15 19:28:15'),
(2854, 8, 21, 38, 26, 52, 16, '2022-10-15 19:28:18', '2022-10-15 19:28:18'),
(2855, 8, 21, 37, 25, 52, 17, '2022-10-15 19:28:19', '2022-10-15 19:28:19'),
(2856, 8, 21, 38, 23, 52, 15, '2022-10-15 19:28:19', '2022-10-15 19:28:19'),
(2857, 8, 21, 37, 22, 52, 16, '2022-10-15 19:28:21', '2022-10-15 19:28:54'),
(2858, 8, 21, 38, 25, 52, 17, '2022-10-15 19:28:22', '2022-10-15 19:28:22'),
(2859, 8, 21, 39, 23, 52, 22, '2022-10-15 19:28:22', '2022-10-15 19:28:22'),
(2860, 8, 21, 39, 26, 52, 25, '2022-10-15 19:28:24', '2022-10-15 19:28:24'),
(2861, 8, 21, 39, 25, 52, 27, '2022-10-15 19:28:25', '2022-10-15 19:28:25'),
(2862, 8, 21, 36, 23, 53, 22, '2022-10-15 19:28:34', '2022-10-15 19:28:34'),
(2863, 8, 21, 38, 22, 52, 19, '2022-10-15 19:28:35', '2022-10-15 19:28:55'),
(2864, 8, 21, 36, 26, 53, 28, '2022-10-15 19:28:49', '2022-10-15 19:28:49'),
(2865, 8, 21, 39, 22, 52, 27, '2022-10-15 19:28:50', '2022-10-15 19:28:55'),
(2866, 8, 21, 37, 23, 53, 15, '2022-10-15 19:28:55', '2022-10-15 19:28:55'),
(2867, 8, 21, 36, 22, 53, 25, '2022-10-15 19:29:03', '2022-10-15 19:29:03'),
(2868, 8, 21, 39, 25, 53, 26, '2022-10-15 19:29:10', '2022-10-15 19:29:10'),
(2869, 8, 21, 36, 25, 53, 27, '2022-10-15 19:29:27', '2022-10-15 19:29:27'),
(2870, 8, 21, 37, 25, 53, 18, '2022-10-15 19:29:30', '2022-10-15 19:31:32'),
(2871, 8, 21, 38, 23, 53, 15, '2022-10-15 19:29:30', '2022-10-15 19:29:30'),
(2872, 8, 21, 39, 23, 53, 23, '2022-10-15 19:29:36', '2022-10-15 19:29:36'),
(2873, 8, 21, 38, 25, 53, 17, '2022-10-15 19:29:38', '2022-10-15 19:29:38'),
(2874, 8, 21, 37, 26, 53, 19, '2022-10-15 19:29:45', '2022-10-15 19:29:45'),
(2875, 8, 21, 37, 26, 52, 15, '2022-10-15 19:29:47', '2022-10-15 19:29:47'),
(2876, 8, 21, 37, 22, 53, 18, '2022-10-15 19:29:47', '2022-10-15 19:29:47'),
(2877, 8, 21, 38, 26, 53, 19, '2022-10-15 19:29:52', '2022-10-15 19:30:07'),
(2878, 8, 21, 39, 26, 53, 29, '2022-10-15 19:29:58', '2022-10-15 19:29:58'),
(2879, 8, 21, 38, 22, 53, 17, '2022-10-15 19:29:58', '2022-10-15 19:29:58'),
(2880, 8, 21, 36, 24, 45, 30, '2022-10-15 19:29:59', '2022-10-15 19:29:59'),
(2881, 8, 21, 36, 24, 47, 30, '2022-10-15 19:30:02', '2022-10-15 19:30:02'),
(2882, 8, 21, 36, 24, 48, 30, '2022-10-15 19:30:03', '2022-10-15 19:30:03'),
(2883, 8, 21, 39, 22, 53, 26, '2022-10-15 19:30:05', '2022-10-15 19:30:11'),
(2884, 8, 21, 36, 24, 49, 30, '2022-10-15 19:30:10', '2022-10-15 19:30:10'),
(2885, 8, 21, 36, 24, 50, 30, '2022-10-15 19:30:12', '2022-10-15 19:30:12'),
(2886, 8, 21, 36, 24, 51, 30, '2022-10-15 19:30:14', '2022-10-15 19:30:14'),
(2887, 8, 21, 36, 24, 52, 30, '2022-10-15 19:30:58', '2022-10-15 19:30:58'),
(2888, 8, 21, 36, 24, 53, 30, '2022-10-15 19:31:01', '2022-10-15 19:31:01'),
(2889, 8, 21, 36, 24, 54, 30, '2022-10-15 19:31:03', '2022-10-15 19:31:03'),
(2890, 8, 21, 36, 24, 55, 30, '2022-10-15 19:31:05', '2022-10-15 19:31:05'),
(2891, 8, 21, 36, 24, 56, 30, '2022-10-15 19:31:06', '2022-10-15 19:31:06'),
(2892, 8, 21, 36, 23, 54, 29, '2022-10-15 19:31:25', '2022-10-15 19:31:25'),
(2893, 8, 21, 36, 22, 54, 30, '2022-10-15 19:31:29', '2022-10-15 19:31:29'),
(2894, 8, 21, 37, 23, 54, 19, '2022-10-15 19:31:31', '2022-10-15 19:31:31'),
(2895, 8, 21, 36, 26, 54, 28, '2022-10-15 19:31:34', '2022-10-15 19:31:34'),
(2896, 8, 21, 37, 26, 54, 19, '2022-10-15 19:31:36', '2022-10-15 19:40:50'),
(2897, 8, 21, 38, 26, 54, 18, '2022-10-15 19:31:39', '2022-10-15 19:31:39'),
(2898, 8, 21, 38, 23, 54, 18, '2022-10-15 19:31:44', '2022-10-15 19:31:44'),
(2899, 8, 21, 39, 26, 54, 29, '2022-10-15 19:31:44', '2022-10-15 19:31:50'),
(2900, 8, 21, 39, 23, 54, 27, '2022-10-15 19:31:53', '2022-10-15 19:31:53'),
(2901, 8, 21, 37, 22, 54, 18, '2022-10-15 19:31:57', '2022-10-15 19:31:57'),
(2902, 8, 21, 38, 22, 54, 17, '2022-10-15 19:32:08', '2022-10-15 19:32:08'),
(2903, 8, 21, 37, 25, 54, 19, '2022-10-15 19:32:10', '2022-10-15 19:32:10'),
(2904, 8, 21, 39, 22, 54, 30, '2022-10-15 19:32:12', '2022-10-15 19:32:12'),
(2905, 8, 21, 38, 25, 54, 17, '2022-10-15 19:32:31', '2022-10-15 19:32:31'),
(2906, 8, 21, 36, 25, 54, 27, '2022-10-15 19:32:34', '2022-10-15 19:32:34'),
(2907, 8, 21, 36, 24, 57, 30, '2022-10-15 19:32:47', '2022-10-15 19:32:47'),
(2908, 8, 21, 39, 25, 54, 28, '2022-10-15 19:32:49', '2022-10-15 19:33:40'),
(2909, 8, 21, 38, 24, 45, 20, '2022-10-15 19:32:51', '2022-10-15 19:32:51'),
(2910, 8, 21, 38, 24, 47, 20, '2022-10-15 19:32:53', '2022-10-15 19:32:53'),
(2911, 8, 21, 38, 24, 48, 20, '2022-10-15 19:32:55', '2022-10-15 19:32:55'),
(2912, 8, 21, 38, 24, 49, 20, '2022-10-15 19:32:57', '2022-10-15 19:32:57'),
(2913, 8, 21, 38, 24, 50, 20, '2022-10-15 19:32:59', '2022-10-15 19:32:59'),
(2914, 8, 21, 38, 24, 51, 20, '2022-10-15 19:33:00', '2022-10-15 19:33:00'),
(2915, 8, 21, 38, 24, 52, 20, '2022-10-15 19:33:02', '2022-10-15 19:33:02'),
(2916, 8, 21, 38, 24, 53, 20, '2022-10-15 19:33:03', '2022-10-15 19:33:03'),
(2917, 8, 21, 38, 24, 54, 20, '2022-10-15 19:33:04', '2022-10-15 19:40:26'),
(2918, 8, 21, 38, 24, 55, 20, '2022-10-15 19:33:06', '2022-10-15 19:33:06'),
(2919, 8, 21, 38, 24, 56, 20, '2022-10-15 19:33:08', '2022-10-15 19:33:08'),
(2920, 8, 21, 36, 26, 55, 27, '2022-10-15 19:33:38', '2022-10-15 19:33:38'),
(2921, 8, 21, 36, 23, 55, 23, '2022-10-15 19:33:52', '2022-10-15 19:33:52'),
(2922, 8, 21, 36, 22, 55, 28, '2022-10-15 19:33:58', '2022-10-15 19:33:58'),
(2923, 8, 21, 37, 23, 55, 15, '2022-10-15 19:34:01', '2022-10-15 19:34:01'),
(2924, 8, 21, 39, 25, 55, 26, '2022-10-15 19:34:05', '2022-10-15 19:35:46'),
(2925, 8, 21, 37, 25, 55, 18, '2022-10-15 19:34:23', '2022-10-15 19:34:23'),
(2926, 8, 21, 38, 23, 55, 15, '2022-10-15 19:34:24', '2022-10-15 19:34:24'),
(2927, 8, 21, 37, 26, 55, 18, '2022-10-15 19:34:27', '2022-10-15 19:34:27'),
(2928, 8, 21, 38, 26, 55, 17, '2022-10-15 19:34:30', '2022-10-15 19:34:30'),
(2929, 8, 21, 38, 25, 55, 17, '2022-10-15 19:34:34', '2022-10-15 19:34:34'),
(2930, 8, 21, 39, 26, 55, 25, '2022-10-15 19:34:35', '2022-10-15 19:34:35'),
(2931, 8, 21, 39, 23, 55, 23, '2022-10-15 19:34:38', '2022-10-15 19:34:38'),
(2932, 8, 21, 37, 22, 55, 17, '2022-10-15 19:34:41', '2022-10-15 19:34:41'),
(2933, 8, 21, 36, 25, 55, 27, '2022-10-15 19:34:42', '2022-10-15 19:34:42'),
(2934, 8, 21, 38, 22, 55, 17, '2022-10-15 19:34:50', '2022-10-15 19:34:50'),
(2935, 8, 21, 39, 22, 55, 26, '2022-10-15 19:35:09', '2022-10-15 19:35:09'),
(2936, 8, 21, 36, 23, 56, 27, '2022-10-15 19:35:12', '2022-10-15 19:35:12'),
(2937, 8, 21, 37, 23, 56, 18, '2022-10-15 19:35:22', '2022-10-15 19:35:58'),
(2938, 8, 21, 38, 23, 56, 18, '2022-10-15 19:35:28', '2022-10-15 19:37:17'),
(2939, 8, 21, 39, 23, 56, 26, '2022-10-15 19:35:40', '2022-10-15 19:38:29'),
(2940, 8, 21, 36, 26, 56, 27, '2022-10-15 19:36:01', '2022-10-15 19:36:01'),
(2941, 8, 21, 39, 25, 56, 28, '2022-10-15 19:36:23', '2022-10-15 19:36:23'),
(2942, 8, 21, 37, 26, 56, 17, '2022-10-15 19:36:24', '2022-10-15 19:36:24'),
(2943, 8, 21, 36, 22, 56, 28, '2022-10-15 19:36:25', '2022-10-15 19:37:25'),
(2944, 8, 21, 38, 26, 56, 17, '2022-10-15 19:36:29', '2022-10-15 19:36:29'),
(2945, 8, 21, 37, 22, 56, 16, '2022-10-15 19:36:30', '2022-10-15 19:37:26'),
(2946, 8, 21, 39, 26, 56, 28, '2022-10-15 19:36:33', '2022-10-15 19:36:33'),
(2947, 8, 21, 38, 22, 56, 16, '2022-10-15 19:36:40', '2022-10-15 19:37:26'),
(2948, 8, 21, 38, 25, 56, 18, '2022-10-15 19:37:00', '2022-10-15 19:37:00'),
(2949, 8, 21, 36, 25, 56, 28, '2022-10-15 19:37:08', '2022-10-15 19:37:08'),
(2950, 8, 21, 39, 22, 56, 28, '2022-10-15 19:37:09', '2022-10-15 19:37:27'),
(2951, 8, 21, 37, 25, 56, 18, '2022-10-15 19:37:43', '2022-10-15 19:37:43'),
(2952, 8, 21, 36, 23, 57, 26, '2022-10-15 19:37:43', '2022-10-15 19:37:43'),
(2953, 8, 21, 37, 23, 57, 16, '2022-10-15 19:37:54', '2022-10-15 19:37:54'),
(2954, 8, 21, 36, 22, 57, 30, '2022-10-15 19:38:07', '2022-10-15 19:39:05'),
(2955, 8, 21, 38, 23, 57, 17, '2022-10-15 19:38:13', '2022-10-15 19:38:13'),
(2956, 8, 21, 37, 25, 57, 20, '2022-10-15 19:38:17', '2022-10-15 19:38:17'),
(2957, 8, 21, 36, 25, 57, 29, '2022-10-15 19:38:20', '2022-10-15 19:38:20'),
(2958, 8, 21, 36, 26, 57, 28, '2022-10-15 19:38:20', '2022-10-15 19:38:20'),
(2959, 8, 21, 37, 26, 57, 19, '2022-10-15 19:38:24', '2022-10-15 19:40:56'),
(2960, 8, 21, 37, 22, 57, 18, '2022-10-15 19:38:24', '2022-10-15 19:39:05'),
(2961, 8, 21, 38, 26, 57, 18, '2022-10-15 19:38:25', '2022-10-15 19:38:25'),
(2962, 8, 21, 38, 25, 57, 19, '2022-10-15 19:38:30', '2022-10-15 19:38:30'),
(2963, 8, 21, 39, 26, 57, 28, '2022-10-15 19:38:39', '2022-10-15 19:38:39'),
(2964, 8, 21, 38, 24, 57, 20, '2022-10-15 19:38:48', '2022-10-15 19:38:48'),
(2965, 8, 21, 38, 22, 57, 20, '2022-10-15 19:38:50', '2022-10-15 19:39:06'),
(2966, 8, 21, 37, 24, 45, 19, '2022-10-15 19:38:50', '2022-10-15 19:38:50'),
(2967, 8, 21, 37, 24, 47, 17, '2022-10-15 19:38:55', '2022-10-15 19:38:55'),
(2968, 8, 21, 37, 24, 48, 18, '2022-10-15 19:38:56', '2022-10-15 19:38:56'),
(2969, 8, 21, 39, 22, 57, 29, '2022-10-15 19:39:00', '2022-10-15 19:40:12'),
(2970, 8, 21, 37, 24, 49, 17, '2022-10-15 19:39:02', '2022-10-15 19:39:02'),
(2971, 8, 21, 37, 24, 50, 20, '2022-10-15 19:39:10', '2022-10-15 19:39:10'),
(2972, 8, 21, 37, 24, 51, 18, '2022-10-15 19:39:12', '2022-10-15 19:39:12'),
(2973, 8, 21, 37, 24, 52, 17, '2022-10-15 19:39:17', '2022-10-15 19:39:17'),
(2974, 8, 21, 37, 24, 53, 18, '2022-10-15 19:39:25', '2022-10-15 19:39:25'),
(2975, 8, 21, 37, 24, 54, 18, '2022-10-15 19:39:29', '2022-10-15 19:39:29'),
(2976, 8, 21, 37, 24, 55, 17, '2022-10-15 19:39:36', '2022-10-15 19:39:36'),
(2977, 8, 21, 37, 24, 56, 19, '2022-10-15 19:39:38', '2022-10-15 19:39:38'),
(2978, 8, 21, 39, 23, 57, 23, '2022-10-15 19:39:39', '2022-10-15 19:39:39'),
(2979, 8, 21, 37, 24, 57, 19, '2022-10-15 19:39:41', '2022-10-15 19:39:41'),
(2980, 8, 21, 39, 24, 45, 29, '2022-10-15 19:39:44', '2022-10-15 19:39:44'),
(2981, 8, 21, 39, 24, 47, 29, '2022-10-15 19:39:47', '2022-10-15 19:39:47'),
(2982, 8, 21, 39, 24, 48, 28, '2022-10-15 19:39:49', '2022-10-15 19:39:49'),
(2983, 8, 21, 39, 24, 49, 28, '2022-10-15 19:39:51', '2022-10-15 19:39:51'),
(2984, 8, 21, 39, 24, 50, 29, '2022-10-15 19:39:55', '2022-10-15 19:39:55'),
(2985, 8, 21, 39, 24, 51, 28, '2022-10-15 19:39:57', '2022-10-15 19:39:57'),
(2986, 8, 21, 39, 24, 52, 28, '2022-10-15 19:40:09', '2022-10-15 19:40:09'),
(2987, 8, 21, 39, 24, 53, 29, '2022-10-15 19:40:10', '2022-10-15 19:40:10'),
(2988, 8, 21, 39, 24, 54, 29, '2022-10-15 19:40:15', '2022-10-15 19:40:15'),
(2989, 8, 21, 39, 24, 55, 28, '2022-10-15 19:40:18', '2022-10-15 19:40:18'),
(2990, 8, 21, 39, 24, 56, 29, '2022-10-15 19:40:21', '2022-10-15 19:40:21'),
(2991, 8, 21, 39, 24, 57, 28, '2022-10-15 19:40:24', '2022-10-15 19:40:24'),
(2992, 8, 21, 39, 25, 57, 29, '2022-10-15 19:41:04', '2022-10-15 19:41:04'),
(2993, 8, 23, 43, 24, 45, 30, '2022-10-15 20:20:24', '2022-10-15 20:20:24'),
(2994, 8, 23, 43, 24, 47, 30, '2022-10-15 20:20:26', '2022-10-15 20:20:26'),
(2995, 8, 23, 43, 24, 48, 30, '2022-10-15 20:20:27', '2022-10-15 20:20:27'),
(2996, 8, 23, 43, 24, 49, 30, '2022-10-15 20:20:29', '2022-10-15 20:20:29'),
(2997, 8, 23, 43, 24, 50, 30, '2022-10-15 20:20:31', '2022-10-15 20:20:31'),
(2998, 8, 23, 43, 24, 51, 30, '2022-10-15 20:20:33', '2022-10-15 20:20:33'),
(2999, 8, 23, 43, 24, 52, 30, '2022-10-15 20:20:35', '2022-10-15 20:20:35'),
(3000, 8, 23, 43, 24, 53, 30, '2022-10-15 20:20:36', '2022-10-15 20:20:36'),
(3001, 8, 23, 43, 24, 54, 30, '2022-10-15 20:20:38', '2022-10-15 20:20:38'),
(3002, 8, 23, 43, 24, 55, 30, '2022-10-15 20:20:41', '2022-10-15 20:20:41'),
(3003, 8, 23, 43, 24, 56, 30, '2022-10-15 20:20:43', '2022-10-15 20:20:43'),
(3004, 8, 23, 43, 22, 45, 28, '2022-10-15 20:21:36', '2022-10-15 20:39:29'),
(3005, 8, 23, 43, 23, 45, 20, '2022-10-15 20:21:38', '2022-10-15 20:33:57'),
(3006, 8, 23, 44, 23, 45, 21, '2022-10-15 20:21:46', '2022-10-15 20:33:59'),
(3007, 8, 23, 44, 22, 45, 29, '2022-10-15 20:22:19', '2022-10-15 20:40:01'),
(3008, 8, 23, 45, 23, 45, 26, '2022-10-15 20:22:22', '2022-10-15 20:22:22'),
(3009, 8, 23, 45, 22, 45, 36, '2022-10-15 20:22:29', '2022-10-15 20:40:01'),
(3010, 8, 23, 43, 26, 45, 26, '2022-10-15 20:22:36', '2022-10-15 20:22:36'),
(3011, 8, 23, 44, 26, 45, 26, '2022-10-15 20:22:39', '2022-10-15 20:22:39'),
(3012, 8, 23, 45, 26, 45, 35, '2022-10-15 20:22:46', '2022-10-15 20:22:55'),
(3013, 8, 23, 45, 25, 45, 37, '2022-10-15 20:23:00', '2022-10-15 20:23:00'),
(3014, 8, 23, 44, 25, 45, 27, '2022-10-15 20:23:08', '2022-10-15 20:23:08'),
(3015, 8, 23, 43, 25, 45, 27, '2022-10-15 20:23:12', '2022-10-15 20:23:12'),
(3016, 8, 23, 43, 23, 47, 20, '2022-10-15 20:23:43', '2022-10-15 20:23:43'),
(3017, 8, 23, 43, 22, 47, 27, '2022-10-15 20:23:45', '2022-10-15 20:40:17'),
(3018, 8, 23, 43, 26, 47, 26, '2022-10-15 20:23:45', '2022-10-15 20:23:45'),
(3019, 8, 23, 44, 26, 47, 24, '2022-10-15 20:23:52', '2022-10-15 20:24:12'),
(3020, 8, 23, 45, 26, 47, 36, '2022-10-15 20:23:55', '2022-10-15 20:23:55'),
(3021, 8, 23, 45, 25, 47, 36, '2022-10-15 20:23:58', '2022-10-15 20:23:58'),
(3022, 8, 23, 44, 23, 47, 23, '2022-10-15 20:24:00', '2022-10-15 20:24:00'),
(3023, 8, 23, 44, 22, 47, 28, '2022-10-15 20:24:02', '2022-10-15 20:24:19'),
(3024, 8, 23, 45, 23, 47, 29, '2022-10-15 20:24:08', '2022-10-15 20:24:08'),
(3025, 8, 23, 44, 25, 47, 26, '2022-10-15 20:24:21', '2022-10-15 20:24:21'),
(3026, 8, 23, 45, 22, 47, 37, '2022-10-15 20:24:27', '2022-10-15 20:24:27'),
(3027, 8, 23, 43, 22, 48, 26, '2022-10-15 20:24:49', '2022-10-15 20:24:49'),
(3028, 8, 23, 43, 23, 48, 16, '2022-10-15 20:24:54', '2022-10-15 20:24:54'),
(3029, 8, 23, 43, 26, 48, 25, '2022-10-15 20:25:02', '2022-10-15 20:25:02'),
(3030, 8, 23, 43, 25, 47, 26, '2022-10-15 20:25:05', '2022-10-15 20:25:05'),
(3031, 8, 23, 44, 22, 48, 30, '2022-10-15 20:25:11', '2022-10-15 20:45:44'),
(3032, 8, 23, 44, 23, 48, 22, '2022-10-15 20:25:13', '2022-10-15 20:25:13'),
(3033, 8, 23, 43, 25, 48, 26, '2022-10-15 20:25:14', '2022-10-15 20:25:14'),
(3034, 8, 23, 44, 26, 48, 24, '2022-10-15 20:25:14', '2022-10-15 20:26:20'),
(3035, 8, 23, 45, 26, 48, 35, '2022-10-15 20:25:16', '2022-10-15 20:25:16'),
(3036, 8, 23, 44, 25, 48, 25, '2022-10-15 20:25:20', '2022-10-15 20:25:20'),
(3037, 8, 23, 45, 23, 48, 27, '2022-10-15 20:25:25', '2022-10-15 20:25:25'),
(3038, 8, 23, 45, 22, 48, 38, '2022-10-15 20:25:25', '2022-10-15 20:25:25'),
(3039, 8, 23, 43, 22, 49, 28, '2022-10-15 20:25:45', '2022-10-15 20:42:58'),
(3040, 8, 23, 43, 26, 49, 25, '2022-10-15 20:25:51', '2022-10-15 20:25:51'),
(3041, 8, 23, 43, 23, 49, 15, '2022-10-15 20:25:54', '2022-10-15 20:25:54'),
(3042, 8, 23, 45, 25, 48, 37, '2022-10-15 20:25:56', '2022-10-15 20:25:56'),
(3043, 8, 23, 43, 25, 49, 25, '2022-10-15 20:25:58', '2022-10-15 20:25:58'),
(3044, 8, 23, 44, 23, 49, 20, '2022-10-15 20:26:01', '2022-10-15 20:26:01'),
(3045, 8, 23, 44, 22, 49, 28, '2022-10-15 20:26:02', '2022-10-15 20:42:58'),
(3046, 8, 23, 44, 26, 49, 25, '2022-10-15 20:26:06', '2022-10-15 20:26:06'),
(3047, 8, 23, 45, 26, 49, 35, '2022-10-15 20:26:09', '2022-10-15 20:26:09'),
(3048, 8, 23, 44, 25, 49, 24, '2022-10-15 20:26:09', '2022-10-15 20:26:09'),
(3049, 8, 23, 45, 23, 49, 25, '2022-10-15 20:26:12', '2022-10-15 20:26:12'),
(3050, 8, 23, 45, 22, 49, 37, '2022-10-15 20:26:16', '2022-10-15 20:43:08'),
(3051, 8, 23, 43, 23, 50, 25, '2022-10-15 20:26:37', '2022-10-15 20:26:37'),
(3052, 8, 23, 44, 23, 50, 25, '2022-10-15 20:27:04', '2022-10-15 20:27:04'),
(3053, 8, 23, 45, 25, 49, 36, '2022-10-15 20:27:07', '2022-10-15 20:27:07'),
(3054, 8, 23, 43, 26, 50, 28, '2022-10-15 20:27:07', '2022-10-15 20:27:07'),
(3055, 8, 23, 44, 26, 50, 28, '2022-10-15 20:27:12', '2022-10-15 20:27:12'),
(3056, 8, 23, 43, 22, 50, 30, '2022-10-15 20:27:16', '2022-10-15 20:43:06'),
(3057, 8, 23, 45, 26, 50, 37, '2022-10-15 20:27:17', '2022-10-15 20:27:17'),
(3058, 8, 23, 45, 23, 50, 34, '2022-10-15 20:27:28', '2022-10-15 20:27:28'),
(3059, 8, 23, 44, 25, 50, 28, '2022-10-15 20:27:32', '2022-10-15 20:27:32'),
(3060, 8, 23, 43, 25, 50, 28, '2022-10-15 20:27:35', '2022-10-15 20:27:35'),
(3061, 8, 23, 44, 22, 50, 27, '2022-10-15 20:28:05', '2022-10-15 20:43:15'),
(3062, 8, 23, 45, 22, 50, 37, '2022-10-15 20:28:08', '2022-10-15 20:43:16'),
(3063, 8, 23, 45, 25, 50, 38, '2022-10-15 20:28:22', '2022-10-15 20:28:22'),
(3064, 8, 23, 43, 23, 51, 23, '2022-10-15 20:28:28', '2022-10-15 20:28:28'),
(3065, 8, 23, 43, 26, 51, 25, '2022-10-15 20:28:41', '2022-10-15 20:28:41'),
(3066, 8, 23, 44, 23, 51, 22, '2022-10-15 20:28:42', '2022-10-15 20:28:42'),
(3067, 8, 23, 45, 25, 51, 37, '2022-10-15 20:28:45', '2022-10-15 20:28:45'),
(3068, 8, 23, 44, 25, 51, 28, '2022-10-15 20:28:48', '2022-10-15 20:28:48'),
(3069, 8, 23, 44, 26, 51, 27, '2022-10-15 20:28:50', '2022-10-15 20:28:50'),
(3070, 8, 23, 45, 26, 51, 36, '2022-10-15 20:28:52', '2022-10-15 20:28:52'),
(3071, 8, 23, 43, 22, 51, 28, '2022-10-15 20:28:58', '2022-10-15 20:43:25'),
(3072, 8, 23, 44, 22, 51, 27, '2022-10-15 20:29:05', '2022-10-15 20:31:42'),
(3073, 8, 23, 45, 23, 51, 27, '2022-10-15 20:29:10', '2022-10-15 20:29:10'),
(3074, 8, 23, 43, 25, 51, 26, '2022-10-15 20:29:11', '2022-10-15 20:29:11'),
(3075, 8, 23, 45, 22, 51, 35, '2022-10-15 20:29:12', '2022-10-15 20:38:05'),
(3076, 8, 23, 43, 26, 52, 26, '2022-10-15 20:29:37', '2022-10-15 20:29:37'),
(3077, 8, 23, 44, 26, 52, 23, '2022-10-15 20:29:50', '2022-10-15 20:29:50'),
(3078, 8, 23, 43, 22, 52, 29, '2022-10-15 20:29:51', '2022-10-15 20:38:06'),
(3079, 8, 23, 43, 23, 52, 24, '2022-10-15 20:29:51', '2022-10-15 20:29:51'),
(3080, 8, 23, 45, 26, 52, 35, '2022-10-15 20:29:52', '2022-10-15 20:29:52'),
(3081, 8, 23, 43, 25, 52, 27, '2022-10-15 20:29:53', '2022-10-15 20:29:53'),
(3082, 8, 23, 44, 23, 52, 22, '2022-10-15 20:29:55', '2022-10-15 20:29:55'),
(3083, 8, 23, 44, 25, 52, 27, '2022-10-15 20:29:56', '2022-10-15 20:29:56'),
(3084, 8, 23, 44, 22, 52, 30, '2022-10-15 20:29:58', '2022-10-15 20:38:31'),
(3085, 8, 23, 45, 22, 52, 37, '2022-10-15 20:30:00', '2022-10-15 20:47:22'),
(3086, 8, 23, 45, 25, 52, 37, '2022-10-15 20:30:02', '2022-10-15 20:30:02'),
(3087, 8, 23, 45, 23, 52, 28, '2022-10-15 20:30:06', '2022-10-15 20:30:06'),
(3088, 8, 23, 43, 22, 53, 25, '2022-10-15 20:30:14', '2022-10-15 20:47:04'),
(3089, 8, 23, 44, 22, 53, 27, '2022-10-15 20:30:21', '2022-10-15 20:47:05'),
(3090, 8, 23, 45, 22, 53, 37, '2022-10-15 20:30:32', '2022-10-15 20:47:05'),
(3091, 8, 23, 43, 26, 53, 28, '2022-10-15 20:31:23', '2022-10-15 20:31:23'),
(3092, 8, 23, 43, 23, 53, 21, '2022-10-15 20:31:23', '2022-10-15 20:31:23'),
(3093, 8, 23, 45, 25, 53, 38, '2022-10-15 20:31:24', '2022-10-15 20:31:24'),
(3094, 8, 23, 44, 26, 53, 28, '2022-10-15 20:31:26', '2022-10-15 20:31:26'),
(3095, 8, 23, 44, 25, 53, 28, '2022-10-15 20:31:27', '2022-10-15 20:31:27'),
(3096, 8, 23, 44, 23, 53, 21, '2022-10-15 20:31:28', '2022-10-15 20:31:28'),
(3097, 8, 23, 45, 26, 53, 38, '2022-10-15 20:31:28', '2022-10-15 20:31:28'),
(3098, 8, 23, 43, 25, 53, 28, '2022-10-15 20:31:32', '2022-10-15 20:31:32'),
(3099, 8, 23, 45, 23, 53, 26, '2022-10-15 20:31:41', '2022-10-15 20:31:41'),
(3100, 8, 23, 43, 23, 54, 27, '2022-10-15 20:32:28', '2022-10-15 20:32:28'),
(3101, 8, 23, 44, 23, 54, 27, '2022-10-15 20:32:32', '2022-10-15 20:32:32'),
(3102, 8, 23, 43, 22, 54, 29, '2022-10-15 20:32:40', '2022-10-15 20:47:15'),
(3103, 8, 23, 45, 23, 54, 36, '2022-10-15 20:32:43', '2022-10-15 20:32:43'),
(3104, 8, 23, 43, 26, 54, 27, '2022-10-15 20:32:53', '2022-10-15 20:32:53'),
(3105, 8, 23, 43, 25, 54, 27, '2022-10-15 20:32:57', '2022-10-15 20:32:57'),
(3106, 8, 23, 44, 26, 54, 28, '2022-10-15 20:33:00', '2022-10-15 20:33:00'),
(3107, 8, 23, 45, 26, 54, 37, '2022-10-15 20:33:02', '2022-10-15 20:33:02'),
(3108, 8, 23, 44, 25, 54, 27, '2022-10-15 20:33:04', '2022-10-15 20:33:04'),
(3109, 8, 23, 45, 25, 54, 37, '2022-10-15 20:33:08', '2022-10-15 20:33:08'),
(3110, 8, 23, 44, 22, 54, 28, '2022-10-15 20:33:17', '2022-10-15 20:38:33'),
(3111, 8, 23, 45, 22, 54, 37, '2022-10-15 20:33:20', '2022-10-15 20:38:34'),
(3112, 8, 23, 43, 22, 55, 28, '2022-10-15 20:33:43', '2022-10-15 20:38:34'),
(3113, 8, 23, 44, 22, 55, 29, '2022-10-15 20:33:51', '2022-10-15 20:38:34'),
(3114, 8, 23, 45, 22, 55, 37, '2022-10-15 20:33:57', '2022-10-15 20:38:34'),
(3115, 8, 23, 43, 26, 55, 26, '2022-10-15 20:34:02', '2022-10-15 20:34:02'),
(3116, 8, 23, 43, 23, 55, 22, '2022-10-15 20:34:16', '2022-10-15 20:34:26'),
(3117, 8, 23, 44, 26, 55, 27, '2022-10-15 20:34:27', '2022-10-15 20:34:27'),
(3118, 8, 23, 45, 26, 55, 37, '2022-10-15 20:34:29', '2022-10-15 20:34:29'),
(3119, 8, 23, 43, 25, 55, 26, '2022-10-15 20:34:35', '2022-10-15 20:34:35'),
(3120, 8, 23, 44, 23, 55, 21, '2022-10-15 20:34:36', '2022-10-15 20:34:36'),
(3121, 8, 23, 44, 25, 55, 27, '2022-10-15 20:34:40', '2022-10-15 20:34:40'),
(3122, 8, 23, 45, 23, 55, 26, '2022-10-15 20:34:50', '2022-10-15 20:34:50'),
(3123, 8, 23, 45, 25, 55, 37, '2022-10-15 20:34:51', '2022-10-15 20:34:51'),
(3124, 8, 23, 43, 22, 56, 29, '2022-10-15 20:35:01', '2022-10-15 20:38:34'),
(3125, 8, 23, 43, 26, 56, 25, '2022-10-15 20:35:22', '2022-10-15 20:35:39'),
(3126, 8, 23, 44, 26, 56, 25, '2022-10-15 20:35:24', '2022-10-15 20:35:24'),
(3127, 8, 23, 45, 26, 56, 35, '2022-10-15 20:35:27', '2022-10-15 20:35:27'),
(3128, 8, 23, 44, 25, 56, 25, '2022-10-15 20:35:29', '2022-10-15 20:35:29'),
(3129, 8, 23, 43, 25, 56, 25, '2022-10-15 20:35:32', '2022-10-15 20:35:32'),
(3130, 8, 23, 43, 23, 56, 23, '2022-10-15 20:35:33', '2022-10-15 20:35:33'),
(3131, 8, 23, 44, 23, 56, 23, '2022-10-15 20:35:35', '2022-10-15 20:35:35'),
(3132, 8, 23, 45, 25, 56, 35, '2022-10-15 20:35:38', '2022-10-15 20:35:38'),
(3133, 8, 23, 45, 23, 56, 26, '2022-10-15 20:35:50', '2022-10-15 20:35:50'),
(3134, 8, 23, 44, 22, 56, 28, '2022-10-15 20:35:54', '2022-10-15 20:38:34'),
(3135, 8, 23, 43, 24, 57, 30, '2022-10-15 20:35:59', '2022-10-15 20:38:37'),
(3136, 8, 23, 45, 22, 56, 39, '2022-10-15 20:36:02', '2022-10-15 20:38:34'),
(3137, 8, 23, 43, 23, 57, 30, '2022-10-15 20:36:18', '2022-10-15 20:36:18'),
(3138, 8, 23, 44, 23, 57, 29, '2022-10-15 20:36:35', '2022-10-15 20:36:35'),
(3139, 8, 23, 45, 23, 57, 39, '2022-10-15 20:36:49', '2022-10-15 20:36:49'),
(3140, 8, 23, 43, 26, 57, 29, '2022-10-15 20:36:53', '2022-10-15 20:36:53'),
(3141, 8, 23, 44, 26, 57, 29, '2022-10-15 20:36:57', '2022-10-15 20:36:57'),
(3142, 8, 23, 45, 26, 57, 38, '2022-10-15 20:36:59', '2022-10-15 20:36:59'),
(3143, 8, 23, 43, 22, 57, 27, '2022-10-15 20:37:00', '2022-10-15 20:40:20'),
(3144, 8, 23, 44, 22, 57, 30, '2022-10-15 20:37:01', '2022-10-15 20:40:21'),
(3145, 8, 23, 45, 22, 57, 40, '2022-10-15 20:37:04', '2022-10-15 20:40:21'),
(3146, 8, 23, 45, 25, 57, 38, '2022-10-15 20:37:17', '2022-10-15 20:37:17'),
(3147, 8, 23, 44, 25, 57, 29, '2022-10-15 20:37:21', '2022-10-15 20:37:21'),
(3148, 8, 23, 44, 24, 45, 28, '2022-10-15 20:38:37', '2022-10-15 20:38:37'),
(3149, 8, 23, 44, 24, 47, 27, '2022-10-15 20:38:37', '2022-10-15 20:38:37'),
(3150, 8, 23, 44, 24, 48, 28, '2022-10-15 20:38:37', '2022-10-15 20:38:37'),
(3151, 8, 23, 44, 24, 49, 27, '2022-10-15 20:38:38', '2022-10-15 20:38:38'),
(3152, 8, 23, 44, 24, 50, 28, '2022-10-15 20:38:41', '2022-10-15 20:38:41'),
(3153, 8, 23, 44, 24, 51, 29, '2022-10-15 20:38:42', '2022-10-15 20:38:42'),
(3154, 8, 23, 44, 24, 52, 28, '2022-10-15 20:38:45', '2022-10-15 20:38:45'),
(3155, 8, 23, 44, 24, 53, 28, '2022-10-15 20:38:47', '2022-10-15 20:38:47'),
(3156, 8, 23, 44, 24, 54, 27, '2022-10-15 20:38:53', '2022-10-15 20:38:53'),
(3157, 8, 23, 44, 24, 55, 27, '2022-10-15 20:38:55', '2022-10-15 20:38:55'),
(3158, 8, 23, 44, 24, 56, 27, '2022-10-15 20:38:57', '2022-10-15 20:38:57'),
(3159, 8, 23, 44, 24, 57, 29, '2022-10-15 20:38:59', '2022-10-15 20:38:59'),
(3160, 8, 20, 33, 23, 45, 27, '2022-10-15 20:39:24', '2022-10-15 20:39:24'),
(3161, 8, 20, 33, 26, 45, 31, '2022-10-15 20:39:36', '2022-10-15 20:39:36'),
(3162, 8, 20, 35, 23, 45, 28, '2022-10-15 20:39:36', '2022-10-15 20:39:46'),
(3163, 8, 20, 34, 26, 45, 27, '2022-10-15 20:39:41', '2022-10-15 20:39:41'),
(3164, 8, 20, 35, 26, 45, 32, '2022-10-15 20:39:44', '2022-10-15 20:39:44'),
(3165, 8, 20, 34, 23, 45, 26, '2022-10-15 20:39:45', '2022-10-15 20:39:45'),
(3166, 8, 23, 43, 25, 57, 29, '2022-10-15 20:40:02', '2022-10-15 20:40:02'),
(3167, 8, 23, 45, 24, 45, 38, '2022-10-15 20:40:08', '2022-10-15 20:40:08'),
(3168, 8, 23, 45, 24, 47, 38, '2022-10-15 20:40:11', '2022-10-15 20:40:11'),
(3169, 8, 23, 45, 24, 48, 38, '2022-10-15 20:40:17', '2022-10-15 20:40:17'),
(3170, 8, 23, 45, 24, 49, 38, '2022-10-15 20:40:19', '2022-10-15 20:40:19'),
(3171, 8, 23, 45, 24, 50, 38, '2022-10-15 20:40:21', '2022-10-15 20:40:21'),
(3172, 8, 23, 45, 24, 51, 40, '2022-10-15 20:40:24', '2022-10-15 20:40:24'),
(3173, 8, 23, 45, 24, 52, 38, '2022-10-15 20:40:27', '2022-10-15 20:40:27'),
(3174, 8, 23, 45, 24, 53, 39, '2022-10-15 20:40:30', '2022-10-15 20:40:30'),
(3175, 8, 20, 33, 26, 47, 30, '2022-10-15 20:40:43', '2022-10-15 20:40:43'),
(3176, 8, 20, 34, 26, 47, 24, '2022-10-15 20:40:46', '2022-10-15 20:40:51'),
(3177, 8, 20, 33, 23, 47, 23, '2022-10-15 20:40:46', '2022-10-15 20:40:46'),
(3178, 8, 20, 35, 25, 47, 31, '2022-10-15 20:40:51', '2022-10-15 20:40:51'),
(3179, 8, 20, 34, 25, 47, 25, '2022-10-15 20:40:54', '2022-10-15 20:48:32'),
(3180, 8, 20, 34, 23, 47, 22, '2022-10-15 20:40:54', '2022-10-15 20:40:54'),
(3181, 8, 20, 35, 26, 47, 30, '2022-10-15 20:40:55', '2022-10-15 20:41:19'),
(3182, 8, 20, 33, 25, 47, 28, '2022-10-15 20:40:56', '2022-10-15 20:40:56'),
(3183, 8, 20, 33, 25, 45, 31, '2022-10-15 20:41:00', '2022-10-15 20:41:00'),
(3184, 8, 20, 35, 23, 47, 24, '2022-10-15 20:41:01', '2022-10-15 20:41:01'),
(3185, 8, 23, 45, 24, 54, 39, '2022-10-15 20:41:02', '2022-10-15 20:41:02'),
(3186, 8, 20, 34, 25, 45, 25, '2022-10-15 20:41:02', '2022-10-15 20:48:29'),
(3187, 8, 23, 45, 24, 55, 38, '2022-10-15 20:41:07', '2022-10-15 20:41:07'),
(3188, 8, 20, 35, 25, 45, 31, '2022-10-15 20:41:09', '2022-10-15 20:41:09'),
(3189, 8, 23, 45, 24, 56, 39, '2022-10-15 20:41:12', '2022-10-15 20:41:12'),
(3190, 8, 23, 45, 24, 57, 40, '2022-10-15 20:41:21', '2022-10-15 20:41:21'),
(3191, 8, 20, 33, 25, 48, 25, '2022-10-15 20:41:46', '2022-10-15 20:42:29'),
(3192, 8, 20, 34, 25, 48, 21, '2022-10-15 20:41:57', '2022-10-15 20:42:22'),
(3193, 8, 20, 35, 25, 48, 21, '2022-10-15 20:42:00', '2022-10-15 20:42:00'),
(3194, 8, 20, 33, 23, 48, 19, '2022-10-15 20:42:11', '2022-10-15 20:42:11'),
(3195, 8, 20, 33, 26, 48, 29, '2022-10-15 20:42:12', '2022-10-15 20:42:12'),
(3196, 8, 20, 34, 26, 48, 24, '2022-10-15 20:42:14', '2022-10-15 20:42:30'),
(3197, 8, 20, 35, 26, 48, 29, '2022-10-15 20:42:17', '2022-10-15 20:42:17'),
(3198, 8, 20, 34, 23, 48, 21, '2022-10-15 20:42:25', '2022-10-15 20:42:25'),
(3199, 8, 20, 35, 23, 48, 20, '2022-10-15 20:42:30', '2022-10-15 20:42:30'),
(3200, 8, 20, 33, 26, 49, 33, '2022-10-15 20:43:03', '2022-10-15 20:43:03'),
(3201, 8, 20, 34, 26, 49, 27, '2022-10-15 20:43:05', '2022-10-15 20:53:58'),
(3202, 8, 20, 33, 23, 49, 30, '2022-10-15 20:43:06', '2022-10-15 20:43:06'),
(3203, 8, 20, 33, 25, 49, 33, '2022-10-15 20:43:07', '2022-10-15 20:43:07'),
(3204, 8, 20, 35, 26, 49, 33, '2022-10-15 20:43:09', '2022-10-15 20:43:09'),
(3205, 8, 20, 34, 25, 49, 24, '2022-10-15 20:43:10', '2022-10-15 20:48:44'),
(3206, 8, 20, 35, 25, 49, 32, '2022-10-15 20:43:17', '2022-10-15 20:43:17'),
(3207, 8, 20, 34, 23, 49, 27, '2022-10-15 20:43:17', '2022-10-15 20:43:17'),
(3208, 8, 20, 35, 23, 49, 30, '2022-10-15 20:43:22', '2022-10-15 20:43:22'),
(3209, 8, 20, 33, 26, 50, 33, '2022-10-15 20:44:15', '2022-10-15 20:44:15'),
(3210, 8, 20, 34, 26, 50, 27, '2022-10-15 20:44:16', '2022-10-15 20:54:16'),
(3211, 8, 20, 35, 26, 50, 32, '2022-10-15 20:44:18', '2022-10-15 20:44:18'),
(3212, 8, 20, 35, 25, 50, 31, '2022-10-15 20:44:18', '2022-10-15 20:44:18'),
(3213, 8, 20, 33, 23, 50, 29, '2022-10-15 20:44:21', '2022-10-15 20:44:21'),
(3214, 8, 20, 34, 25, 50, 27, '2022-10-15 20:44:22', '2022-10-15 20:44:22'),
(3215, 8, 20, 34, 23, 50, 26, '2022-10-15 20:44:25', '2022-10-15 20:44:25'),
(3216, 8, 20, 33, 25, 50, 30, '2022-10-15 20:44:31', '2022-10-15 20:44:31'),
(3217, 8, 20, 35, 23, 50, 28, '2022-10-15 20:44:31', '2022-10-15 20:44:31'),
(3218, 8, 20, 33, 26, 51, 29, '2022-10-15 20:45:04', '2022-10-15 20:45:04'),
(3219, 8, 20, 34, 26, 51, 23, '2022-10-15 20:45:05', '2022-10-15 20:45:05'),
(3220, 8, 20, 35, 26, 51, 29, '2022-10-15 20:45:09', '2022-10-15 20:45:09'),
(3221, 8, 20, 33, 23, 51, 23, '2022-10-15 20:45:45', '2022-10-15 20:45:45'),
(3222, 8, 20, 33, 25, 51, 29, '2022-10-15 20:45:46', '2022-10-15 20:45:46'),
(3223, 8, 20, 34, 23, 51, 23, '2022-10-15 20:45:47', '2022-10-15 20:45:47'),
(3224, 8, 20, 34, 25, 51, 26, '2022-10-15 20:45:51', '2022-10-15 20:48:21'),
(3225, 8, 20, 35, 23, 51, 23, '2022-10-15 20:45:53', '2022-10-15 20:45:53'),
(3226, 8, 20, 35, 25, 51, 29, '2022-10-15 20:45:55', '2022-10-15 20:45:55'),
(3227, 8, 20, 33, 23, 52, 23, '2022-10-15 20:46:30', '2022-10-15 20:46:30'),
(3228, 8, 20, 34, 23, 52, 23, '2022-10-15 20:46:31', '2022-10-15 20:46:31'),
(3229, 8, 20, 35, 23, 52, 24, '2022-10-15 20:46:33', '2022-10-15 20:46:33'),
(3230, 8, 20, 33, 26, 52, 32, '2022-10-15 20:46:41', '2022-10-15 20:46:41'),
(3231, 8, 20, 34, 26, 52, 28, '2022-10-15 20:46:45', '2022-10-15 20:46:45'),
(3232, 8, 20, 33, 25, 52, 29, '2022-10-15 20:46:48', '2022-10-15 20:46:48'),
(3233, 8, 20, 35, 26, 52, 32, '2022-10-15 20:46:48', '2022-10-15 20:46:48'),
(3234, 8, 20, 34, 25, 52, 27, '2022-10-15 20:46:51', '2022-10-15 20:48:17'),
(3235, 8, 20, 35, 25, 52, 29, '2022-10-15 20:47:01', '2022-10-15 20:47:01'),
(3236, 8, 20, 33, 22, 52, 35, '2022-10-15 20:47:41', '2022-10-15 20:50:05'),
(3237, 8, 20, 34, 22, 52, 30, '2022-10-15 20:47:43', '2022-10-15 20:47:43'),
(3238, 8, 20, 33, 26, 53, 34, '2022-10-15 20:47:49', '2022-10-15 20:47:49'),
(3239, 8, 20, 34, 26, 53, 28, '2022-10-15 20:47:52', '2022-10-15 20:48:08'),
(3240, 8, 20, 33, 22, 53, 35, '2022-10-15 20:47:52', '2022-10-15 20:47:52'),
(3241, 8, 20, 33, 23, 53, 31, '2022-10-15 20:47:56', '2022-10-15 20:47:56'),
(3242, 8, 20, 35, 25, 53, 33, '2022-10-15 20:47:57', '2022-10-15 20:47:57'),
(3243, 8, 20, 35, 26, 53, 33, '2022-10-15 20:47:58', '2022-10-15 20:48:05'),
(3244, 8, 20, 34, 22, 53, 29, '2022-10-15 20:47:59', '2022-10-15 20:47:59'),
(3245, 8, 20, 34, 23, 53, 27, '2022-10-15 20:48:01', '2022-10-15 20:48:01'),
(3246, 8, 20, 35, 22, 52, 34, '2022-10-15 20:48:02', '2022-10-15 20:48:02'),
(3247, 8, 20, 34, 25, 53, 28, '2022-10-15 20:48:03', '2022-10-15 20:48:03'),
(3248, 8, 20, 33, 25, 53, 34, '2022-10-15 20:48:10', '2022-10-15 20:48:10'),
(3249, 8, 20, 35, 22, 53, 34, '2022-10-15 20:48:12', '2022-10-15 20:48:12'),
(3250, 8, 20, 33, 22, 45, 32, '2022-10-15 20:48:16', '2022-10-15 20:48:16'),
(3251, 8, 20, 35, 23, 53, 30, '2022-10-15 20:48:17', '2022-10-15 20:48:17'),
(3252, 8, 20, 34, 22, 45, 28, '2022-10-15 20:48:19', '2022-10-15 20:48:19'),
(3253, 8, 20, 35, 22, 45, 34, '2022-10-15 20:48:22', '2022-10-15 20:48:22'),
(3254, 8, 20, 33, 22, 47, 32, '2022-10-15 20:48:28', '2022-10-15 20:48:28'),
(3255, 8, 20, 34, 22, 47, 27, '2022-10-15 20:48:29', '2022-10-15 20:48:29'),
(3256, 8, 20, 35, 22, 47, 31, '2022-10-15 20:48:33', '2022-10-15 20:48:33'),
(3257, 8, 20, 33, 22, 48, 34, '2022-10-15 20:48:41', '2022-10-15 20:48:41'),
(3258, 8, 20, 34, 22, 48, 29, '2022-10-15 20:48:55', '2022-10-15 20:48:55'),
(3259, 8, 20, 35, 22, 48, 34, '2022-10-15 20:48:59', '2022-10-15 20:48:59'),
(3260, 8, 20, 33, 22, 50, 34, '2022-10-15 20:49:01', '2022-10-15 20:49:05'),
(3261, 8, 20, 34, 22, 50, 28, '2022-10-15 20:49:08', '2022-10-15 20:51:22'),
(3262, 8, 20, 35, 22, 50, 32, '2022-10-15 20:49:11', '2022-10-15 20:51:30'),
(3263, 8, 20, 33, 22, 49, 33, '2022-10-15 20:49:17', '2022-10-15 20:49:17'),
(3264, 8, 20, 34, 22, 49, 28, '2022-10-15 20:49:19', '2022-10-15 20:49:19'),
(3265, 8, 20, 33, 26, 54, 32, '2022-10-15 20:49:25', '2022-10-15 20:49:25'),
(3266, 8, 20, 35, 22, 49, 34, '2022-10-15 20:49:26', '2022-10-15 20:49:26'),
(3267, 8, 20, 34, 26, 54, 27, '2022-10-15 20:49:28', '2022-10-15 20:49:28'),
(3268, 8, 20, 33, 22, 54, 35, '2022-10-15 20:49:28', '2022-10-15 20:49:28'),
(3269, 8, 20, 35, 26, 54, 32, '2022-10-15 20:49:30', '2022-10-15 20:49:30'),
(3270, 8, 20, 35, 25, 54, 30, '2022-10-15 20:49:31', '2022-10-15 20:49:31'),
(3271, 8, 20, 34, 22, 54, 29, '2022-10-15 20:49:32', '2022-10-15 20:49:32'),
(3272, 8, 20, 34, 25, 54, 27, '2022-10-15 20:49:33', '2022-10-15 20:49:33'),
(3273, 8, 20, 35, 22, 54, 35, '2022-10-15 20:49:35', '2022-10-15 20:49:35'),
(3274, 8, 20, 33, 23, 54, 28, '2022-10-15 20:49:36', '2022-10-15 20:49:36'),
(3275, 8, 20, 33, 24, 45, 34, '2022-10-15 20:49:39', '2022-10-15 20:49:39'),
(3276, 8, 20, 34, 24, 45, 29, '2022-10-15 20:49:42', '2022-10-15 20:49:42'),
(3277, 8, 20, 34, 23, 54, 27, '2022-10-15 20:49:43', '2022-10-15 20:49:43'),
(3278, 8, 20, 33, 25, 54, 32, '2022-10-15 20:49:43', '2022-10-15 20:49:43'),
(3279, 8, 20, 33, 22, 51, 32, '2022-10-15 20:49:44', '2022-10-15 20:49:44'),
(3280, 8, 20, 35, 24, 45, 34, '2022-10-15 20:49:45', '2022-10-15 20:49:45'),
(3281, 8, 20, 34, 22, 51, 28, '2022-10-15 20:49:45', '2022-10-15 20:49:45'),
(3282, 8, 20, 33, 24, 47, 33, '2022-10-15 20:49:48', '2022-10-15 20:49:48'),
(3283, 8, 20, 35, 22, 51, 34, '2022-10-15 20:49:49', '2022-10-15 20:49:49'),
(3284, 8, 20, 35, 23, 54, 29, '2022-10-15 20:49:50', '2022-10-15 20:49:50'),
(3285, 8, 20, 34, 24, 47, 27, '2022-10-15 20:49:53', '2022-10-15 20:49:53'),
(3286, 8, 20, 35, 24, 47, 33, '2022-10-15 20:49:56', '2022-10-15 20:49:56'),
(3287, 8, 20, 33, 24, 48, 33, '2022-10-15 20:49:59', '2022-10-15 20:49:59'),
(3288, 8, 20, 34, 24, 48, 25, '2022-10-15 20:50:03', '2022-10-15 20:50:03'),
(3289, 8, 20, 33, 22, 55, 35, '2022-10-15 20:50:15', '2022-10-15 20:50:15'),
(3290, 8, 20, 34, 22, 55, 29, '2022-10-15 20:50:22', '2022-10-15 20:50:22'),
(3291, 8, 20, 35, 22, 55, 34, '2022-10-15 20:50:25', '2022-10-15 20:50:25'),
(3292, 8, 20, 33, 26, 55, 31, '2022-10-15 20:50:57', '2022-10-15 20:50:57'),
(3293, 8, 20, 34, 26, 55, 27, '2022-10-15 20:51:01', '2022-10-15 20:51:01'),
(3294, 8, 20, 35, 25, 55, 31, '2022-10-15 20:51:03', '2022-10-15 20:51:03'),
(3295, 8, 20, 35, 24, 48, 32, '2022-10-15 20:51:04', '2022-10-15 20:51:04'),
(3296, 8, 20, 33, 23, 55, 27, '2022-10-15 20:51:04', '2022-10-15 20:51:04'),
(3297, 8, 20, 35, 26, 55, 31, '2022-10-15 20:51:05', '2022-10-15 20:51:05'),
(3298, 8, 20, 34, 25, 55, 28, '2022-10-15 20:51:09', '2022-10-15 20:51:09'),
(3299, 8, 20, 33, 25, 55, 33, '2022-10-15 20:51:10', '2022-10-15 20:51:10'),
(3300, 8, 20, 34, 23, 55, 24, '2022-10-15 20:51:16', '2022-10-15 20:51:16'),
(3301, 8, 20, 33, 24, 49, 35, '2022-10-15 20:51:19', '2022-10-15 20:51:19'),
(3302, 8, 20, 35, 23, 55, 27, '2022-10-15 20:51:24', '2022-10-15 20:51:24'),
(3303, 8, 20, 34, 24, 49, 30, '2022-10-15 20:51:29', '2022-10-15 20:51:29'),
(3304, 8, 20, 35, 24, 49, 35, '2022-10-15 20:51:31', '2022-10-15 20:51:31'),
(3305, 8, 20, 35, 22, 56, 33, '2022-10-15 20:51:33', '2022-10-15 20:51:42'),
(3306, 8, 20, 33, 22, 56, 34, '2022-10-15 20:51:36', '2022-10-15 20:51:36'),
(3307, 8, 20, 33, 24, 50, 35, '2022-10-15 20:51:41', '2022-10-15 20:51:41'),
(3308, 8, 20, 34, 22, 56, 28, '2022-10-15 20:51:41', '2022-10-15 20:51:41'),
(3309, 8, 20, 34, 24, 50, 30, '2022-10-15 20:51:43', '2022-10-15 20:51:43'),
(3310, 8, 20, 33, 26, 56, 29, '2022-10-15 20:52:06', '2022-10-15 20:52:06'),
(3311, 8, 20, 34, 26, 56, 23, '2022-10-15 20:52:12', '2022-10-15 20:52:12'),
(3312, 8, 20, 35, 26, 56, 28, '2022-10-15 20:52:15', '2022-10-15 20:53:24'),
(3313, 8, 20, 33, 23, 56, 26, '2022-10-15 20:52:15', '2022-10-15 20:52:15'),
(3314, 8, 20, 33, 25, 56, 26, '2022-10-15 20:52:16', '2022-10-15 20:52:16'),
(3315, 8, 20, 34, 25, 56, 21, '2022-10-15 20:52:20', '2022-10-15 20:52:20'),
(3316, 8, 20, 34, 23, 56, 23, '2022-10-15 20:52:26', '2022-10-15 20:52:26'),
(3317, 8, 20, 35, 23, 56, 24, '2022-10-15 20:52:50', '2022-10-15 20:52:50'),
(3318, 8, 20, 33, 22, 57, 35, '2022-10-15 20:52:50', '2022-10-15 20:52:59'),
(3319, 8, 20, 34, 22, 57, 29, '2022-10-15 20:53:01', '2022-10-15 20:53:01'),
(3320, 8, 20, 33, 26, 57, 33, '2022-10-15 20:53:03', '2022-10-15 20:53:03'),
(3321, 8, 20, 35, 25, 56, 24, '2022-10-15 20:53:05', '2022-10-15 20:53:05'),
(3322, 8, 20, 34, 26, 57, 28, '2022-10-15 20:53:05', '2022-10-15 20:53:05'),
(3323, 8, 20, 35, 22, 57, 34, '2022-10-15 20:53:06', '2022-10-15 20:53:06'),
(3324, 8, 20, 35, 26, 57, 33, '2022-10-15 20:53:09', '2022-10-15 20:53:19'),
(3325, 8, 20, 35, 25, 57, 34, '2022-10-15 20:53:09', '2022-10-15 20:53:09'),
(3326, 8, 20, 33, 23, 57, 30, '2022-10-15 20:53:11', '2022-10-15 20:53:11'),
(3327, 8, 20, 35, 24, 50, 35, '2022-10-15 20:53:11', '2022-10-15 20:53:11'),
(3328, 8, 20, 34, 25, 57, 29, '2022-10-15 20:53:12', '2022-10-15 20:53:12'),
(3329, 8, 20, 33, 24, 51, 33, '2022-10-15 20:53:15', '2022-10-15 20:53:15'),
(3330, 8, 20, 34, 23, 57, 24, '2022-10-15 20:53:18', '2022-10-15 20:53:18'),
(3331, 8, 20, 33, 25, 57, 34, '2022-10-15 20:53:24', '2022-10-15 20:53:24'),
(3332, 8, 20, 34, 24, 51, 26, '2022-10-15 20:53:24', '2022-10-15 20:53:24'),
(3333, 8, 20, 35, 24, 51, 33, '2022-10-15 20:53:28', '2022-10-15 20:53:28'),
(3334, 8, 20, 35, 23, 57, 27, '2022-10-15 20:53:29', '2022-10-15 20:53:29'),
(3335, 8, 20, 33, 24, 52, 33, '2022-10-15 20:53:34', '2022-10-15 20:53:34'),
(3336, 8, 20, 34, 24, 52, 27, '2022-10-15 20:53:36', '2022-10-15 20:53:36'),
(3337, 8, 20, 35, 24, 52, 33, '2022-10-15 20:53:38', '2022-10-15 20:53:38'),
(3338, 8, 20, 33, 24, 53, 35, '2022-10-15 20:53:43', '2022-10-15 20:53:43'),
(3339, 8, 20, 34, 24, 53, 30, '2022-10-15 20:53:46', '2022-10-15 20:53:46'),
(3340, 8, 20, 35, 24, 53, 35, '2022-10-15 20:53:48', '2022-10-15 20:53:48'),
(3341, 8, 20, 33, 24, 54, 35, '2022-10-15 20:53:53', '2022-10-15 20:53:53'),
(3342, 8, 20, 34, 24, 54, 30, '2022-10-15 20:53:56', '2022-10-15 20:53:56'),
(3343, 8, 20, 35, 24, 54, 35, '2022-10-15 20:53:58', '2022-10-15 20:53:58'),
(3344, 8, 20, 33, 24, 55, 35, '2022-10-15 20:54:02', '2022-10-15 20:54:02'),
(3345, 8, 20, 34, 24, 55, 30, '2022-10-15 20:54:05', '2022-10-15 20:54:05'),
(3346, 8, 20, 35, 24, 55, 35, '2022-10-15 20:54:08', '2022-10-15 20:54:08'),
(3347, 8, 20, 33, 24, 56, 33, '2022-10-15 20:54:10', '2022-10-15 20:54:10'),
(3348, 8, 20, 34, 24, 56, 26, '2022-10-15 20:54:14', '2022-10-15 20:54:14'),
(3349, 8, 20, 35, 24, 56, 35, '2022-10-15 20:54:17', '2022-10-15 20:54:17'),
(3350, 8, 20, 33, 24, 57, 35, '2022-10-15 20:54:21', '2022-10-15 20:54:21'),
(3351, 8, 20, 34, 24, 57, 30, '2022-10-15 20:54:23', '2022-10-15 20:54:23'),
(3352, 8, 20, 35, 24, 57, 35, '2022-10-15 20:54:29', '2022-10-15 20:54:29'),
(3353, 8, 22, 40, 24, 45, 30, '2022-10-15 20:59:13', '2022-10-15 20:59:13'),
(3354, 8, 22, 40, 24, 47, 30, '2022-10-15 20:59:16', '2022-10-15 20:59:16'),
(3355, 8, 22, 40, 24, 48, 30, '2022-10-15 20:59:17', '2022-10-15 20:59:17'),
(3356, 8, 22, 40, 24, 49, 30, '2022-10-15 20:59:19', '2022-10-15 20:59:19'),
(3357, 8, 22, 40, 24, 50, 30, '2022-10-15 20:59:20', '2022-10-15 20:59:20'),
(3358, 8, 22, 40, 24, 51, 30, '2022-10-15 20:59:22', '2022-10-15 20:59:22'),
(3359, 8, 22, 40, 24, 52, 30, '2022-10-15 20:59:27', '2022-10-15 20:59:27'),
(3360, 8, 22, 40, 24, 53, 30, '2022-10-15 20:59:28', '2022-10-15 20:59:28'),
(3361, 8, 22, 40, 24, 54, 30, '2022-10-15 20:59:30', '2022-10-15 20:59:30'),
(3362, 8, 22, 40, 24, 55, 30, '2022-10-15 20:59:32', '2022-10-15 20:59:32'),
(3363, 8, 22, 40, 24, 56, 30, '2022-10-15 20:59:37', '2022-10-15 20:59:37'),
(3364, 8, 22, 40, 24, 57, 30, '2022-10-15 21:00:03', '2022-10-15 21:00:03'),
(3365, 8, 22, 40, 22, 45, 26, '2022-10-15 21:00:17', '2022-10-15 21:00:55'),
(3366, 8, 22, 40, 23, 45, 23, '2022-10-15 21:00:24', '2022-10-15 21:00:24'),
(3367, 8, 22, 41, 23, 45, 24, '2022-10-15 21:00:32', '2022-10-15 21:00:32'),
(3368, 8, 22, 42, 23, 45, 32, '2022-10-15 21:00:36', '2022-10-15 21:00:36'),
(3369, 8, 22, 41, 22, 45, 27, '2022-10-15 21:00:46', '2022-10-15 21:00:56'),
(3370, 8, 22, 42, 22, 45, 35, '2022-10-15 21:00:51', '2022-10-15 21:00:58'),
(3371, 8, 22, 40, 26, 45, 26, '2022-10-15 21:01:18', '2022-10-15 21:01:18'),
(3372, 8, 22, 41, 26, 45, 27, '2022-10-15 21:01:23', '2022-10-15 21:01:23'),
(3373, 8, 22, 42, 26, 45, 36, '2022-10-15 21:01:32', '2022-10-15 21:01:32'),
(3374, 8, 22, 40, 22, 47, 27, '2022-10-15 21:02:01', '2022-10-15 21:03:47'),
(3375, 8, 22, 41, 22, 47, 25, '2022-10-15 21:02:03', '2022-10-15 21:03:47'),
(3376, 8, 22, 42, 22, 47, 34, '2022-10-15 21:02:06', '2022-10-15 21:03:47'),
(3377, 8, 22, 40, 23, 47, 22, '2022-10-15 21:02:38', '2022-10-15 21:02:38'),
(3378, 8, 22, 41, 23, 47, 23, '2022-10-15 21:02:41', '2022-10-15 21:02:41'),
(3379, 8, 22, 42, 23, 47, 30, '2022-10-15 21:02:45', '2022-10-15 21:02:45'),
(3380, 8, 22, 40, 25, 45, 27, '2022-10-15 21:02:48', '2022-10-15 21:02:48'),
(3381, 8, 22, 41, 25, 45, 27, '2022-10-15 21:02:52', '2022-10-15 21:02:52'),
(3382, 8, 22, 42, 25, 45, 37, '2022-10-15 21:02:55', '2022-10-15 21:02:55'),
(3383, 8, 22, 40, 26, 47, 27, '2022-10-15 21:03:11', '2022-10-15 21:03:11'),
(3384, 8, 22, 41, 26, 47, 27, '2022-10-15 21:03:12', '2022-10-15 21:03:12'),
(3385, 8, 22, 42, 26, 47, 36, '2022-10-15 21:03:16', '2022-10-15 21:03:30'),
(3386, 8, 22, 42, 25, 47, 37, '2022-10-15 21:03:38', '2022-10-15 21:03:38'),
(3387, 8, 22, 41, 25, 47, 26, '2022-10-15 21:03:42', '2022-10-15 21:03:42'),
(3388, 8, 22, 40, 25, 47, 26, '2022-10-15 21:03:46', '2022-10-15 21:03:46'),
(3389, 8, 22, 40, 23, 48, 23, '2022-10-15 21:04:22', '2022-10-15 21:04:22'),
(3390, 8, 22, 41, 23, 48, 23, '2022-10-15 21:04:24', '2022-10-15 21:04:24'),
(3391, 8, 22, 42, 23, 48, 31, '2022-10-15 21:04:27', '2022-10-15 21:04:27'),
(3392, 8, 22, 40, 26, 48, 26, '2022-10-15 21:04:30', '2022-10-15 21:04:30'),
(3393, 8, 22, 41, 26, 48, 28, '2022-10-15 21:04:32', '2022-10-15 21:04:32'),
(3394, 8, 22, 40, 25, 48, 26, '2022-10-15 21:04:38', '2022-10-15 21:04:38'),
(3395, 8, 22, 41, 25, 48, 26, '2022-10-15 21:04:40', '2022-10-15 21:04:40'),
(3396, 8, 22, 40, 22, 48, 27.5, '2022-10-15 21:04:41', '2022-10-15 21:10:54'),
(3397, 8, 22, 41, 22, 48, 27, '2022-10-15 21:04:43', '2022-10-15 21:11:01'),
(3398, 8, 22, 42, 26, 48, 37, '2022-10-15 21:04:44', '2022-10-15 21:04:44'),
(3399, 8, 22, 42, 22, 48, 36, '2022-10-15 21:04:48', '2022-10-15 21:05:04'),
(3400, 8, 22, 42, 25, 48, 36, '2022-10-15 21:05:02', '2022-10-15 21:05:02'),
(3401, 8, 22, 40, 23, 49, 20, '2022-10-15 21:05:27', '2022-10-15 21:05:27'),
(3402, 8, 22, 40, 22, 49, 26, '2022-10-15 21:05:29', '2022-10-15 21:18:30'),
(3403, 8, 22, 41, 23, 49, 20, '2022-10-15 21:05:39', '2022-10-15 21:05:39'),
(3404, 8, 22, 41, 22, 49, 27, '2022-10-15 21:05:45', '2022-10-15 21:06:17'),
(3405, 8, 22, 42, 23, 49, 26, '2022-10-15 21:05:45', '2022-10-15 21:05:45'),
(3406, 8, 22, 40, 26, 49, 25, '2022-10-15 21:05:46', '2022-10-15 21:05:46'),
(3407, 8, 22, 42, 25, 49, 35, '2022-10-15 21:05:51', '2022-10-15 21:05:51'),
(3408, 8, 22, 41, 26, 49, 26, '2022-10-15 21:05:51', '2022-10-15 21:05:51'),
(3409, 8, 22, 42, 26, 49, 35, '2022-10-15 21:05:53', '2022-10-15 21:05:53'),
(3410, 8, 22, 42, 22, 49, 38, '2022-10-15 21:05:55', '2022-10-15 21:06:18'),
(3411, 8, 22, 41, 25, 49, 26, '2022-10-15 21:06:02', '2022-10-15 21:06:02'),
(3412, 8, 22, 40, 25, 49, 24, '2022-10-15 21:06:06', '2022-10-15 21:06:06'),
(3413, 8, 22, 40, 23, 50, 28, '2022-10-15 21:07:35', '2022-10-15 21:07:35'),
(3414, 8, 22, 42, 25, 50, 38, '2022-10-15 21:07:39', '2022-10-15 21:07:39'),
(3415, 8, 22, 41, 25, 50, 28, '2022-10-15 21:07:42', '2022-10-15 21:09:29'),
(3416, 8, 22, 40, 22, 50, 29.5, '2022-10-15 21:07:45', '2022-10-15 21:12:26'),
(3417, 8, 22, 41, 22, 50, 29, '2022-10-15 21:07:49', '2022-10-15 21:12:28'),
(3418, 8, 22, 42, 22, 50, 39, '2022-10-15 21:07:52', '2022-10-15 21:07:52'),
(3419, 8, 22, 40, 26, 50, 28, '2022-10-15 21:07:54', '2022-10-15 21:07:54'),
(3420, 8, 22, 41, 23, 50, 27, '2022-10-15 21:07:56', '2022-10-15 21:07:56'),
(3421, 8, 22, 41, 26, 50, 29, '2022-10-15 21:08:05', '2022-10-15 21:08:05'),
(3422, 8, 22, 40, 25, 50, 28, '2022-10-15 21:08:07', '2022-10-15 21:09:24'),
(3423, 8, 22, 42, 23, 50, 36, '2022-10-15 21:08:17', '2022-10-15 21:08:17'),
(3424, 8, 22, 42, 26, 50, 38, '2022-10-15 21:08:50', '2022-10-15 21:08:50'),
(3425, 8, 22, 40, 22, 51, 25, '2022-10-15 21:09:51', '2022-10-15 21:10:40'),
(3426, 8, 22, 41, 22, 51, 27, '2022-10-15 21:09:55', '2022-10-15 21:10:40'),
(3427, 8, 22, 42, 22, 51, 37.5, '2022-10-15 21:09:58', '2022-10-15 21:10:48'),
(3428, 8, 22, 40, 23, 51, 23, '2022-10-15 21:10:06', '2022-10-15 21:10:06');
INSERT INTO `tabs_results` (`tabs_result_id`, `tabs_event_id`, `tabs_cat_id`, `tabs_cri_id`, `tabs_user_id`, `tabs_can_id`, `tabs_result_score`, `tabs_result_created`, `tabs_result_updated`) VALUES
(3429, 8, 22, 42, 25, 51, 37, '2022-10-15 21:10:13', '2022-10-15 21:10:13'),
(3430, 8, 22, 40, 26, 51, 25, '2022-10-15 21:10:20', '2022-10-15 21:10:47'),
(3431, 8, 22, 41, 25, 51, 26, '2022-10-15 21:10:24', '2022-10-15 21:10:24'),
(3432, 8, 22, 41, 26, 51, 27, '2022-10-15 21:10:35', '2022-10-15 21:10:35'),
(3433, 8, 22, 41, 23, 51, 23, '2022-10-15 21:10:36', '2022-10-15 21:10:36'),
(3434, 8, 22, 42, 26, 51, 37, '2022-10-15 21:10:40', '2022-10-15 21:10:40'),
(3435, 8, 22, 40, 25, 51, 27, '2022-10-15 21:10:42', '2022-10-15 21:10:42'),
(3436, 8, 22, 42, 23, 51, 25, '2022-10-15 21:10:42', '2022-10-15 21:10:42'),
(3437, 8, 22, 40, 22, 52, 27.5, '2022-10-15 21:11:13', '2022-10-15 21:11:13'),
(3438, 8, 22, 40, 23, 52, 24, '2022-10-15 21:11:26', '2022-10-15 21:11:26'),
(3439, 8, 22, 40, 26, 52, 26, '2022-10-15 21:11:27', '2022-10-15 21:11:27'),
(3440, 8, 22, 41, 23, 52, 24, '2022-10-15 21:11:28', '2022-10-15 21:11:28'),
(3441, 8, 22, 41, 26, 52, 26, '2022-10-15 21:11:29', '2022-10-15 21:11:29'),
(3442, 8, 22, 42, 26, 52, 36, '2022-10-15 21:11:31', '2022-10-15 21:11:31'),
(3443, 8, 22, 40, 25, 52, 28, '2022-10-15 21:11:31', '2022-10-15 21:11:31'),
(3444, 8, 22, 41, 22, 52, 26.5, '2022-10-15 21:11:32', '2022-10-15 21:11:54'),
(3445, 8, 22, 41, 25, 52, 27, '2022-10-15 21:11:33', '2022-10-15 21:11:33'),
(3446, 8, 22, 42, 25, 52, 37, '2022-10-15 21:11:41', '2022-10-15 21:11:41'),
(3447, 8, 22, 42, 22, 52, 38, '2022-10-15 21:11:42', '2022-10-15 21:12:14'),
(3448, 8, 22, 42, 23, 52, 26, '2022-10-15 21:11:48', '2022-10-15 21:11:48'),
(3449, 8, 22, 40, 26, 53, 28, '2022-10-15 21:12:15', '2022-10-15 21:12:15'),
(3450, 8, 22, 40, 23, 53, 22, '2022-10-15 21:12:20', '2022-10-15 21:12:20'),
(3451, 8, 22, 41, 23, 53, 25, '2022-10-15 21:12:46', '2022-10-15 21:12:46'),
(3452, 8, 22, 40, 25, 53, 28, '2022-10-15 21:12:50', '2022-10-15 21:12:50'),
(3453, 8, 22, 41, 26, 53, 28, '2022-10-15 21:13:00', '2022-10-15 21:13:00'),
(3454, 8, 22, 41, 25, 53, 28, '2022-10-15 21:13:01', '2022-10-15 21:13:01'),
(3455, 8, 22, 42, 26, 53, 38, '2022-10-15 21:13:03', '2022-10-15 21:13:03'),
(3456, 8, 22, 42, 25, 53, 38, '2022-10-15 21:13:04', '2022-10-15 21:13:04'),
(3457, 8, 22, 40, 22, 53, 25, '2022-10-15 21:13:12', '2022-10-15 21:13:12'),
(3458, 8, 22, 41, 22, 53, 28, '2022-10-15 21:13:16', '2022-10-15 21:13:28'),
(3459, 8, 22, 42, 22, 53, 37, '2022-10-15 21:13:20', '2022-10-15 21:13:20'),
(3460, 8, 22, 42, 23, 53, 27, '2022-10-15 21:13:23', '2022-10-15 21:13:23'),
(3461, 8, 22, 40, 22, 54, 29, '2022-10-15 21:13:48', '2022-10-15 21:16:42'),
(3462, 8, 22, 40, 23, 54, 29, '2022-10-15 21:14:22', '2022-10-15 21:14:22'),
(3463, 8, 22, 41, 23, 54, 28, '2022-10-15 21:14:39', '2022-10-15 21:14:39'),
(3464, 8, 22, 42, 23, 54, 39, '2022-10-15 21:14:47', '2022-10-15 21:15:31'),
(3465, 8, 22, 41, 22, 54, 28.5, '2022-10-15 21:15:03', '2022-10-15 21:16:43'),
(3466, 8, 22, 42, 22, 54, 38, '2022-10-15 21:15:22', '2022-10-15 21:21:30'),
(3467, 8, 22, 40, 26, 54, 29, '2022-10-15 21:15:46', '2022-10-15 21:15:46'),
(3468, 8, 22, 41, 26, 54, 28, '2022-10-15 21:15:50', '2022-10-15 21:15:59'),
(3469, 8, 22, 42, 26, 54, 39, '2022-10-15 21:15:52', '2022-10-15 21:16:02'),
(3470, 8, 22, 40, 25, 54, 28, '2022-10-15 21:15:58', '2022-10-15 21:15:58'),
(3471, 8, 22, 41, 25, 54, 27, '2022-10-15 21:16:02', '2022-10-15 21:16:02'),
(3472, 8, 22, 42, 25, 54, 37, '2022-10-15 21:16:10', '2022-10-15 21:16:10'),
(3473, 8, 22, 40, 23, 55, 22, '2022-10-15 21:16:50', '2022-10-15 21:16:50'),
(3474, 8, 22, 41, 23, 55, 20, '2022-10-15 21:17:01', '2022-10-15 21:17:01'),
(3475, 8, 22, 42, 23, 55, 25, '2022-10-15 21:17:03', '2022-10-15 21:17:03'),
(3476, 8, 22, 42, 25, 55, 37, '2022-10-15 21:17:07', '2022-10-15 21:17:07'),
(3477, 8, 22, 40, 26, 55, 26, '2022-10-15 21:17:16', '2022-10-15 21:17:16'),
(3478, 8, 22, 41, 26, 55, 26, '2022-10-15 21:17:18', '2022-10-15 21:17:18'),
(3479, 8, 22, 40, 22, 55, 26.5, '2022-10-15 21:17:20', '2022-10-15 21:21:31'),
(3480, 8, 22, 42, 26, 55, 36, '2022-10-15 21:17:21', '2022-10-15 21:21:19'),
(3481, 8, 22, 40, 25, 55, 27, '2022-10-15 21:17:24', '2022-10-15 21:17:24'),
(3482, 8, 22, 41, 22, 55, 27.5, '2022-10-15 21:17:24', '2022-10-15 21:21:31'),
(3483, 8, 22, 41, 25, 55, 27, '2022-10-15 21:17:26', '2022-10-15 21:17:26'),
(3484, 8, 22, 42, 22, 55, 37, '2022-10-15 21:17:28', '2022-10-15 21:21:33'),
(3485, 8, 22, 40, 23, 56, 27, '2022-10-15 21:18:29', '2022-10-15 21:18:29'),
(3486, 8, 22, 41, 23, 56, 27, '2022-10-15 21:18:39', '2022-10-15 21:18:39'),
(3487, 8, 22, 42, 23, 56, 35, '2022-10-15 21:18:41', '2022-10-15 21:18:41'),
(3488, 8, 22, 40, 22, 56, 28, '2022-10-15 21:18:42', '2022-10-15 21:21:51'),
(3489, 8, 22, 41, 22, 56, 26, '2022-10-15 21:18:46', '2022-10-15 21:21:54'),
(3490, 8, 22, 42, 22, 56, 34, '2022-10-15 21:18:58', '2022-10-15 21:21:54'),
(3491, 8, 22, 40, 26, 56, 28, '2022-10-15 21:18:58', '2022-10-15 21:18:58'),
(3492, 8, 22, 40, 25, 56, 26, '2022-10-15 21:19:00', '2022-10-15 21:19:00'),
(3493, 8, 22, 41, 25, 56, 25, '2022-10-15 21:19:04', '2022-10-15 21:19:04'),
(3494, 8, 22, 42, 25, 56, 35, '2022-10-15 21:19:09', '2022-10-15 21:21:28'),
(3495, 8, 22, 41, 24, 45, 30, '2022-10-15 21:19:10', '2022-10-15 21:19:10'),
(3496, 8, 22, 41, 26, 56, 27, '2022-10-15 21:19:11', '2022-10-15 21:19:11'),
(3497, 8, 22, 42, 26, 56, 37, '2022-10-15 21:19:13', '2022-10-15 21:19:13'),
(3498, 8, 22, 42, 24, 45, 40, '2022-10-15 21:19:18', '2022-10-15 21:19:18'),
(3499, 8, 22, 41, 24, 47, 27, '2022-10-15 21:19:20', '2022-10-15 21:19:20'),
(3500, 8, 22, 42, 24, 47, 38, '2022-10-15 21:19:24', '2022-10-15 21:19:24'),
(3501, 8, 22, 41, 24, 48, 30, '2022-10-15 21:19:28', '2022-10-15 21:19:28'),
(3502, 8, 22, 40, 23, 57, 28, '2022-10-15 21:19:56', '2022-10-15 21:19:56'),
(3503, 8, 22, 41, 23, 57, 28, '2022-10-15 21:19:58', '2022-10-15 21:19:58'),
(3504, 8, 22, 42, 24, 48, 40, '2022-10-15 21:20:00', '2022-10-15 21:20:00'),
(3505, 8, 22, 40, 22, 57, 28.5, '2022-10-15 21:20:22', '2022-10-15 21:21:58'),
(3506, 8, 22, 40, 26, 57, 28, '2022-10-15 21:20:48', '2022-10-15 21:21:22'),
(3507, 8, 22, 41, 24, 49, 27, '2022-10-15 21:20:51', '2022-10-15 21:20:51'),
(3508, 8, 22, 41, 22, 57, 29.5, '2022-10-15 21:20:52', '2022-10-15 21:21:59'),
(3509, 8, 22, 41, 26, 57, 28, '2022-10-15 21:20:53', '2022-10-15 21:20:53'),
(3510, 8, 22, 42, 26, 57, 38, '2022-10-15 21:20:55', '2022-10-15 21:21:10'),
(3511, 8, 22, 41, 24, 50, 30, '2022-10-15 21:20:56', '2022-10-15 21:20:56'),
(3512, 8, 22, 41, 24, 51, 29, '2022-10-15 21:20:58', '2022-10-15 21:20:58'),
(3513, 8, 22, 40, 25, 57, 29, '2022-10-15 21:20:59', '2022-10-15 21:20:59'),
(3514, 8, 22, 42, 23, 57, 35, '2022-10-15 21:20:59', '2022-10-15 21:20:59'),
(3515, 8, 22, 41, 24, 52, 27, '2022-10-15 21:21:00', '2022-10-15 21:21:00'),
(3516, 8, 22, 42, 22, 57, 38.5, '2022-10-15 21:21:00', '2022-10-15 21:21:59'),
(3517, 8, 22, 41, 24, 53, 28, '2022-10-15 21:21:02', '2022-10-15 21:21:02'),
(3518, 8, 22, 41, 25, 57, 29, '2022-10-15 21:21:03', '2022-10-15 21:21:03'),
(3519, 8, 22, 41, 24, 54, 27, '2022-10-15 21:21:06', '2022-10-15 21:21:06'),
(3520, 8, 22, 41, 24, 55, 27, '2022-10-15 21:21:08', '2022-10-15 21:21:08'),
(3521, 8, 22, 41, 24, 56, 28, '2022-10-15 21:21:11', '2022-10-15 21:21:11'),
(3522, 8, 22, 41, 24, 57, 30, '2022-10-15 21:21:14', '2022-10-15 21:21:14'),
(3523, 8, 22, 42, 25, 57, 39, '2022-10-15 21:21:14', '2022-10-15 21:21:14'),
(3524, 8, 22, 42, 24, 49, 38, '2022-10-15 21:21:20', '2022-10-15 21:21:20'),
(3525, 8, 22, 42, 24, 50, 40, '2022-10-15 21:21:22', '2022-10-15 21:21:22'),
(3526, 8, 22, 42, 24, 51, 40, '2022-10-15 21:21:24', '2022-10-15 21:21:24'),
(3527, 8, 22, 42, 24, 52, 39, '2022-10-15 21:21:29', '2022-10-15 21:21:29'),
(3528, 8, 22, 42, 24, 53, 40, '2022-10-15 21:21:34', '2022-10-15 21:21:34'),
(3529, 8, 22, 42, 24, 54, 40, '2022-10-15 21:21:36', '2022-10-15 21:21:36'),
(3530, 8, 22, 42, 24, 55, 40, '2022-10-15 21:21:38', '2022-10-15 21:21:38'),
(3531, 8, 22, 42, 24, 56, 40, '2022-10-15 21:21:40', '2022-10-15 21:21:40'),
(3532, 8, 22, 42, 24, 57, 39, '2022-10-15 21:21:44', '2022-10-15 21:21:44'),
(3533, 9, 24, 46, 22, 50, 39, '2022-10-15 21:37:37', '2022-10-15 21:49:07'),
(3534, 9, 24, 46, 26, 50, 39, '2022-10-15 21:40:08', '2022-10-15 21:49:06'),
(3535, 9, 24, 46, 23, 57, 33, '2022-10-15 21:40:09', '2022-10-15 21:44:38'),
(3536, 9, 24, 46, 25, 50, 38, '2022-10-15 21:40:12', '2022-10-15 21:51:05'),
(3537, 9, 24, 47, 26, 50, 55, '2022-10-15 21:40:12', '2022-10-15 21:50:40'),
(3538, 9, 24, 47, 23, 57, 45, '2022-10-15 21:40:17', '2022-10-15 21:40:17'),
(3539, 9, 24, 47, 25, 50, 57, '2022-10-15 21:40:20', '2022-10-15 21:50:48'),
(3540, 9, 24, 47, 22, 50, 59, '2022-10-15 21:40:24', '2022-10-15 21:52:27'),
(3541, 9, 24, 46, 26, 57, 39, '2022-10-15 21:40:27', '2022-10-15 21:40:27'),
(3542, 9, 24, 47, 26, 57, 56, '2022-10-15 21:40:29', '2022-10-15 21:49:59'),
(3543, 9, 24, 46, 22, 53, 34, '2022-10-15 21:40:45', '2022-10-15 21:52:51'),
(3544, 9, 24, 46, 23, 54, 35, '2022-10-15 21:41:45', '2022-10-15 21:48:53'),
(3545, 9, 24, 46, 26, 54, 39, '2022-10-15 21:42:37', '2022-10-15 21:42:37'),
(3546, 9, 24, 47, 23, 54, 55, '2022-10-15 21:42:39', '2022-10-15 21:42:39'),
(3547, 9, 24, 46, 25, 53, 38, '2022-10-15 21:42:41', '2022-10-15 21:50:54'),
(3548, 9, 24, 46, 22, 54, 38, '2022-10-15 21:42:44', '2022-10-15 21:53:18'),
(3549, 9, 24, 47, 26, 54, 57, '2022-10-15 21:42:45', '2022-10-15 21:42:45'),
(3550, 9, 24, 47, 25, 53, 55, '2022-10-15 21:42:51', '2022-10-15 21:45:30'),
(3551, 9, 24, 47, 22, 54, 59, '2022-10-15 21:42:54', '2022-10-15 21:53:53'),
(3552, 9, 24, 46, 22, 57, 39, '2022-10-15 21:43:03', '2022-10-15 21:51:56'),
(3553, 9, 24, 47, 22, 57, 55, '2022-10-15 21:43:06', '2022-10-15 21:54:10'),
(3554, 9, 24, 46, 24, 57, 40, '2022-10-15 21:43:22', '2022-10-15 21:43:22'),
(3555, 9, 24, 46, 24, 55, 40, '2022-10-15 21:43:23', '2022-10-15 21:43:23'),
(3556, 9, 24, 46, 24, 54, 40, '2022-10-15 21:43:25', '2022-10-15 21:43:25'),
(3557, 9, 24, 46, 24, 53, 40, '2022-10-15 21:43:27', '2022-10-15 21:43:27'),
(3558, 9, 24, 46, 24, 50, 40, '2022-10-15 21:43:29', '2022-10-15 21:43:29'),
(3559, 9, 24, 46, 25, 55, 37, '2022-10-15 21:44:03', '2022-10-15 21:50:51'),
(3560, 9, 24, 47, 25, 55, 57, '2022-10-15 21:44:06', '2022-10-15 21:47:49'),
(3561, 9, 24, 46, 25, 57, 39, '2022-10-15 21:44:52', '2022-10-15 21:50:50'),
(3562, 9, 24, 46, 25, 54, 36, '2022-10-15 21:45:03', '2022-10-15 21:50:53'),
(3563, 9, 24, 47, 25, 54, 58, '2022-10-15 21:45:05', '2022-10-15 21:45:05'),
(3564, 9, 24, 46, 26, 53, 39, '2022-10-15 21:45:07', '2022-10-15 21:45:07'),
(3565, 9, 24, 47, 25, 57, 56, '2022-10-15 21:45:24', '2022-10-15 21:50:21'),
(3566, 9, 24, 47, 22, 53, 55, '2022-10-15 21:45:26', '2022-10-15 21:51:58'),
(3567, 9, 24, 46, 23, 53, 31, '2022-10-15 21:45:26', '2022-10-15 21:48:31'),
(3568, 9, 24, 47, 26, 53, 58, '2022-10-15 21:45:32', '2022-10-15 21:45:32'),
(3569, 9, 24, 47, 23, 53, 50, '2022-10-15 21:45:38', '2022-10-15 21:48:14'),
(3570, 9, 24, 46, 22, 55, 35, '2022-10-15 21:46:36', '2022-10-15 21:54:07'),
(3571, 9, 24, 46, 26, 55, 39, '2022-10-15 21:47:43', '2022-10-15 21:47:43'),
(3572, 9, 24, 47, 26, 55, 54, '2022-10-15 21:47:49', '2022-10-15 21:50:37'),
(3573, 9, 24, 47, 23, 55, 40, '2022-10-15 21:47:49', '2022-10-15 21:47:49'),
(3574, 9, 24, 47, 22, 55, 57, '2022-10-15 21:47:58', '2022-10-15 21:51:52'),
(3575, 9, 24, 46, 23, 55, 29, '2022-10-15 21:48:07', '2022-10-15 21:48:35'),
(3576, 9, 24, 46, 23, 50, 30, '2022-10-15 21:49:42', '2022-10-15 21:49:42'),
(3577, 9, 24, 47, 23, 50, 53, '2022-10-15 21:50:49', '2022-10-15 21:50:49'),
(3578, 9, 24, 47, 24, 50, 59, '2022-10-15 21:50:56', '2022-10-15 21:50:56'),
(3579, 9, 24, 47, 24, 53, 59, '2022-10-15 21:51:00', '2022-10-15 21:51:00'),
(3580, 9, 24, 47, 24, 54, 59, '2022-10-15 21:51:05', '2022-10-15 21:51:05'),
(3581, 9, 24, 47, 24, 55, 57, '2022-10-15 21:51:08', '2022-10-15 21:51:08'),
(3582, 9, 24, 47, 24, 57, 54, '2022-10-15 21:51:39', '2022-10-15 21:51:39');

-- --------------------------------------------------------

--
-- Table structure for table `tabs_users`
--

CREATE TABLE `tabs_users` (
  `tabs_user_id` int(10) NOT NULL,
  `tabs_user_code` varchar(30) NOT NULL,
  `tabs_full_name` varchar(255) NOT NULL,
  `tabs_username` varchar(50) NOT NULL,
  `tabs_password` varchar(100) NOT NULL,
  `tabs_user_type` int(5) NOT NULL,
  `tabs_user_status` int(1) NOT NULL,
  `tabs_user_profile_img` text NOT NULL,
  `tabs_event_id` int(11) NOT NULL,
  `tabs_user_created` datetime NOT NULL,
  `tabs_user_updated` datetime NOT NULL
) ENGINE=InnoDB DEFAULT CHARSET=latin1 ROW_FORMAT=COMPACT;

--
-- Dumping data for table `tabs_users`
--

INSERT INTO `tabs_users` (`tabs_user_id`, `tabs_user_code`, `tabs_full_name`, `tabs_username`, `tabs_password`, `tabs_user_type`, `tabs_user_status`, `tabs_user_profile_img`, `tabs_event_id`, `tabs_user_created`, `tabs_user_updated`) VALUES
(1, '0', 'hotkopi', 'dev', 'gozElr3tOF4jED67gzd4r2smH2NWy83w+P89isjSSgM=', 0, 0, '', 0, '2022-08-04 00:00:00', '2022-09-04 14:24:33'),
(8, '20220804171234lPKZlLkU', 'joane may delima', 'joanemay', 'KYbhfSccmfgV6lsb1k23tk6Fz98VuKKfHX24W3k9F1Y=', 0, 0, '', 0, '2022-08-04 17:12:34', '2022-08-04 17:12:34'),
(9, '20220806004654pcNlHHeq', 'CRISTY C. EPE', 'judge1', 'KYbhfSccmfgV6lsb1k23tk6Fz98VuKKfHX24W3k9F1Y=', 1, 0, '', 5, '2022-08-06 00:46:54', '2022-10-13 11:16:19'),
(10, '20220831141717ITDhGPPj', 'lebron james', 'lebrons', 'As2CKbjBIK6Ll6wvk2RGYuFqk1xs0seZfmHSsIrZdwM=', 0, 0, '', 0, '2022-08-31 14:17:17', '2022-08-31 14:17:17'),
(13, '20220831162011g2C4Mqyy', 'FISCAL ELEANOR DELA PEÑA', 'judge2', 'KYbhfSccmfgV6lsb1k23tk6Fz98VuKKfHX24W3k9F1Y=', 1, 0, '', 5, '2022-08-31 16:20:11', '2022-09-04 22:19:56'),
(14, '20220901100320k7vRRjKW', 'NIKKI TAN', 'judge3', 'KYbhfSccmfgV6lsb1k23tk6Fz98VuKKfHX24W3k9F1Y=', 1, 0, '', 5, '2022-09-01 10:03:20', '2022-09-04 22:20:12'),
(15, '202209011004037LiiqoMT', 'KAISER BOADO', 'judge4', 'KYbhfSccmfgV6lsb1k23tk6Fz98VuKKfHX24W3k9F1Y=', 1, 0, '', 5, '2022-09-01 10:04:03', '2022-09-04 22:20:01'),
(16, '20220901100442QcNDrm9v', 'ATTY. IVY LURICA', 'Judge101', 'KYbhfSccmfgV6lsb1k23tk6Fz98VuKKfHX24W3k9F1Y=', 1, 0, '', 7, '2022-09-01 10:04:42', '2022-09-05 22:03:25'),
(17, '202209011005097EJTCFoB', 'DR. TITO ENDRINA', 'Judge102', 'KYbhfSccmfgV6lsb1k23tk6Fz98VuKKfHX24W3k9F1Y=', 1, 0, '', 7, '2022-09-01 10:05:09', '2022-09-05 22:03:48'),
(18, '20220901100526VLj0zyaM', 'DR. CLARENCE PILLERIN', 'Judge103', 'KYbhfSccmfgV6lsb1k23tk6Fz98VuKKfHX24W3k9F1Y=', 1, 0, '', 7, '2022-09-01 10:05:26', '2022-09-05 22:03:40'),
(19, '202209011005428GJa9KQG', 'ATTY. TRIZIA PAULINO-DENUNA', 'Judge104', 'KYbhfSccmfgV6lsb1k23tk6Fz98VuKKfHX24W3k9F1Y=', 1, 0, '', 7, '2022-09-01 10:05:42', '2022-09-05 22:03:32'),
(20, '20220901100559eYjaK92i', 'Mishel C. Cadungod, EdD', 'Judge105', 'KYbhfSccmfgV6lsb1k23tk6Fz98VuKKfHX24W3k9F1Y=', 1, 0, '', 7, '2022-09-01 10:05:59', '2022-09-05 22:03:56'),
(21, '20220902141127PZUeaBgN', 'RODERICK VILAN', 'judge5', 'KYbhfSccmfgV6lsb1k23tk6Fz98VuKKfHX24W3k9F1Y=', 1, 0, '', 5, '2022-09-02 14:11:27', '2022-09-04 22:20:16'),
(22, '20221013110725IRdH42yq', 'UM Judge 1', 'umjudge1', 'KYbhfSccmfgV6lsb1k23tk6Fz98VuKKfHX24W3k9F1Y=', 1, 0, '', 9, '2022-10-13 11:07:25', '2022-10-15 21:37:12'),
(23, '20221013153100JD5SsBLQ', 'UM Judge 2', 'umjudge2', 'KYbhfSccmfgV6lsb1k23tk6Fz98VuKKfHX24W3k9F1Y=', 1, 0, '', 9, '2022-10-13 15:31:00', '2022-10-15 21:37:16'),
(24, '20221013162129uMesriwQ', 'UM Judge 3', 'umjudge3', 'KYbhfSccmfgV6lsb1k23tk6Fz98VuKKfHX24W3k9F1Y=', 1, 0, '', 9, '2022-10-13 16:21:29', '2022-10-15 21:37:20'),
(25, '202210131621573G5WNVZ2', 'UM Judge 4', 'umjudge4', 'KYbhfSccmfgV6lsb1k23tk6Fz98VuKKfHX24W3k9F1Y=', 1, 0, '', 9, '2022-10-13 16:21:57', '2022-10-15 21:37:24'),
(26, '20221013162211HC030Q6Q', 'UM Judge 5', 'umjudge5', 'KYbhfSccmfgV6lsb1k23tk6Fz98VuKKfHX24W3k9F1Y=', 1, 0, '', 9, '2022-10-13 16:22:11', '2022-10-15 21:37:29');

--
-- Indexes for dumped tables
--

--
-- Indexes for table `tabs_candidates`
--
ALTER TABLE `tabs_candidates`
  ADD PRIMARY KEY (`tabs_can_id`);

--
-- Indexes for table `tabs_categories`
--
ALTER TABLE `tabs_categories`
  ADD PRIMARY KEY (`tabs_cat_id`);

--
-- Indexes for table `tabs_criterias`
--
ALTER TABLE `tabs_criterias`
  ADD PRIMARY KEY (`tabs_cri_id`);

--
-- Indexes for table `tabs_events`
--
ALTER TABLE `tabs_events`
  ADD PRIMARY KEY (`tabs_event_id`);

--
-- Indexes for table `tabs_my_project`
--
ALTER TABLE `tabs_my_project`
  ADD PRIMARY KEY (`tabs_project`);

--
-- Indexes for table `tabs_notification`
--
ALTER TABLE `tabs_notification`
  ADD PRIMARY KEY (`tabs_notif_id`);

--
-- Indexes for table `tabs_results`
--
ALTER TABLE `tabs_results`
  ADD PRIMARY KEY (`tabs_result_id`);

--
-- Indexes for table `tabs_users`
--
ALTER TABLE `tabs_users`
  ADD PRIMARY KEY (`tabs_user_id`);

--
-- AUTO_INCREMENT for dumped tables
--

--
-- AUTO_INCREMENT for table `tabs_candidates`
--
ALTER TABLE `tabs_candidates`
  MODIFY `tabs_can_id` int(11) NOT NULL AUTO_INCREMENT, AUTO_INCREMENT=58;

--
-- AUTO_INCREMENT for table `tabs_categories`
--
ALTER TABLE `tabs_categories`
  MODIFY `tabs_cat_id` int(11) NOT NULL AUTO_INCREMENT, AUTO_INCREMENT=25;

--
-- AUTO_INCREMENT for table `tabs_criterias`
--
ALTER TABLE `tabs_criterias`
  MODIFY `tabs_cri_id` int(11) NOT NULL AUTO_INCREMENT, AUTO_INCREMENT=48;

--
-- AUTO_INCREMENT for table `tabs_events`
--
ALTER TABLE `tabs_events`
  MODIFY `tabs_event_id` int(11) NOT NULL AUTO_INCREMENT, AUTO_INCREMENT=10;

--
-- AUTO_INCREMENT for table `tabs_my_project`
--
ALTER TABLE `tabs_my_project`
  MODIFY `tabs_project` int(1) NOT NULL AUTO_INCREMENT, AUTO_INCREMENT=2;

--
-- AUTO_INCREMENT for table `tabs_notification`
--
ALTER TABLE `tabs_notification`
  MODIFY `tabs_notif_id` int(100) NOT NULL AUTO_INCREMENT, AUTO_INCREMENT=377;

--
-- AUTO_INCREMENT for table `tabs_results`
--
ALTER TABLE `tabs_results`
  MODIFY `tabs_result_id` int(11) NOT NULL AUTO_INCREMENT, AUTO_INCREMENT=3583;

--
-- AUTO_INCREMENT for table `tabs_users`
--
ALTER TABLE `tabs_users`
  MODIFY `tabs_user_id` int(10) NOT NULL AUTO_INCREMENT, AUTO_INCREMENT=27;
COMMIT;

/*!40101 SET CHARACTER_SET_CLIENT=@OLD_CHARACTER_SET_CLIENT */;
/*!40101 SET CHARACTER_SET_RESULTS=@OLD_CHARACTER_SET_RESULTS */;
/*!40101 SET COLLATION_CONNECTION=@OLD_COLLATION_CONNECTION */;
