-- phpMyAdmin SQL Dump
-- version 4.8.3
-- https://www.phpmyadmin.net/
--
-- Host: 127.0.0.1
-- Generation Time: Jun 08, 2023 at 05:17 AM
-- Server version: 10.1.36-MariaDB
-- PHP Version: 7.0.32

SET SQL_MODE = "NO_AUTO_VALUE_ON_ZERO";
SET AUTOCOMMIT = 0;
START TRANSACTION;
SET time_zone = "+00:00";


/*!40101 SET @OLD_CHARACTER_SET_CLIENT=@@CHARACTER_SET_CLIENT */;
/*!40101 SET @OLD_CHARACTER_SET_RESULTS=@@CHARACTER_SET_RESULTS */;
/*!40101 SET @OLD_COLLATION_CONNECTION=@@COLLATION_CONNECTION */;
/*!40101 SET NAMES utf8mb4 */;

--
-- Database: `tabulation_datacenter`
--

-- --------------------------------------------------------

--
-- Table structure for table `tabs_candidates`
--

CREATE TABLE `tabs_candidates` (
  `tabs_can_id` int(11) NOT NULL,
  `tabs_can_number` int(11) NOT NULL,
  `tabs_can_name` text NOT NULL,
  `tabs_can_desc` text NOT NULL,
  `tabs_can_image` text NOT NULL,
  `tabs_can_eliminate` int(1) NOT NULL,
  `tabs_can_created` datetime NOT NULL,
  `tabs_event_id` int(11) NOT NULL
) ENGINE=InnoDB DEFAULT CHARSET=latin1;

--
-- Dumping data for table `tabs_candidates`
--

INSERT INTO `tabs_candidates` (`tabs_can_id`, `tabs_can_number`, `tabs_can_name`, `tabs_can_desc`, `tabs_can_image`, `tabs_can_eliminate`, `tabs_can_created`, `tabs_event_id`) VALUES
(1, 1, 'Candidate 1', 'Sample', '20230530181535_1. CANSANA, MARY CARMEN.jpg', 0, '2023-05-30 11:24:29', 1),
(2, 2, 'Candidate 2', 'Sample', '20230530181601_2. RESURRECCION, AIRA KATE.jpg', 0, '2023-05-30 11:41:10', 1),
(3, 3, 'Candidate 3', 'Sample', '20230530181617_3. AGUILAR, AIRA CHARIS.jpg', 0, '2023-05-30 12:04:00', 1),
(4, 4, 'Candidate 4', 'Sample', '20230530181629_4. LLORENTE, JELLI.jpg', 0, '2023-05-30 12:05:15', 1),
(5, 5, 'Candidate 5', 'Sample', '20230530181641_5. MANTILLA, SHEENA GRACE.jpg', 0, '2023-05-30 12:05:36', 3),
(6, 6, 'Candidate 6', 'Sample', '20230530181657_6. TAN, ALLYNNA LHALAINE.jpg', 0, '2023-05-30 12:05:53', 1),
(7, 7, 'Candidate 7', 'Sample', '20230530181707_7. ANIMAS, PRECIOUS VALERIE.jpg', 0, '2023-05-30 12:16:06', 5),
(8, 8, 'Candidate 8', 'Sample', '20230530182135_8. ABELLAR, JOVANNAH NATHALIE.jpg', 0, '2023-05-30 12:16:35', 3),
(9, 9, 'Candidate 9', 'Sample', '20230530182151_9. ALFECHE, IRHA MEL.jpg', 0, '2023-05-30 12:17:11', 3),
(10, 10, 'Candidate 10', 'Sample', '20230530182319_10. ALICABA, ANGEL.jpg', 0, '2023-05-30 12:17:32', 4),
(11, 11, 'Candidate 11', 'Sample', '20230530182332_11. FLEMING, JACKELAINE.jpg', 0, '2023-05-30 12:17:55', 5),
(12, 12, 'Candidate 12', 'Sample', '20230530182345_12. MORANO, CRISTHEL.jpg', 0, '2023-05-30 12:18:09', 5),
(13, 13, 'Candidate 13', 'Sample', '20230530182357_13. MONGAS, LHAICA.jpg', 0, '2023-05-30 12:18:29', 5),
(14, 14, 'Candidate 14', 'Sample', '20230530182410_14. ORTIZ, ELLA MARIE.jpg', 0, '2023-05-30 12:18:55', 1),
(15, 15, 'Candidate 15', 'Sample', '20230530182427_15. BOLIVER, MARICAR.jpg', 0, '2023-05-30 12:19:17', 5),
(16, 16, 'Candidate 16', 'Sample', '20230530182441_16. GABO, CJ BETHAN.jpg', 0, '2023-05-30 12:19:41', 1),
(17, 17, 'Candidate 17', 'Sample', '20230530182452_17. ALCORIZA,SHARMINE.jpg', 0, '2023-05-30 12:19:58', 4),
(18, 18, 'Candidate 18', 'Sample', '20230530182505_18. NAMBATAC, BLESSIE MAE.jpg', 0, '2023-05-30 12:20:19', 1),
(19, 19, 'Candidate 19', 'Sample', '20230530182015_19. SAREN, ALLIEN JANE.jpg', 0, '2023-05-30 12:20:49', 3),
(20, 20, 'Candidate 20', 'Sample', '20230530181739_20. ESTRADA, DANIELLE MARION IZOLA.jpg', 0, '2023-05-30 12:21:02', 5),
(21, 21, 'Candidate 21', 'Sample', '20230530182556_21. ASOQUE, RHEANNE GAYLE.jpg', 0, '2023-05-30 18:25:56', 1),
(22, 22, 'Candidate 22', 'Sample', '20230530182618_22. LAPARAN, LORYBE.jpg', 0, '2023-05-30 18:26:18', 4),
(23, 23, 'Candidate 23', 'Sample', '20230530182638_23. LAWAN, PIPER SHANE.jpg', 0, '2023-05-30 18:26:38', 5),
(24, 24, 'Candidate 24', 'Sample', '20230530182705_24. ALIBANG, FRANCES HANNAH.jpg', 0, '2023-05-30 18:27:05', 1),
(25, 25, 'Candidate 25', 'Sample', '20230530182724_25. BAUTISTA, MA. BONITA.jpg', 0, '2023-05-30 18:27:24', 1),
(26, 26, 'Candidate 26', 'Sample', '20230530182801_26. RELANO, ANGELICA.jpg', 0, '2023-05-30 18:28:01', 4),
(27, 27, 'Candidate 27', 'Sample', '20230530182837_27. JEA JUGARAP.jpg', 0, '2023-05-30 18:28:37', 3),
(28, 28, 'Candidate 28', 'Sample', '20230530182900_28. SAWIT, ROXAN.jpg', 0, '2023-05-30 18:29:00', 5),
(29, 29, 'Candidate 29', 'Sample', '20230530182928_29. CALMA, JERELOU.jpg', 0, '2023-05-30 18:29:28', 5),
(30, 30, 'Candidate 30', 'Sample', '20230530182949_30. RENDON, JAN MARINE.jpg', 0, '2023-05-30 18:29:49', 1),
(31, 31, 'Candidate 31', 'Sample', '20230530183007_31. DEL PUERTO, MERYL.jpg', 0, '2023-05-30 18:30:07', 5),
(32, 32, 'Candidate 32', 'Sample', '20230530183026_32. LEE, MARIA CASSANDRA.jpg', 0, '2023-05-30 18:30:26', 1),
(33, 33, 'Candidate 33', 'Sample', '20230530183045_33. CASTILLON, LENY ROSE.jpg', 0, '2023-05-30 18:30:45', 4);

-- --------------------------------------------------------

--
-- Table structure for table `tabs_categories`
--

CREATE TABLE `tabs_categories` (
  `tabs_cat_id` int(11) NOT NULL,
  `tabs_cat_title` text NOT NULL,
  `tabs_cat_percentage` double NOT NULL,
  `tabs_cat_status` int(1) NOT NULL,
  `tabs_event_id` int(11) NOT NULL
) ENGINE=InnoDB DEFAULT CHARSET=latin1;

--
-- Dumping data for table `tabs_categories`
--

INSERT INTO `tabs_categories` (`tabs_cat_id`, `tabs_cat_title`, `tabs_cat_percentage`, `tabs_cat_status`, `tabs_event_id`) VALUES
(3, 'Evening Gown Competition', 50, 1, 3),
(4, 'Question & Answer Competition', 50, 1, 3),
(6, 'FINAL Question & Answer Competition', 100, 1, 4),
(7, 'Casual Wear Competition', 100, 1, 1),
(9, 'Swimsuit Competition', 100, 1, 5);

-- --------------------------------------------------------

--
-- Table structure for table `tabs_criterias`
--

CREATE TABLE `tabs_criterias` (
  `tabs_cri_id` int(11) NOT NULL,
  `tabs_cri_title` text NOT NULL,
  `tabs_cri_desc` text NOT NULL,
  `tabs_cri_score_min` double NOT NULL,
  `tabs_cri_score_max` double NOT NULL,
  `tabs_cri_percentage` double NOT NULL,
  `tabs_cat_id` int(11) NOT NULL
) ENGINE=InnoDB DEFAULT CHARSET=latin1;

--
-- Dumping data for table `tabs_criterias`
--

INSERT INTO `tabs_criterias` (`tabs_cri_id`, `tabs_cri_title`, `tabs_cri_desc`, `tabs_cri_score_min`, `tabs_cri_score_max`, `tabs_cri_percentage`, `tabs_cat_id`) VALUES
(1, 'Score', 'Poise and Carriage Originality ', 5, 10, 100, 8),
(2, 'Casual Wear Competition', '- Poise and Carriage \r\n- Originality of Summer Wear \r\n- Stage Presence \r\n- Overall Appearance', 5, 10, 100, 7),
(3, 'Swimsuit Competition', '-Beauty of Face and Figure\r\n-Poise and Projection \r\n-Appropriateness of the attire\r\n-Stage Presence', 5, 10, 100, 5),
(4, 'Question and Answer Competition', 'Beauty of Face\r\nIntelligence', 5, 10, 100, 4),
(5, 'Evening Gown Competition', 'Beauty\r\nPoise and Projection\r\nElegance\r\nChoice of Gown', 5, 10, 100, 3),
(6, 'Top 5 - Q and A', '- Beauty of Face\r\n- Intelligence', 5, 10, 100, 6),
(7, 'Swimsuit', '-Beauty of Face and Figure \r\n-Poise and Projection \r\n-Appropriateness of the attire \r\n-Stage Presence', 5, 10, 100, 9);

-- --------------------------------------------------------

--
-- Table structure for table `tabs_events`
--

CREATE TABLE `tabs_events` (
  `tabs_event_id` int(11) NOT NULL,
  `tabs_event_title` text NOT NULL,
  `tabs_event_desc` text NOT NULL,
  `tabs_event_year` text NOT NULL,
  `tabs_event_status` int(1) NOT NULL,
  `tabs_event_eliminate` int(1) NOT NULL,
  `tabs_event_eliminate_title` text NOT NULL,
  `tabs_event_eliminate_num` int(2) NOT NULL,
  `tabs_event_scoretype` int(1) NOT NULL,
  `tabs_event_created` datetime NOT NULL,
  `tabs_event_updated` datetime NOT NULL
) ENGINE=InnoDB DEFAULT CHARSET=latin1;

--
-- Dumping data for table `tabs_events`
--

INSERT INTO `tabs_events` (`tabs_event_id`, `tabs_event_title`, `tabs_event_desc`, `tabs_event_year`, `tabs_event_status`, `tabs_event_eliminate`, `tabs_event_eliminate_title`, `tabs_event_eliminate_num`, `tabs_event_scoretype`, `tabs_event_created`, `tabs_event_updated`) VALUES
(1, 'Mutya ng Guihing 2023', 'Mutya ng Guihing 2023', '2023', 0, 0, '', 0, 0, '2023-05-30 10:54:24', '2023-05-30 10:54:24'),
(3, 'TOP 10 - Mutya ng Guihing 2023', 'Top 10', '2023', 0, 0, '', 0, 0, '2023-05-30 11:27:32', '2023-05-30 15:11:14'),
(4, 'TOP 5 - Mutya ng Guihing 2023', 'Top 5', '2023', 1, 0, '', 0, 0, '2023-05-30 11:27:52', '2023-05-30 15:11:32'),
(5, 'TOP 20 - Mutya ng Guihing 2023', 'Top 20', '2023', 0, 0, '', 0, 0, '2023-05-30 16:41:41', '2023-05-30 16:45:33');

-- --------------------------------------------------------

--
-- Table structure for table `tabs_my_project`
--

CREATE TABLE `tabs_my_project` (
  `tabs_project` int(1) NOT NULL,
  `tabs_project_name` text NOT NULL,
  `tabs_project_address` text NOT NULL,
  `tabs_system_title` text NOT NULL,
  `tabs_event_image` text NOT NULL,
  `tabs_year_origin` datetime NOT NULL
) ENGINE=InnoDB DEFAULT CHARSET=latin1 ROW_FORMAT=COMPACT;

--
-- Dumping data for table `tabs_my_project`
--

INSERT INTO `tabs_my_project` (`tabs_project`, `tabs_project_name`, `tabs_project_address`, `tabs_system_title`, `tabs_event_image`, `tabs_year_origin`) VALUES
(1, 'UM Tabulation Team', 'Digos City', '', '20230530180617_mutya ng guihing.jpg', '2022-08-31 11:27:07');

-- --------------------------------------------------------

--
-- Table structure for table `tabs_notification`
--

CREATE TABLE `tabs_notification` (
  `tabs_notif_id` int(100) NOT NULL,
  `tabs_notif_type` text NOT NULL,
  `tabs_notif_text` text NOT NULL,
  `tabs_notif_date` datetime NOT NULL
) ENGINE=InnoDB DEFAULT CHARSET=latin1 ROW_FORMAT=COMPACT;

--
-- Dumping data for table `tabs_notification`
--

INSERT INTO `tabs_notification` (`tabs_notif_id`, `tabs_notif_type`, `tabs_notif_text`, `tabs_notif_date`) VALUES
(1, 'auth', 'Login - dev', '2023-05-30 11:12:59'),
(2, 'auth', 'Login - dev', '2023-05-30 11:18:19'),
(3, 'attempt', 'Login Attempt - judge1', '2023-05-30 11:41:42'),
(4, 'attempt', 'Login Attempt - judge1', '2023-05-30 11:44:43'),
(5, 'attempt', 'Login Attempt - judge1', '2023-05-30 11:44:50'),
(6, 'auth', 'Login - judge1', '2023-05-30 11:45:22'),
(7, 'auth', 'Logout - ', '2023-05-30 11:47:31'),
(8, 'attempt', 'Login Attempt - judge1', '2023-05-30 11:47:37'),
(9, 'auth', 'Login - judge1', '2023-05-30 11:48:01'),
(10, 'auth', 'Login - Judge1', '2023-05-30 12:35:21'),
(11, 'attempt', 'Login Attempt - judge1', '2023-05-30 13:08:38'),
(12, 'attempt', 'Login Attempt - judge1', '2023-05-30 13:08:43'),
(13, 'auth', 'Login - judge1', '2023-05-30 13:08:58'),
(14, 'auth', 'Logout - judge1', '2023-05-30 13:10:23'),
(15, 'auth', 'Logout - judge1', '2023-05-30 13:10:24'),
(16, 'auth', 'Login - judge2', '2023-05-30 13:10:31'),
(17, 'auth', 'Login - judge1', '2023-05-30 13:10:36'),
(18, 'attempt', 'Login Attempt - judge2', '2023-05-30 13:11:53'),
(19, 'auth', 'Login - judge2', '2023-05-30 13:11:57'),
(20, 'attempt', 'Login Attempt - judge1', '2023-05-30 13:37:48'),
(21, 'attempt', 'Login Attempt - judge1', '2023-05-30 13:37:51'),
(22, 'auth', 'Login - judge1', '2023-05-30 13:37:59'),
(23, 'auth', 'Logout - judge1', '2023-05-30 13:38:24'),
(24, 'auth', 'Login - judge2', '2023-05-30 13:38:34'),
(25, 'auth', 'Logout - judge2', '2023-05-30 14:06:27'),
(26, 'auth', 'Login - dev', '2023-05-30 14:06:33'),
(27, 'auth', 'Logout - dev', '2023-05-30 14:21:06'),
(28, 'auth', 'Login - judge1', '2023-05-30 14:21:15'),
(29, 'auth', 'Logout - judge1', '2023-05-30 14:31:03'),
(30, 'auth', 'Login - dev', '2023-05-30 14:31:07'),
(31, 'auth', 'Logout - dev', '2023-05-30 14:33:12'),
(32, 'auth', 'Login - dev', '2023-05-30 14:33:16'),
(33, 'auth', 'Logout - dev', '2023-05-30 14:33:21'),
(34, 'auth', 'Login - judge1', '2023-05-30 14:33:52'),
(35, 'attempt', 'Login Attempt - Judge 1', '2023-05-30 14:36:01'),
(36, 'attempt', 'Login Attempt - Judge 1', '2023-05-30 14:36:29'),
(37, 'auth', 'Login - Judge1', '2023-05-30 14:36:45'),
(38, 'attempt', 'Login Attempt - Judge4', '2023-05-30 14:38:19'),
(39, 'attempt', 'Login Attempt - Judge3', '2023-05-30 14:38:24'),
(40, 'attempt', 'Login Attempt - judge5', '2023-05-30 14:38:28'),
(41, 'auth', 'Login - Judge3', '2023-05-30 14:38:31'),
(42, 'auth', 'Login - judge5', '2023-05-30 14:38:36'),
(43, 'auth', 'Login - Judge4', '2023-05-30 14:38:41'),
(44, 'auth', 'Logout - judge3', '2023-05-30 14:38:46'),
(45, 'auth', 'Login - Judge3', '2023-05-30 14:38:53'),
(46, 'auth', 'Logout - judge3', '2023-05-30 14:38:55'),
(47, 'auth', 'Login - Judge3', '2023-05-30 14:39:06'),
(48, 'auth', 'Login - Judge2', '2023-05-30 14:39:28'),
(49, 'auth', 'Login - Judge3', '2023-05-30 14:42:11'),
(50, 'auth', 'Login - dev', '2023-05-30 14:43:34'),
(51, 'auth', 'Login - Judge3', '2023-05-30 14:46:59'),
(52, 'auth', 'Logout - judge5', '2023-05-30 14:47:46'),
(53, 'auth', 'Login - Judge3', '2023-05-30 14:47:59'),
(54, 'auth', 'Logout - judge3', '2023-05-30 14:48:48'),
(55, 'auth', 'Login - dev', '2023-05-30 14:49:40'),
(56, 'auth', 'Logout - dev', '2023-05-30 14:55:17'),
(57, 'auth', 'Logout - dev', '2023-05-30 14:55:21'),
(58, 'auth', 'Login - judge2', '2023-05-30 14:55:29'),
(59, 'attempt', 'Login Attempt - judge4', '2023-05-30 14:55:41'),
(60, 'auth', 'Login - Judge4', '2023-05-30 14:55:58'),
(61, 'auth', 'Logout - judge4', '2023-05-30 15:07:57'),
(62, 'auth', 'Login - dev', '2023-05-30 15:08:03'),
(63, 'auth', 'Login - Judge2', '2023-05-30 15:17:10'),
(64, 'auth', 'Login - Judge4', '2023-05-30 15:17:29'),
(65, 'auth', 'Login - Judge3', '2023-05-30 15:17:33'),
(66, 'attempt', 'Login Attempt - Judge5', '2023-05-30 15:18:43'),
(67, 'auth', 'Login - Judge3', '2023-05-30 15:18:58'),
(68, 'auth', 'Login - Judge5', '2023-05-30 15:19:09'),
(69, 'auth', 'Logout - judge4', '2023-05-30 15:19:14'),
(70, 'auth', 'Login - Judge3', '2023-05-30 15:19:31'),
(71, 'auth', 'Login - Judge3', '2023-05-30 15:22:41'),
(72, 'auth', 'Login - Judge3', '2023-05-30 15:34:01'),
(73, 'auth', 'Logout - judge3', '2023-05-30 15:36:18'),
(74, 'auth', 'Login - Judge4', '2023-05-30 15:36:21'),
(75, 'auth', 'Logout - judge1', '2023-05-30 16:35:20'),
(76, 'auth', 'Logout - judge1', '2023-05-30 16:35:26'),
(77, 'auth', 'Login - dev', '2023-05-30 16:35:38'),
(78, 'auth', 'Logout - dev', '2023-05-30 16:36:32'),
(79, 'auth', 'Login - judge1', '2023-05-30 16:37:41'),
(80, 'auth', 'Logout - judge1', '2023-05-30 16:39:08'),
(81, 'auth', 'Login - dev', '2023-05-30 16:39:15'),
(82, 'auth', 'Login - dev', '2023-05-30 18:07:36'),
(83, 'auth', 'Login - Judge3', '2023-05-30 18:07:39'),
(84, 'auth', 'Logout - dev', '2023-05-30 18:08:21'),
(85, 'auth', 'Login - dev', '2023-05-30 18:09:21'),
(86, 'auth', 'Login - Judge1', '2023-05-30 18:11:44'),
(87, 'auth', 'Logout - judge1', '2023-05-30 18:25:11'),
(88, 'attempt', 'Login Attempt - judge', '2023-05-30 18:31:23'),
(89, 'auth', 'Login - judge1', '2023-05-30 18:31:28'),
(90, 'auth', 'Logout - dev', '2023-05-30 18:31:31'),
(91, 'auth', 'Login - judge2', '2023-05-30 18:31:57'),
(92, 'auth', 'Login - dev', '2023-05-30 18:39:14'),
(93, 'auth', 'Login - judge1', '2023-05-30 19:34:51'),
(94, 'auth', 'Login - judge4', '2023-05-30 19:37:17'),
(95, 'auth', 'Login - Judge4', '2023-05-30 19:37:19'),
(96, 'auth', 'Logout - judge4', '2023-05-30 19:37:50'),
(97, 'auth', 'Login - Judge5', '2023-05-30 19:38:00'),
(98, 'auth', 'Logout - judge2', '2023-05-30 19:44:14'),
(99, 'auth', 'Logout - judge2', '2023-05-30 19:44:17'),
(100, 'auth', 'Login - dev', '2023-05-30 19:44:22'),
(101, 'auth', 'Login - Judge3', '2023-05-30 19:45:16'),
(102, 'auth', 'Login - judge2', '2023-05-30 19:45:23'),
(103, 'auth', 'Logout - dev', '2023-05-30 19:45:24'),
(104, 'auth', 'Logout - judge3', '2023-05-30 19:47:34'),
(105, 'auth', 'Logout - judge3', '2023-05-30 19:47:39'),
(106, 'auth', 'Login - Judge3', '2023-05-30 19:47:47'),
(107, 'auth', 'Login - judge4', '2023-05-30 19:48:11'),
(108, 'auth', 'Logout - ', '2023-05-30 19:48:34'),
(109, 'auth', 'Login - dev', '2023-05-30 19:48:39'),
(110, 'auth', 'Logout - judge3', '2023-05-30 19:48:41'),
(111, 'auth', 'Logout - ', '2023-05-30 19:48:46'),
(112, 'auth', 'Login - Judge3', '2023-05-30 19:49:11'),
(113, 'auth', 'Logout - judge1', '2023-05-30 19:49:24'),
(114, 'auth', 'Login - Judge1', '2023-05-30 19:50:14'),
(115, 'auth', 'Logout - dev', '2023-05-30 19:54:44'),
(116, 'auth', 'Login - judge3', '2023-05-30 19:54:55'),
(117, 'auth', 'Logout - judge3', '2023-05-30 19:56:09'),
(118, 'attempt', 'Login Attempt - dev', '2023-05-30 19:56:48'),
(119, 'auth', 'Login - dev', '2023-05-30 19:56:53'),
(120, 'auth', 'Login - dev', '2023-05-30 20:00:31'),
(121, 'auth', 'Login - judge2', '2023-05-30 21:12:30'),
(122, 'auth', 'Logout - dev', '2023-05-30 21:34:12'),
(123, 'auth', 'Login - judge1', '2023-05-30 21:34:23'),
(124, 'auth', 'Login - dev', '2023-05-30 21:36:50'),
(125, 'auth', 'Login - judge2', '2023-05-30 22:10:32'),
(126, 'auth', 'Logout - dev', '2023-05-30 22:15:44'),
(127, 'auth', 'Logout - dev', '2023-05-30 22:15:49'),
(128, 'auth', 'Login - judge3', '2023-05-30 22:15:59'),
(129, 'auth', 'Logout - judge3', '2023-05-30 22:16:33'),
(130, 'auth', 'Login - dev', '2023-05-30 22:16:45'),
(131, 'auth', 'Logout - judge1', '2023-05-30 22:30:34'),
(132, 'auth', 'Login - judge3', '2023-05-30 22:30:53');

-- --------------------------------------------------------

--
-- Table structure for table `tabs_results`
--

CREATE TABLE `tabs_results` (
  `tabs_result_id` int(11) NOT NULL,
  `tabs_event_id` int(11) NOT NULL,
  `tabs_cat_id` int(11) NOT NULL,
  `tabs_cri_id` int(11) NOT NULL,
  `tabs_user_id` int(11) NOT NULL,
  `tabs_can_id` int(11) NOT NULL,
  `tabs_result_score` double NOT NULL,
  `tabs_result_rank` double NOT NULL,
  `tabs_result_catRank` double NOT NULL,
  `tabs_result_created` datetime NOT NULL,
  `tabs_result_updated` datetime NOT NULL
) ENGINE=InnoDB DEFAULT CHARSET=latin1;

--
-- Dumping data for table `tabs_results`
--

INSERT INTO `tabs_results` (`tabs_result_id`, `tabs_event_id`, `tabs_cat_id`, `tabs_cri_id`, `tabs_user_id`, `tabs_can_id`, `tabs_result_score`, `tabs_result_rank`, `tabs_result_catRank`, `tabs_result_created`, `tabs_result_updated`) VALUES
(1, 1, 8, 1, 32, 1, 7, 0, 0, '2023-05-30 11:45:42', '2023-05-30 12:14:21'),
(2, 1, 8, 1, 32, 2, 5, 0, 0, '2023-05-30 11:45:49', '2023-05-30 12:01:41'),
(213, 3, 5, 3, 36, 5, 1, 0, 0, '2023-05-30 15:30:16', '2023-05-30 15:30:16'),
(214, 3, 5, 3, 36, 10, 2, 0, 0, '2023-05-30 15:30:17', '2023-05-30 15:30:17'),
(215, 3, 5, 3, 36, 11, 3, 0, 0, '2023-05-30 15:30:19', '2023-05-30 15:30:19'),
(216, 3, 5, 3, 36, 12, 4, 0, 0, '2023-05-30 15:30:19', '2023-05-30 15:30:19'),
(217, 3, 5, 3, 36, 13, 5, 0, 0, '2023-05-30 15:30:21', '2023-05-30 15:30:21'),
(218, 3, 5, 3, 36, 14, 6, 0, 0, '2023-05-30 15:30:23', '2023-05-30 15:30:23'),
(219, 3, 5, 3, 36, 15, 7, 0, 0, '2023-05-30 15:30:24', '2023-05-30 15:30:24'),
(220, 3, 5, 3, 32, 5, 5, 6, 0, '2023-05-30 15:30:24', '2023-05-30 16:38:59'),
(221, 3, 5, 3, 32, 10, 6.5, 5, 0, '2023-05-30 15:30:24', '2023-05-30 16:38:59'),
(222, 3, 5, 3, 32, 11, 7, 4, 0, '2023-05-30 15:30:24', '2023-05-30 16:38:59'),
(223, 3, 5, 3, 32, 12, 8, 3, 0, '2023-05-30 15:30:24', '2023-05-30 16:38:59'),
(224, 3, 5, 3, 32, 13, 9, 2, 0, '2023-05-30 15:30:24', '2023-05-30 16:38:59'),
(225, 3, 5, 3, 32, 14, 10, 1, 0, '2023-05-30 15:30:24', '2023-05-30 16:38:59'),
(226, 3, 5, 3, 32, 15, 9, 2, 0, '2023-05-30 15:30:24', '2023-05-30 16:38:59'),
(227, 3, 5, 3, 32, 16, 8, 3, 0, '2023-05-30 15:30:24', '2023-05-30 16:38:59'),
(228, 3, 5, 3, 32, 17, 7, 4, 0, '2023-05-30 15:30:24', '2023-05-30 16:38:59'),
(229, 3, 5, 3, 32, 19, 5, 6, 0, '2023-05-30 15:30:24', '2023-05-30 16:38:59'),
(230, 3, 5, 3, 36, 16, 8, 0, 0, '2023-05-30 15:30:25', '2023-05-30 15:30:25'),
(231, 3, 5, 3, 36, 17, 9, 0, 0, '2023-05-30 15:30:27', '2023-05-30 15:30:27'),
(232, 3, 5, 3, 36, 19, 10, 0, 0, '2023-05-30 15:30:29', '2023-05-30 15:30:31'),
(253, 3, 5, 3, 33, 5, 8, 2, 0, '2023-05-30 15:31:20', '2023-05-30 15:31:20'),
(254, 3, 5, 3, 33, 10, 6, 3, 0, '2023-05-30 15:31:20', '2023-05-30 15:31:20'),
(255, 3, 5, 3, 33, 11, 8, 2, 0, '2023-05-30 15:31:20', '2023-05-30 15:31:20'),
(256, 3, 5, 3, 33, 12, 8, 2, 0, '2023-05-30 15:31:20', '2023-05-30 15:31:20'),
(257, 3, 5, 3, 33, 13, 9, 1, 0, '2023-05-30 15:31:20', '2023-05-30 15:31:20'),
(258, 3, 5, 3, 33, 14, 9, 1, 0, '2023-05-30 15:31:20', '2023-05-30 15:31:20'),
(259, 3, 5, 3, 33, 15, 9, 1, 0, '2023-05-30 15:31:20', '2023-05-30 15:31:20'),
(260, 3, 5, 3, 33, 16, 9, 1, 0, '2023-05-30 15:31:20', '2023-05-30 15:31:20'),
(261, 3, 5, 3, 33, 17, 9, 1, 0, '2023-05-30 15:31:20', '2023-05-30 15:31:20'),
(262, 3, 5, 3, 33, 19, 9, 1, 0, '2023-05-30 15:31:20', '2023-05-30 15:31:20'),
(263, 3, 5, 3, 34, 5, 8.5, 4, 0, '2023-05-30 15:31:25', '2023-05-30 15:31:25'),
(264, 3, 5, 3, 34, 10, 7.5, 6, 0, '2023-05-30 15:31:25', '2023-05-30 15:31:25'),
(265, 3, 5, 3, 34, 11, 8.8, 2, 0, '2023-05-30 15:31:25', '2023-05-30 15:31:25'),
(266, 3, 5, 3, 34, 12, 6.9, 7, 0, '2023-05-30 15:31:25', '2023-05-30 15:31:25'),
(267, 3, 5, 3, 34, 13, 7.8, 5, 0, '2023-05-30 15:31:25', '2023-05-30 15:31:25'),
(268, 3, 5, 3, 34, 14, 8.5, 4, 0, '2023-05-30 15:31:25', '2023-05-30 15:31:25'),
(269, 3, 5, 3, 34, 15, 9.5, 1, 0, '2023-05-30 15:31:25', '2023-05-30 15:31:25'),
(270, 3, 5, 3, 34, 16, 6.8, 8, 0, '2023-05-30 15:31:25', '2023-05-30 15:31:25'),
(271, 3, 5, 3, 34, 17, 7.8, 5, 0, '2023-05-30 15:31:25', '2023-05-30 15:31:25'),
(272, 3, 5, 3, 34, 19, 8.6, 3, 0, '2023-05-30 15:31:25', '2023-05-30 15:31:25'),
(419, 1, 7, 2, 33, 1, 6.2, 16, 32, '2023-05-30 20:23:35', '2023-05-30 20:55:36'),
(420, 1, 7, 2, 33, 2, 5.8, 12, 27, '2023-05-30 20:23:35', '2023-05-30 20:55:36'),
(421, 1, 7, 2, 33, 3, 6, 13, 22, '2023-05-30 20:23:35', '2023-05-30 20:55:36'),
(422, 1, 7, 2, 33, 4, 6.1, 10, 28.5, '2023-05-30 20:23:35', '2023-05-30 20:55:36'),
(423, 1, 7, 2, 33, 5, 8, 8, 3, '2023-05-30 20:23:35', '2023-05-30 20:55:36'),
(424, 1, 7, 2, 33, 6, 6.2, 16, 26, '2023-05-30 20:23:35', '2023-05-30 20:55:37'),
(425, 1, 7, 2, 33, 7, 5.8, 12, 14, '2023-05-30 20:23:35', '2023-05-30 20:55:37'),
(426, 1, 7, 2, 33, 8, 7.5, 6, 2, '2023-05-30 20:23:35', '2023-05-30 20:55:37'),
(427, 1, 7, 2, 33, 9, 6.3, 17, 7, '2023-05-30 20:23:35', '2023-05-30 20:55:37'),
(428, 1, 7, 2, 33, 10, 7.2, 22, 15.5, '2023-05-30 20:23:35', '2023-05-30 20:55:37'),
(429, 1, 7, 2, 33, 11, 6.1, 14, 11, '2023-05-30 20:23:35', '2023-05-30 20:55:37'),
(430, 1, 7, 2, 33, 12, 6.7, 19, 12.5, '2023-05-30 20:23:35', '2023-05-30 20:55:37'),
(431, 1, 7, 2, 33, 13, 8.5, 5, 15.5, '2023-05-30 20:23:35', '2023-05-30 20:55:37'),
(432, 1, 7, 2, 33, 14, 5.6, 11, 24, '2023-05-30 20:23:35', '2023-05-30 20:55:37'),
(433, 1, 7, 2, 33, 15, 6.1, 14, 12.5, '2023-05-30 20:23:35', '2023-05-30 20:55:37'),
(434, 1, 7, 2, 33, 16, 6.5, 18, 31, '2023-05-30 20:23:35', '2023-05-30 20:55:37'),
(435, 1, 7, 2, 33, 17, 9.6, 2, 10, '2023-05-30 20:23:35', '2023-05-30 20:55:37'),
(436, 1, 7, 2, 33, 18, 5.5, 24, 23, '2023-05-30 20:23:35', '2023-05-30 20:55:37'),
(437, 1, 7, 2, 33, 19, 9.7, 4, 4, '2023-05-30 20:23:35', '2023-05-30 20:55:37'),
(438, 1, 7, 2, 33, 20, 6.5, 15, 6, '2023-05-30 20:23:35', '2023-05-30 20:55:37'),
(439, 1, 7, 2, 33, 21, 6.8, 20, 21, '2023-05-30 20:23:35', '2023-05-30 20:55:37'),
(440, 1, 7, 2, 33, 22, 8.5, 5, 5, '2023-05-30 20:23:35', '2023-05-30 20:55:37'),
(441, 1, 7, 2, 33, 23, 9.5, 3, 8, '2023-05-30 20:23:35', '2023-05-30 20:55:37'),
(442, 1, 7, 2, 33, 24, 7.1, 21, 30, '2023-05-30 20:23:35', '2023-05-30 20:55:37'),
(443, 1, 7, 2, 33, 25, 5.5, 24, 33, '2023-05-30 20:23:35', '2023-05-30 20:55:37'),
(444, 1, 7, 2, 33, 26, 10, 1, 1, '2023-05-30 20:23:35', '2023-05-30 20:55:37'),
(445, 1, 7, 2, 33, 27, 8.1, 9, 19.5, '2023-05-30 20:23:35', '2023-05-30 20:55:37'),
(446, 1, 7, 2, 33, 28, 6, 13, 17.5, '2023-05-30 20:23:35', '2023-05-30 20:55:37'),
(447, 1, 7, 2, 33, 29, 6.2, 16, 19.5, '2023-05-30 20:23:35', '2023-05-30 20:55:37'),
(448, 1, 7, 2, 33, 30, 5.8, 12, 25, '2023-05-30 20:23:35', '2023-05-30 20:55:37'),
(449, 1, 7, 2, 33, 31, 7.5, 6, 17.5, '2023-05-30 20:23:35', '2023-05-30 20:55:37'),
(450, 1, 7, 2, 33, 32, 7.4, 23, 28.5, '2023-05-30 20:23:35', '2023-05-30 20:55:37'),
(451, 1, 7, 2, 33, 33, 7.6, 7, 9, '2023-05-30 20:23:36', '2023-05-30 20:55:37'),
(452, 1, 7, 2, 34, 1, 7, 3, 32, '2023-05-30 20:25:33', '2023-05-30 20:55:43'),
(453, 1, 7, 2, 34, 2, 9, 1, 27, '2023-05-30 20:25:33', '2023-05-30 20:55:44'),
(454, 1, 7, 2, 34, 3, 7, 3, 22, '2023-05-30 20:25:33', '2023-05-30 20:55:44'),
(455, 1, 7, 2, 34, 4, 7, 3, 28.5, '2023-05-30 20:25:33', '2023-05-30 20:55:44'),
(456, 1, 7, 2, 34, 5, 7, 3, 3, '2023-05-30 20:25:33', '2023-05-30 20:55:44'),
(457, 1, 7, 2, 34, 6, 6, 4, 26, '2023-05-30 20:25:33', '2023-05-30 20:55:44'),
(458, 1, 7, 2, 34, 7, 7, 3, 14, '2023-05-30 20:25:33', '2023-05-30 20:55:44'),
(459, 1, 7, 2, 34, 8, 9, 1, 2, '2023-05-30 20:25:33', '2023-05-30 20:55:44'),
(460, 1, 7, 2, 34, 9, 8, 2, 7, '2023-05-30 20:25:33', '2023-05-30 20:55:44'),
(461, 1, 7, 2, 34, 10, 8, 2, 15.5, '2023-05-30 20:25:33', '2023-05-30 20:55:44'),
(462, 1, 7, 2, 34, 11, 8, 2, 11, '2023-05-30 20:25:33', '2023-05-30 20:55:44'),
(463, 1, 7, 2, 34, 12, 7, 3, 12.5, '2023-05-30 20:25:33', '2023-05-30 20:55:44'),
(464, 1, 7, 2, 34, 13, 7, 3, 15.5, '2023-05-30 20:25:33', '2023-05-30 20:55:44'),
(465, 1, 7, 2, 34, 14, 7, 3, 24, '2023-05-30 20:25:33', '2023-05-30 20:55:44'),
(466, 1, 7, 2, 34, 15, 7, 3, 12.5, '2023-05-30 20:25:33', '2023-05-30 20:55:44'),
(467, 1, 7, 2, 34, 16, 7, 3, 31, '2023-05-30 20:25:33', '2023-05-30 20:55:44'),
(468, 1, 7, 2, 34, 17, 8, 2, 10, '2023-05-30 20:25:33', '2023-05-30 20:55:44'),
(469, 1, 7, 2, 34, 18, 7, 3, 23, '2023-05-30 20:25:33', '2023-05-30 20:55:44'),
(470, 1, 7, 2, 34, 19, 7, 3, 4, '2023-05-30 20:25:33', '2023-05-30 20:55:44'),
(471, 1, 7, 2, 34, 20, 8, 2, 6, '2023-05-30 20:25:33', '2023-05-30 20:55:44'),
(472, 1, 7, 2, 34, 21, 8, 2, 21, '2023-05-30 20:25:34', '2023-05-30 20:55:44'),
(473, 1, 7, 2, 34, 22, 7, 3, 5, '2023-05-30 20:25:34', '2023-05-30 20:55:44'),
(474, 1, 7, 2, 34, 23, 8, 2, 8, '2023-05-30 20:25:34', '2023-05-30 20:55:44'),
(475, 1, 7, 2, 34, 24, 8, 2, 30, '2023-05-30 20:25:34', '2023-05-30 20:55:44'),
(476, 1, 7, 2, 34, 25, 7, 3, 33, '2023-05-30 20:25:34', '2023-05-30 20:55:44'),
(477, 1, 7, 2, 34, 26, 9, 1, 1, '2023-05-30 20:25:34', '2023-05-30 20:55:44'),
(478, 1, 7, 2, 34, 27, 7, 3, 19.5, '2023-05-30 20:25:34', '2023-05-30 20:55:44'),
(479, 1, 7, 2, 34, 28, 7, 3, 17.5, '2023-05-30 20:25:34', '2023-05-30 20:55:44'),
(480, 1, 7, 2, 34, 29, 7, 3, 19.5, '2023-05-30 20:25:34', '2023-05-30 20:55:44'),
(481, 1, 7, 2, 34, 30, 8, 2, 25, '2023-05-30 20:25:34', '2023-05-30 20:55:44'),
(482, 1, 7, 2, 34, 31, 7, 3, 17.5, '2023-05-30 20:25:34', '2023-05-30 20:55:44'),
(483, 1, 7, 2, 34, 32, 7, 3, 28.5, '2023-05-30 20:25:34', '2023-05-30 20:55:44'),
(484, 1, 7, 2, 34, 33, 9, 1, 9, '2023-05-30 20:25:34', '2023-05-30 20:55:44'),
(485, 1, 7, 2, 35, 1, 6, 4, 32, '2023-05-30 20:56:06', '2023-05-30 20:56:06'),
(486, 1, 7, 2, 35, 2, 5, 5, 27, '2023-05-30 20:56:06', '2023-05-30 20:56:06'),
(487, 1, 7, 2, 35, 3, 5, 5, 22, '2023-05-30 20:56:06', '2023-05-30 20:56:06'),
(488, 1, 7, 2, 35, 4, 5, 5, 28.5, '2023-05-30 20:56:06', '2023-05-30 20:56:06'),
(489, 1, 7, 2, 35, 5, 5, 5, 3, '2023-05-30 20:56:06', '2023-05-30 20:56:06'),
(490, 1, 7, 2, 35, 6, 5, 5, 26, '2023-05-30 20:56:06', '2023-05-30 20:56:06'),
(491, 1, 7, 2, 35, 7, 5, 5, 14, '2023-05-30 20:56:06', '2023-05-30 20:56:06'),
(492, 1, 7, 2, 35, 8, 9, 2, 2, '2023-05-30 20:56:06', '2023-05-30 20:56:06'),
(493, 1, 7, 2, 35, 9, 9, 2, 7, '2023-05-30 20:56:06', '2023-05-30 20:56:06'),
(494, 1, 7, 2, 35, 10, 9, 2, 15.5, '2023-05-30 20:56:07', '2023-05-30 20:56:07'),
(495, 1, 7, 2, 35, 11, 5, 5, 11, '2023-05-30 20:56:07', '2023-05-30 20:56:07'),
(496, 1, 7, 2, 35, 12, 5, 5, 12.5, '2023-05-30 20:56:07', '2023-05-30 20:56:07'),
(497, 1, 7, 2, 35, 13, 6, 4, 15.5, '2023-05-30 20:56:07', '2023-05-30 20:56:07'),
(498, 1, 7, 2, 35, 14, 5, 5, 24, '2023-05-30 20:56:07', '2023-05-30 20:56:07'),
(499, 1, 7, 2, 35, 15, 5, 5, 12.5, '2023-05-30 20:56:07', '2023-05-30 20:56:07'),
(500, 1, 7, 2, 35, 16, 5, 5, 31, '2023-05-30 20:56:07', '2023-05-30 20:56:07'),
(501, 1, 7, 2, 35, 17, 5, 5, 10, '2023-05-30 20:56:07', '2023-05-30 20:56:07'),
(502, 1, 7, 2, 35, 18, 6, 4, 23, '2023-05-30 20:56:07', '2023-05-30 20:56:07'),
(503, 1, 7, 2, 35, 19, 5, 5, 4, '2023-05-30 20:56:07', '2023-05-30 20:56:07'),
(504, 1, 7, 2, 35, 20, 5, 5, 6, '2023-05-30 20:56:07', '2023-05-30 20:56:07'),
(505, 1, 7, 2, 35, 21, 8, 3, 21, '2023-05-30 20:56:07', '2023-05-30 20:56:07'),
(506, 1, 7, 2, 35, 22, 8, 3, 5, '2023-05-30 20:56:07', '2023-05-30 20:56:07'),
(507, 1, 7, 2, 35, 23, 8, 3, 8, '2023-05-30 20:56:07', '2023-05-30 20:56:07'),
(508, 1, 7, 2, 35, 24, 5, 5, 30, '2023-05-30 20:56:07', '2023-05-30 20:56:07'),
(509, 1, 7, 2, 35, 25, 6, 4, 33, '2023-05-30 20:56:07', '2023-05-30 20:56:07'),
(510, 1, 7, 2, 35, 26, 5, 5, 1, '2023-05-30 20:56:07', '2023-05-30 20:56:07'),
(511, 1, 7, 2, 35, 27, 5, 5, 19.5, '2023-05-30 20:56:07', '2023-05-30 20:56:07'),
(512, 1, 7, 2, 35, 28, 5, 5, 17.5, '2023-05-30 20:56:07', '2023-05-30 20:56:07'),
(513, 1, 7, 2, 35, 29, 5, 5, 19.5, '2023-05-30 20:56:07', '2023-05-30 20:56:07'),
(514, 1, 7, 2, 35, 30, 6, 4, 25, '2023-05-30 20:56:07', '2023-05-30 20:56:07'),
(515, 1, 7, 2, 35, 31, 6, 4, 17.5, '2023-05-30 20:56:07', '2023-05-30 20:56:07'),
(516, 1, 7, 2, 35, 32, 5, 5, 28.5, '2023-05-30 20:56:07', '2023-05-30 20:56:07'),
(517, 1, 7, 2, 35, 33, 10, 1, 9, '2023-05-30 20:56:07', '2023-05-30 20:56:07'),
(518, 1, 7, 2, 32, 1, 5, 33, 32, '2023-05-30 20:56:35', '2023-05-30 20:56:35'),
(519, 1, 7, 2, 32, 2, 5.8, 29, 27, '2023-05-30 20:56:35', '2023-05-30 20:56:35'),
(520, 1, 7, 2, 32, 3, 5.5, 32, 22, '2023-05-30 20:56:35', '2023-05-30 20:56:35'),
(521, 1, 7, 2, 32, 4, 5.7, 30, 28.5, '2023-05-30 20:56:35', '2023-05-30 20:56:35'),
(522, 1, 7, 2, 32, 5, 8.9, 3, 3, '2023-05-30 20:56:35', '2023-05-30 20:56:35'),
(523, 1, 7, 2, 32, 6, 6, 27, 26, '2023-05-30 20:56:35', '2023-05-30 20:56:35'),
(524, 1, 7, 2, 32, 7, 6.5, 16, 14, '2023-05-30 20:56:35', '2023-05-30 20:56:35'),
(525, 1, 7, 2, 32, 8, 6.7, 13, 2, '2023-05-30 20:56:35', '2023-05-30 20:56:35'),
(526, 1, 7, 2, 32, 9, 9.5, 8, 7, '2023-05-30 20:56:35', '2023-05-30 20:56:35'),
(527, 1, 7, 2, 32, 10, 9.6, 5, 15.5, '2023-05-30 20:56:35', '2023-05-30 20:56:35'),
(528, 1, 7, 2, 32, 11, 9.2, 6, 11, '2023-05-30 20:56:35', '2023-05-30 20:56:35'),
(529, 1, 7, 2, 32, 12, 9.4, 7, 12.5, '2023-05-30 20:56:35', '2023-05-30 20:56:35'),
(530, 1, 7, 2, 32, 13, 6.2, 25, 15.5, '2023-05-30 20:56:35', '2023-05-30 20:56:35'),
(531, 1, 7, 2, 32, 14, 6.1, 26, 24, '2023-05-30 20:56:35', '2023-05-30 20:56:35'),
(532, 1, 7, 2, 32, 15, 6.3, 14, 12.5, '2023-05-30 20:56:35', '2023-05-30 20:56:35'),
(533, 1, 7, 2, 32, 16, 5.6, 31, 31, '2023-05-30 20:56:35', '2023-05-30 20:56:35'),
(534, 1, 7, 2, 32, 17, 7, 19, 10, '2023-05-30 20:56:35', '2023-05-30 20:56:35'),
(535, 1, 7, 2, 32, 18, 8.5, 9, 23, '2023-05-30 20:56:35', '2023-05-30 20:56:35'),
(536, 1, 7, 2, 32, 19, 8.6, 12, 4, '2023-05-30 20:56:35', '2023-05-30 20:56:35'),
(537, 1, 7, 2, 32, 20, 9, 4, 6, '2023-05-30 20:56:35', '2023-05-30 20:56:35'),
(538, 1, 7, 2, 32, 21, 8.3, 11, 21, '2023-05-30 20:56:35', '2023-05-30 20:56:35'),
(539, 1, 7, 2, 32, 22, 9.1, 2, 5, '2023-05-30 20:56:35', '2023-05-30 20:56:35'),
(540, 1, 7, 2, 32, 23, 7.3, 21, 8, '2023-05-30 20:56:35', '2023-05-30 20:56:35'),
(541, 1, 7, 2, 32, 24, 7.5, 22, 30, '2023-05-30 20:56:35', '2023-05-30 20:56:35'),
(542, 1, 7, 2, 32, 25, 5.9, 28, 33, '2023-05-30 20:56:35', '2023-05-30 20:56:35'),
(543, 1, 7, 2, 32, 26, 9.8, 1, 1, '2023-05-30 20:56:35', '2023-05-30 20:56:35'),
(544, 1, 7, 2, 32, 27, 8, 24, 19.5, '2023-05-30 20:56:35', '2023-05-30 20:56:35'),
(545, 1, 7, 2, 32, 28, 7.1, 20, 17.5, '2023-05-30 20:56:35', '2023-05-30 20:56:35'),
(546, 1, 7, 2, 32, 29, 6.4, 15, 19.5, '2023-05-30 20:56:35', '2023-05-30 20:56:35'),
(547, 1, 7, 2, 32, 30, 7.8, 23, 25, '2023-05-30 20:56:35', '2023-05-30 20:56:35'),
(548, 1, 7, 2, 32, 31, 6.6, 17, 17.5, '2023-05-30 20:56:35', '2023-05-30 20:56:35'),
(549, 1, 7, 2, 32, 32, 7.2, 18, 28.5, '2023-05-30 20:56:35', '2023-05-30 20:56:35'),
(550, 1, 7, 2, 32, 33, 8.4, 10, 9, '2023-05-30 20:56:35', '2023-05-30 20:56:35'),
(551, 1, 7, 2, 36, 1, 6.5, 21, 32, '2023-05-30 20:58:56', '2023-05-30 20:58:56'),
(552, 1, 7, 2, 36, 2, 6.45, 20, 27, '2023-05-30 20:58:56', '2023-05-30 20:58:56'),
(553, 1, 7, 2, 36, 3, 8, 3, 22, '2023-05-30 20:58:56', '2023-05-30 20:58:56'),
(554, 1, 7, 2, 36, 4, 5, 22, 28.5, '2023-05-30 20:58:56', '2023-05-30 20:58:56'),
(555, 1, 7, 2, 36, 5, 5.3, 6, 3, '2023-05-30 20:58:56', '2023-05-30 20:58:56'),
(556, 1, 7, 2, 36, 6, 5, 14, 26, '2023-05-30 20:58:56', '2023-05-30 20:58:56'),
(557, 1, 7, 2, 36, 7, 5.35, 8, 14, '2023-05-30 20:58:56', '2023-05-30 20:58:56'),
(558, 1, 7, 2, 36, 8, 8.5, 2, 2, '2023-05-30 20:58:56', '2023-05-30 20:58:56'),
(559, 1, 7, 2, 36, 9, 8.75, 4, 7, '2023-05-30 20:58:56', '2023-05-30 20:58:56'),
(560, 1, 7, 2, 36, 10, 5.6, 18, 15.5, '2023-05-30 20:58:56', '2023-05-30 20:58:56'),
(561, 1, 7, 2, 36, 11, 5.45, 15, 11, '2023-05-30 20:58:57', '2023-05-30 20:58:57'),
(562, 1, 7, 2, 36, 12, 5.3, 9, 12.5, '2023-05-30 20:58:57', '2023-05-30 20:58:57'),
(563, 1, 7, 2, 36, 13, 5, 12, 15.5, '2023-05-30 20:58:57', '2023-05-30 20:58:57'),
(564, 1, 7, 2, 36, 14, 5.45, 13, 24, '2023-05-30 20:58:57', '2023-05-30 20:58:57'),
(565, 1, 7, 2, 36, 15, 5.4, 7, 12.5, '2023-05-30 20:58:57', '2023-05-30 20:58:57'),
(566, 1, 7, 2, 36, 16, 5.8, 16, 31, '2023-05-30 20:58:57', '2023-05-30 20:58:57'),
(567, 1, 7, 2, 36, 17, 5.25, 11, 10, '2023-05-30 20:58:57', '2023-05-30 20:58:57'),
(568, 1, 7, 2, 36, 18, 5.5, 17, 23, '2023-05-30 20:58:57', '2023-05-30 20:58:57'),
(569, 1, 7, 2, 36, 19, 8, 3, 4, '2023-05-30 20:58:57', '2023-05-30 20:58:57'),
(570, 1, 7, 2, 36, 20, 7.5, 5, 6, '2023-05-30 20:58:57', '2023-05-30 20:58:57'),
(571, 1, 7, 2, 36, 21, 6, 19, 21, '2023-05-30 20:58:57', '2023-05-30 20:58:57'),
(572, 1, 7, 2, 36, 22, 5.5, 17, 5, '2023-05-30 20:58:57', '2023-05-30 20:58:57'),
(573, 1, 7, 2, 36, 23, 7.5, 5, 8, '2023-05-30 20:58:57', '2023-05-30 20:58:57'),
(574, 1, 7, 2, 36, 24, 6.5, 21, 30, '2023-05-30 20:58:57', '2023-05-30 20:58:57'),
(575, 1, 7, 2, 36, 25, 6.5, 21, 33, '2023-05-30 20:58:57', '2023-05-30 20:58:57'),
(576, 1, 7, 2, 36, 26, 9, 1, 1, '2023-05-30 20:58:57', '2023-05-30 20:58:57'),
(577, 1, 7, 2, 36, 27, 5, 12, 19.5, '2023-05-30 20:58:57', '2023-05-30 20:58:57'),
(578, 1, 7, 2, 36, 28, 5, 10, 17.5, '2023-05-30 20:58:57', '2023-05-30 20:58:57'),
(579, 1, 7, 2, 36, 29, 5, 14, 19.5, '2023-05-30 20:58:57', '2023-05-30 20:58:57'),
(580, 1, 7, 2, 36, 30, 6, 19, 25, '2023-05-30 20:58:57', '2023-05-30 20:58:57'),
(581, 1, 7, 2, 36, 31, 6.5, 21, 17.5, '2023-05-30 20:58:57', '2023-05-30 20:58:57'),
(582, 1, 7, 2, 36, 32, 6.5, 21, 28.5, '2023-05-30 20:58:57', '2023-05-30 20:58:57'),
(583, 1, 7, 2, 36, 33, 6, 19, 9, '2023-05-30 20:58:57', '2023-05-30 20:58:57'),
(584, 5, 9, 7, 34, 5, 9, 1, 8.5, '2023-05-30 22:05:14', '2023-05-30 22:14:17'),
(585, 5, 9, 7, 34, 7, 8, 3, 19, '2023-05-30 22:05:14', '2023-05-30 22:14:17'),
(586, 5, 9, 7, 34, 8, 8.5, 2, 1.5, '2023-05-30 22:05:14', '2023-05-30 22:14:17'),
(587, 5, 9, 7, 34, 9, 9, 1, 1.5, '2023-05-30 22:05:14', '2023-05-30 22:14:17'),
(588, 5, 9, 7, 34, 10, 9, 1, 4, '2023-05-30 22:05:14', '2023-05-30 22:14:17'),
(589, 5, 9, 7, 34, 11, 9, 1, 11, '2023-05-30 22:05:14', '2023-05-30 22:14:17'),
(590, 5, 9, 7, 34, 12, 7, 4, 18, '2023-05-30 22:05:14', '2023-05-30 22:14:17'),
(591, 5, 9, 7, 34, 13, 8, 3, 13, '2023-05-30 22:05:14', '2023-05-30 22:14:17'),
(592, 5, 9, 7, 34, 15, 7, 4, 20, '2023-05-30 22:05:14', '2023-05-30 22:14:17'),
(593, 5, 9, 7, 34, 17, 8, 3, 6.5, '2023-05-30 22:05:14', '2023-05-30 22:14:17'),
(594, 5, 9, 7, 34, 19, 8, 3, 8.5, '2023-05-30 22:06:02', '2023-05-30 22:14:17'),
(595, 5, 9, 7, 34, 20, 8.5, 2, 16.5, '2023-05-30 22:06:02', '2023-05-30 22:14:17'),
(596, 5, 9, 7, 34, 22, 8.5, 2, 5, '2023-05-30 22:06:02', '2023-05-30 22:14:17'),
(597, 5, 9, 7, 34, 23, 9, 1, 12, '2023-05-30 22:06:02', '2023-05-30 22:14:17'),
(598, 5, 9, 7, 34, 26, 9, 1, 3, '2023-05-30 22:06:02', '2023-05-30 22:14:17'),
(599, 5, 9, 7, 34, 27, 8.5, 2, 10, '2023-05-30 22:06:02', '2023-05-30 22:14:18'),
(600, 5, 9, 7, 34, 28, 8, 3, 15, '2023-05-30 22:06:02', '2023-05-30 22:14:18'),
(601, 5, 9, 7, 34, 29, 7, 4, 14, '2023-05-30 22:06:02', '2023-05-30 22:14:18'),
(602, 5, 9, 7, 34, 31, 8, 3, 16.5, '2023-05-30 22:06:03', '2023-05-30 22:14:18'),
(603, 5, 9, 7, 34, 33, 9, 1, 6.5, '2023-05-30 22:06:03', '2023-05-30 22:14:18'),
(604, 5, 9, 7, 32, 5, 9.8, 1, 8.5, '2023-05-30 22:06:30', '2023-05-30 22:06:56'),
(605, 5, 9, 7, 32, 7, 7.5, 15, 19, '2023-05-30 22:06:30', '2023-05-30 22:06:56'),
(606, 5, 9, 7, 32, 8, 9, 7, 1.5, '2023-05-30 22:06:30', '2023-05-30 22:06:56'),
(607, 5, 9, 7, 32, 9, 9.1, 6, 1.5, '2023-05-30 22:06:30', '2023-05-30 22:06:56'),
(608, 5, 9, 7, 32, 10, 9.2, 5, 4, '2023-05-30 22:06:30', '2023-05-30 22:06:56'),
(609, 5, 9, 7, 32, 11, 9.7, 2, 11, '2023-05-30 22:06:30', '2023-05-30 22:06:56'),
(610, 5, 9, 7, 32, 12, 8.5, 10, 18, '2023-05-30 22:06:30', '2023-05-30 22:06:56'),
(611, 5, 9, 7, 32, 13, 7.3, 17, 13, '2023-05-30 22:06:30', '2023-05-30 22:06:56'),
(612, 5, 9, 7, 32, 15, 7, 20, 20, '2023-05-30 22:06:30', '2023-05-30 22:06:56'),
(613, 5, 9, 7, 32, 17, 8.9, 8, 6.5, '2023-05-30 22:06:30', '2023-05-30 22:06:56'),
(614, 5, 9, 7, 32, 19, 8, 12, 8.5, '2023-05-30 22:06:30', '2023-05-30 22:06:56'),
(615, 5, 9, 7, 32, 20, 7.1, 19, 16.5, '2023-05-30 22:06:30', '2023-05-30 22:06:56'),
(616, 5, 9, 7, 32, 22, 8.4, 11, 5, '2023-05-30 22:06:30', '2023-05-30 22:06:56'),
(617, 5, 9, 7, 32, 23, 7.2, 18, 12, '2023-05-30 22:06:30', '2023-05-30 22:06:56'),
(618, 5, 9, 7, 32, 26, 9.5, 3, 3, '2023-05-30 22:06:30', '2023-05-30 22:06:56'),
(619, 5, 9, 7, 32, 27, 8.7, 9, 10, '2023-05-30 22:06:30', '2023-05-30 22:06:56'),
(620, 5, 9, 7, 32, 28, 7.4, 16, 15, '2023-05-30 22:06:30', '2023-05-30 22:06:56'),
(621, 5, 9, 7, 32, 29, 7.8, 13, 14, '2023-05-30 22:06:30', '2023-05-30 22:06:56'),
(622, 5, 9, 7, 32, 31, 7.7, 14, 16.5, '2023-05-30 22:06:30', '2023-05-30 22:06:56'),
(623, 5, 9, 7, 32, 33, 9.4, 4, 6.5, '2023-05-30 22:06:30', '2023-05-30 22:06:56'),
(624, 5, 9, 7, 33, 5, 6.8, 13, 8.5, '2023-05-30 22:08:25', '2023-05-30 22:17:18'),
(625, 5, 9, 7, 33, 7, 5.7, 18, 19, '2023-05-30 22:08:25', '2023-05-30 22:17:18'),
(626, 5, 9, 7, 33, 8, 9, 3, 1.5, '2023-05-30 22:08:25', '2023-05-30 22:17:18'),
(627, 5, 9, 7, 33, 9, 8.8, 4, 1.5, '2023-05-30 22:08:25', '2023-05-30 22:17:18'),
(628, 5, 9, 7, 33, 10, 8, 6, 4, '2023-05-30 22:08:25', '2023-05-30 22:17:18'),
(629, 5, 9, 7, 33, 11, 6, 16, 11, '2023-05-30 22:08:26', '2023-05-30 22:17:18'),
(630, 5, 9, 7, 33, 12, 5.2, 19, 18, '2023-05-30 22:08:26', '2023-05-30 22:17:18'),
(631, 5, 9, 7, 33, 13, 7.8, 7, 13, '2023-05-30 22:08:26', '2023-05-30 22:17:18'),
(632, 5, 9, 7, 33, 15, 5.8, 17, 20, '2023-05-30 22:08:26', '2023-05-30 22:17:18'),
(633, 5, 9, 7, 33, 17, 8.5, 5, 6.5, '2023-05-30 22:08:26', '2023-05-30 22:17:18'),
(634, 5, 9, 7, 36, 5, 6, 7, 8.5, '2023-05-30 22:09:02', '2023-05-30 22:15:49'),
(635, 5, 9, 7, 36, 7, 5, 8, 19, '2023-05-30 22:09:02', '2023-05-30 22:15:49'),
(636, 5, 9, 7, 36, 8, 9.5, 1, 1.5, '2023-05-30 22:09:02', '2023-05-30 22:15:49'),
(637, 5, 9, 7, 36, 9, 9, 2, 1.5, '2023-05-30 22:09:02', '2023-05-30 22:15:49'),
(638, 5, 9, 7, 36, 10, 6, 7, 4, '2023-05-30 22:09:02', '2023-05-30 22:15:49'),
(639, 5, 9, 7, 36, 11, 7, 5, 11, '2023-05-30 22:09:02', '2023-05-30 22:15:49'),
(640, 5, 9, 7, 36, 12, 5, 8, 18, '2023-05-30 22:09:02', '2023-05-30 22:15:49'),
(641, 5, 9, 7, 36, 13, 7.5, 4, 13, '2023-05-30 22:09:02', '2023-05-30 22:15:49'),
(642, 5, 9, 7, 36, 15, 5, 8, 20, '2023-05-30 22:09:02', '2023-05-30 22:15:49'),
(643, 5, 9, 7, 36, 17, 7, 5, 6.5, '2023-05-30 22:09:02', '2023-05-30 22:15:49'),
(644, 5, 9, 7, 36, 19, 9, 2, 8.5, '2023-05-30 22:09:02', '2023-05-30 22:15:49'),
(645, 5, 9, 7, 36, 20, 8, 3, 16.5, '2023-05-30 22:09:02', '2023-05-30 22:15:49'),
(646, 5, 9, 7, 36, 22, 7, 5, 5, '2023-05-30 22:09:02', '2023-05-30 22:15:49'),
(647, 5, 9, 7, 36, 23, 6, 7, 12, '2023-05-30 22:09:02', '2023-05-30 22:15:49'),
(648, 5, 9, 7, 36, 26, 8, 3, 3, '2023-05-30 22:09:02', '2023-05-30 22:15:49'),
(649, 5, 9, 7, 36, 27, 9.5, 1, 10, '2023-05-30 22:09:02', '2023-05-30 22:15:49'),
(650, 5, 9, 7, 36, 28, 7, 5, 15, '2023-05-30 22:09:02', '2023-05-30 22:15:49'),
(651, 5, 9, 7, 36, 29, 5, 8, 14, '2023-05-30 22:09:02', '2023-05-30 22:15:49'),
(652, 5, 9, 7, 36, 31, 6.5, 6, 16.5, '2023-05-30 22:09:02', '2023-05-30 22:15:49'),
(653, 5, 9, 7, 36, 33, 7.5, 4, 6.5, '2023-05-30 22:09:02', '2023-05-30 22:15:49'),
(654, 5, 9, 7, 33, 19, 8.5, 5, 8.5, '2023-05-30 22:16:20', '2023-05-30 22:17:18'),
(655, 5, 9, 7, 33, 20, 6.5, 14, 16.5, '2023-05-30 22:16:20', '2023-05-30 22:17:18'),
(656, 5, 9, 7, 33, 22, 9.5, 1, 5, '2023-05-30 22:16:20', '2023-05-30 22:17:18'),
(657, 5, 9, 7, 33, 23, 9.2, 2, 12, '2023-05-30 22:16:20', '2023-05-30 22:17:18'),
(658, 5, 9, 7, 33, 26, 7.5, 9, 3, '2023-05-30 22:16:20', '2023-05-30 22:17:18'),
(659, 5, 9, 7, 33, 27, 7.3, 11, 10, '2023-05-30 22:16:20', '2023-05-30 22:17:18'),
(660, 5, 9, 7, 33, 28, 7.4, 10, 15, '2023-05-30 22:16:20', '2023-05-30 22:17:18'),
(661, 5, 9, 7, 33, 29, 7.6, 8, 14, '2023-05-30 22:16:20', '2023-05-30 22:17:18'),
(662, 5, 9, 7, 33, 31, 6.2, 15, 16.5, '2023-05-30 22:16:20', '2023-05-30 22:17:18'),
(663, 5, 9, 7, 33, 33, 7.2, 12, 6.5, '2023-05-30 22:16:20', '2023-05-30 22:17:18'),
(674, 3, 3, 5, 33, 5, 8.7, 5, 6, '2023-05-30 23:00:50', '2023-05-30 23:00:50'),
(675, 3, 3, 5, 33, 8, 9.2, 3, 7, '2023-05-30 23:00:50', '2023-05-30 23:00:50'),
(676, 3, 3, 5, 33, 9, 7.4, 7, 2.5, '2023-05-30 23:00:50', '2023-05-30 23:00:50'),
(677, 3, 3, 5, 33, 10, 8.7, 5, 2.5, '2023-05-30 23:00:50', '2023-05-30 23:00:50'),
(678, 3, 3, 5, 33, 17, 8.6, 6, 8.5, '2023-05-30 23:00:50', '2023-05-30 23:00:50'),
(679, 3, 3, 5, 33, 19, 9.3, 2, 8.5, '2023-05-30 23:00:50', '2023-05-30 23:00:50'),
(680, 3, 3, 5, 33, 22, 9, 4, 2.5, '2023-05-30 23:00:50', '2023-05-30 23:00:50'),
(681, 3, 3, 5, 33, 26, 9.9, 1, 1, '2023-05-30 23:00:50', '2023-05-30 23:00:50'),
(682, 3, 3, 5, 33, 27, 7.3, 8, 10, '2023-05-30 23:00:50', '2023-05-30 23:00:50'),
(683, 3, 3, 5, 33, 33, 8.7, 5, 5, '2023-05-30 23:00:50', '2023-05-30 23:00:50'),
(684, 3, 3, 5, 34, 5, 8, 3, 6, '2023-05-30 23:01:19', '2023-05-30 23:01:19'),
(685, 3, 3, 5, 34, 8, 8.5, 2, 7, '2023-05-30 23:01:19', '2023-05-30 23:01:19'),
(686, 3, 3, 5, 34, 9, 9, 1, 2.5, '2023-05-30 23:01:19', '2023-05-30 23:01:19'),
(687, 3, 3, 5, 34, 10, 9, 1, 2.5, '2023-05-30 23:01:19', '2023-05-30 23:01:19'),
(688, 3, 3, 5, 34, 17, 8.5, 2, 8.5, '2023-05-30 23:01:19', '2023-05-30 23:01:19'),
(689, 3, 3, 5, 34, 19, 8, 3, 8.5, '2023-05-30 23:01:19', '2023-05-30 23:01:19'),
(690, 3, 3, 5, 34, 22, 8.5, 2, 2.5, '2023-05-30 23:01:19', '2023-05-30 23:01:19'),
(691, 3, 3, 5, 34, 26, 9, 1, 1, '2023-05-30 23:01:19', '2023-05-30 23:01:19'),
(692, 3, 3, 5, 34, 27, 8.5, 2, 10, '2023-05-30 23:01:19', '2023-05-30 23:01:19'),
(693, 3, 3, 5, 34, 33, 9, 1, 5, '2023-05-30 23:01:19', '2023-05-30 23:01:19'),
(694, 3, 3, 5, 35, 5, 9.5, 2, 6, '2023-05-30 23:01:42', '2023-05-30 23:01:43'),
(695, 3, 3, 5, 35, 8, 9, 3, 7, '2023-05-30 23:01:42', '2023-05-30 23:01:43'),
(696, 3, 3, 5, 35, 9, 7, 5, 2.5, '2023-05-30 23:01:42', '2023-05-30 23:01:43'),
(697, 3, 3, 5, 35, 10, 8, 4, 2.5, '2023-05-30 23:01:43', '2023-05-30 23:01:43'),
(698, 3, 3, 5, 35, 17, 6, 6, 8.5, '2023-05-30 23:01:43', '2023-05-30 23:01:43'),
(699, 3, 3, 5, 35, 19, 5, 7, 8.5, '2023-05-30 23:01:43', '2023-05-30 23:01:43'),
(700, 3, 3, 5, 35, 22, 10, 1, 2.5, '2023-05-30 23:01:43', '2023-05-30 23:01:43'),
(701, 3, 3, 5, 35, 26, 7, 5, 1, '2023-05-30 23:01:43', '2023-05-30 23:01:43'),
(702, 3, 3, 5, 35, 27, 5, 7, 10, '2023-05-30 23:01:43', '2023-05-30 23:01:43'),
(703, 3, 3, 5, 35, 33, 8, 4, 5, '2023-05-30 23:01:43', '2023-05-30 23:01:43'),
(704, 3, 3, 5, 32, 5, 8.9, 6, 6, '2023-05-30 23:01:46', '2023-05-30 23:02:06'),
(705, 3, 3, 5, 32, 8, 7, 9, 7, '2023-05-30 23:01:46', '2023-05-30 23:02:06'),
(706, 3, 3, 5, 32, 9, 9.8, 1, 2.5, '2023-05-30 23:01:46', '2023-05-30 23:02:06'),
(707, 3, 3, 5, 32, 10, 9.7, 2, 2.5, '2023-05-30 23:01:46', '2023-05-30 23:02:06'),
(708, 3, 3, 5, 32, 17, 7.2, 8, 8.5, '2023-05-30 23:01:46', '2023-05-30 23:02:07'),
(709, 3, 3, 5, 32, 19, 6.5, 10, 8.5, '2023-05-30 23:01:46', '2023-05-30 23:02:07'),
(710, 3, 3, 5, 32, 22, 9, 5, 2.5, '2023-05-30 23:01:46', '2023-05-30 23:02:07'),
(711, 3, 3, 5, 32, 26, 9.5, 4, 1, '2023-05-30 23:01:46', '2023-05-30 23:02:07'),
(712, 3, 3, 5, 32, 27, 7.5, 7, 10, '2023-05-30 23:01:46', '2023-05-30 23:02:07'),
(713, 3, 3, 5, 32, 33, 9.6, 3, 5, '2023-05-30 23:01:46', '2023-05-30 23:02:07'),
(714, 3, 3, 5, 36, 5, 8, 3, 6, '2023-05-30 23:02:52', '2023-05-30 23:02:52'),
(715, 3, 3, 5, 36, 8, 7.5, 4, 7, '2023-05-30 23:02:52', '2023-05-30 23:02:52'),
(716, 3, 3, 5, 36, 9, 9.5, 1, 2.5, '2023-05-30 23:02:52', '2023-05-30 23:02:52'),
(717, 3, 3, 5, 36, 10, 8, 3, 2.5, '2023-05-30 23:02:52', '2023-05-30 23:02:52'),
(718, 3, 3, 5, 36, 17, 7, 5, 8.5, '2023-05-30 23:02:52', '2023-05-30 23:02:52'),
(719, 3, 3, 5, 36, 19, 7, 5, 8.5, '2023-05-30 23:02:52', '2023-05-30 23:02:52'),
(720, 3, 3, 5, 36, 22, 8, 3, 2.5, '2023-05-30 23:02:52', '2023-05-30 23:02:52'),
(721, 3, 3, 5, 36, 26, 9, 2, 1, '2023-05-30 23:02:52', '2023-05-30 23:02:52'),
(722, 3, 3, 5, 36, 27, 7, 5, 10, '2023-05-30 23:02:52', '2023-05-30 23:02:52'),
(723, 3, 3, 5, 36, 33, 7, 5, 5, '2023-05-30 23:02:52', '2023-05-30 23:02:52'),
(724, 3, 4, 4, 34, 5, 6, 5, 8.5, '2023-05-30 23:13:17', '2023-05-30 23:13:17'),
(725, 3, 4, 4, 34, 8, 7.5, 4, 6, '2023-05-30 23:13:17', '2023-05-30 23:13:17'),
(726, 3, 4, 4, 34, 9, 6, 5, 8.5, '2023-05-30 23:13:17', '2023-05-30 23:13:17'),
(727, 3, 4, 4, 34, 10, 8, 3, 4.5, '2023-05-30 23:13:17', '2023-05-30 23:13:17'),
(728, 3, 4, 4, 34, 17, 9, 1, 2, '2023-05-30 23:13:17', '2023-05-30 23:13:17'),
(729, 3, 4, 4, 34, 19, 8, 3, 4.5, '2023-05-30 23:13:17', '2023-05-30 23:13:17'),
(730, 3, 4, 4, 34, 22, 8.5, 2, 1, '2023-05-30 23:13:17', '2023-05-30 23:13:17'),
(731, 3, 4, 4, 34, 26, 8, 3, 7, '2023-05-30 23:13:17', '2023-05-30 23:13:17'),
(732, 3, 4, 4, 34, 27, 6, 5, 10, '2023-05-30 23:13:17', '2023-05-30 23:13:17'),
(733, 3, 4, 4, 34, 33, 8, 3, 3, '2023-05-30 23:13:17', '2023-05-30 23:13:17'),
(734, 3, 4, 4, 33, 5, 6.9, 8, 8.5, '2023-05-30 23:13:32', '2023-05-30 23:13:32'),
(735, 3, 4, 4, 33, 8, 7.5, 6, 6, '2023-05-30 23:13:32', '2023-05-30 23:13:32'),
(736, 3, 4, 4, 33, 9, 7.2, 7, 8.5, '2023-05-30 23:13:32', '2023-05-30 23:13:32'),
(737, 3, 4, 4, 33, 10, 7.5, 6, 4.5, '2023-05-30 23:13:33', '2023-05-30 23:13:33'),
(738, 3, 4, 4, 33, 17, 9.7, 1, 2, '2023-05-30 23:13:33', '2023-05-30 23:13:33'),
(739, 3, 4, 4, 33, 19, 8.5, 3, 4.5, '2023-05-30 23:13:33', '2023-05-30 23:13:33'),
(740, 3, 4, 4, 33, 22, 9.5, 2, 1, '2023-05-30 23:13:33', '2023-05-30 23:13:33'),
(741, 3, 4, 4, 33, 26, 6.7, 9, 7, '2023-05-30 23:13:33', '2023-05-30 23:13:33'),
(742, 3, 4, 4, 33, 27, 8.1, 4, 10, '2023-05-30 23:13:33', '2023-05-30 23:13:33'),
(743, 3, 4, 4, 33, 33, 8, 5, 3, '2023-05-30 23:13:33', '2023-05-30 23:13:33'),
(744, 3, 4, 4, 36, 5, 6, 6, 8.5, '2023-05-30 23:13:37', '2023-05-30 23:13:37'),
(745, 3, 4, 4, 36, 8, 8.5, 2, 6, '2023-05-30 23:13:37', '2023-05-30 23:13:37'),
(746, 3, 4, 4, 36, 9, 8, 3, 8.5, '2023-05-30 23:13:37', '2023-05-30 23:13:37'),
(747, 3, 4, 4, 36, 10, 7.58, 4, 4.5, '2023-05-30 23:13:37', '2023-05-30 23:13:37'),
(748, 3, 4, 4, 36, 17, 8.5, 2, 2, '2023-05-30 23:13:37', '2023-05-30 23:13:37'),
(749, 3, 4, 4, 36, 19, 7, 5, 4.5, '2023-05-30 23:13:37', '2023-05-30 23:13:37'),
(750, 3, 4, 4, 36, 22, 9, 1, 1, '2023-05-30 23:13:37', '2023-05-30 23:13:37'),
(751, 3, 4, 4, 36, 26, 9, 1, 7, '2023-05-30 23:13:37', '2023-05-30 23:13:37'),
(752, 3, 4, 4, 36, 27, 6, 6, 10, '2023-05-30 23:13:37', '2023-05-30 23:13:37'),
(753, 3, 4, 4, 36, 33, 8.5, 2, 3, '2023-05-30 23:13:37', '2023-05-30 23:13:37'),
(754, 3, 4, 4, 32, 5, 8.9, 3, 8.5, '2023-05-30 23:13:46', '2023-05-30 23:14:02'),
(755, 3, 4, 4, 32, 8, 5.7, 9, 6, '2023-05-30 23:13:46', '2023-05-30 23:14:02'),
(756, 3, 4, 4, 32, 9, 7, 8, 8.5, '2023-05-30 23:13:46', '2023-05-30 23:14:02'),
(757, 3, 4, 4, 32, 10, 8.5, 5, 4.5, '2023-05-30 23:13:46', '2023-05-30 23:14:02'),
(758, 3, 4, 4, 32, 17, 9, 2, 2, '2023-05-30 23:13:46', '2023-05-30 23:14:02'),
(759, 3, 4, 4, 32, 19, 8.2, 6, 4.5, '2023-05-30 23:13:46', '2023-05-30 23:14:02'),
(760, 3, 4, 4, 32, 22, 9.5, 1, 1, '2023-05-30 23:13:46', '2023-05-30 23:14:02'),
(761, 3, 4, 4, 32, 26, 7.2, 7, 7, '2023-05-30 23:13:46', '2023-05-30 23:14:02'),
(762, 3, 4, 4, 32, 27, 5, 10, 10, '2023-05-30 23:13:46', '2023-05-30 23:14:02'),
(763, 3, 4, 4, 32, 33, 8.8, 4, 3, '2023-05-30 23:13:46', '2023-05-30 23:14:02'),
(764, 3, 4, 4, 35, 5, 5, 7, 8.5, '2023-05-30 23:15:26', '2023-05-30 23:15:26'),
(765, 3, 4, 4, 35, 8, 6.5, 5, 6, '2023-05-30 23:15:26', '2023-05-30 23:15:26'),
(766, 3, 4, 4, 35, 9, 6, 6, 8.5, '2023-05-30 23:15:26', '2023-05-30 23:15:26'),
(767, 3, 4, 4, 35, 10, 7.5, 4, 4.5, '2023-05-30 23:15:26', '2023-05-30 23:15:26'),
(768, 3, 4, 4, 35, 17, 8.5, 2, 2, '2023-05-30 23:15:26', '2023-05-30 23:15:26'),
(769, 3, 4, 4, 35, 19, 6.5, 5, 4.5, '2023-05-30 23:15:26', '2023-05-30 23:15:26'),
(770, 3, 4, 4, 35, 22, 10, 1, 1, '2023-05-30 23:15:26', '2023-05-30 23:15:26'),
(771, 3, 4, 4, 35, 26, 5, 7, 7, '2023-05-30 23:15:26', '2023-05-30 23:15:26'),
(772, 3, 4, 4, 35, 27, 5, 7, 10, '2023-05-30 23:15:26', '2023-05-30 23:15:26'),
(773, 3, 4, 4, 35, 33, 8, 3, 3, '2023-05-30 23:15:26', '2023-05-30 23:15:26'),
(774, 4, 6, 6, 34, 10, 8.5, 1, 4, '2023-05-30 23:40:15', '2023-05-30 23:40:15'),
(775, 4, 6, 6, 34, 17, 8, 2, 2, '2023-05-30 23:40:15', '2023-05-30 23:40:15'),
(776, 4, 6, 6, 34, 22, 8, 2, 3, '2023-05-30 23:40:15', '2023-05-30 23:40:15'),
(777, 4, 6, 6, 34, 26, 8.5, 1, 1, '2023-05-30 23:40:15', '2023-05-30 23:40:15'),
(778, 4, 6, 6, 34, 33, 6, 3, 5, '2023-05-30 23:40:15', '2023-05-30 23:40:15'),
(779, 4, 6, 6, 36, 10, 8.5, 3, 4, '2023-05-30 23:40:18', '2023-05-30 23:40:18'),
(780, 4, 6, 6, 36, 17, 9.5, 2, 2, '2023-05-30 23:40:18', '2023-05-30 23:40:18'),
(781, 4, 6, 6, 36, 22, 8, 4, 3, '2023-05-30 23:40:18', '2023-05-30 23:40:18'),
(782, 4, 6, 6, 36, 26, 10, 1, 1, '2023-05-30 23:40:18', '2023-05-30 23:40:18'),
(783, 4, 6, 6, 36, 33, 7.5, 5, 5, '2023-05-30 23:40:18', '2023-05-30 23:40:18'),
(784, 4, 6, 6, 33, 10, 8.5, 4, 4, '2023-05-30 23:40:19', '2023-05-30 23:40:19'),
(785, 4, 6, 6, 33, 17, 10, 1, 2, '2023-05-30 23:40:19', '2023-05-30 23:40:19'),
(786, 4, 6, 6, 33, 22, 9.5, 2, 3, '2023-05-30 23:40:19', '2023-05-30 23:40:19'),
(787, 4, 6, 6, 33, 26, 9, 3, 1, '2023-05-30 23:40:19', '2023-05-30 23:40:19'),
(788, 4, 6, 6, 33, 33, 8.2, 5, 5, '2023-05-30 23:40:19', '2023-05-30 23:40:19'),
(789, 4, 6, 6, 32, 10, 8.5, 4, 4, '2023-05-30 23:40:29', '2023-05-30 23:40:35'),
(790, 4, 6, 6, 32, 17, 9.2, 2, 2, '2023-05-30 23:40:29', '2023-05-30 23:40:35'),
(791, 4, 6, 6, 32, 22, 9, 3, 3, '2023-05-30 23:40:29', '2023-05-30 23:40:35'),
(792, 4, 6, 6, 32, 26, 9.5, 1, 1, '2023-05-30 23:40:29', '2023-05-30 23:40:36'),
(793, 4, 6, 6, 32, 33, 8, 5, 5, '2023-05-30 23:40:29', '2023-05-30 23:40:36'),
(794, 4, 6, 6, 35, 10, 8.5, 4, 4, '2023-05-30 23:41:14', '2023-05-30 23:41:14'),
(795, 4, 6, 6, 35, 17, 9, 3, 2, '2023-05-30 23:41:14', '2023-05-30 23:41:14'),
(796, 4, 6, 6, 35, 22, 10, 1, 3, '2023-05-30 23:41:14', '2023-05-30 23:41:14'),
(797, 4, 6, 6, 35, 26, 9.5, 2, 1, '2023-05-30 23:41:14', '2023-05-30 23:41:14'),
(798, 4, 6, 6, 35, 33, 5, 5, 5, '2023-05-30 23:41:14', '2023-05-30 23:41:14');

-- --------------------------------------------------------

--
-- Table structure for table `tabs_users`
--

CREATE TABLE `tabs_users` (
  `tabs_user_id` int(10) NOT NULL,
  `tabs_user_code` varchar(30) NOT NULL,
  `tabs_full_name` varchar(255) NOT NULL,
  `tabs_username` varchar(50) NOT NULL,
  `tabs_password` varchar(100) NOT NULL,
  `tabs_user_type` int(5) NOT NULL,
  `tabs_user_status` int(1) NOT NULL,
  `tabs_user_profile_img` text NOT NULL,
  `tabs_event_id` int(11) NOT NULL,
  `tabs_user_created` datetime NOT NULL,
  `tabs_user_updated` datetime NOT NULL
) ENGINE=InnoDB DEFAULT CHARSET=latin1 ROW_FORMAT=COMPACT;

--
-- Dumping data for table `tabs_users`
--

INSERT INTO `tabs_users` (`tabs_user_id`, `tabs_user_code`, `tabs_full_name`, `tabs_username`, `tabs_password`, `tabs_user_type`, `tabs_user_status`, `tabs_user_profile_img`, `tabs_event_id`, `tabs_user_created`, `tabs_user_updated`) VALUES
(1, '0', 'hotkopi', 'dev', 'gozElr3tOF4jED67gzd4r2smH2NWy83w+P89isjSSgM=', 0, 0, '', 0, '2022-08-04 00:00:00', '2022-09-04 14:24:33'),
(8, '20220804171234lPKZlLkU', 'joane may delima', 'joanemay', 'KYbhfSccmfgV6lsb1k23tk6Fz98VuKKfHX24W3k9F1Y=', 0, 0, '', 0, '2022-08-04 17:12:34', '2022-08-04 17:12:34'),
(32, '20230530105529z1cgYT2M', 'Nova Bonna Tribunalo', 'judge1', 'BV7/EB68FW1nbuaZU9r4LtoHcJGnpw3PF//vp7vj2NY=', 1, 0, '', 4, '2023-05-30 10:55:29', '2023-05-30 16:47:45'),
(33, '20230530105539sZs1zRvJ', 'Philip Jhon Allawan', 'judge2', 'BV7/EB68FW1nbuaZU9r4LtoHcJGnpw3PF//vp7vj2NY=', 1, 0, '', 4, '2023-05-30 10:55:39', '2023-05-30 16:48:08'),
(34, '20230530105545eOxSXlN8', 'Eduard L. Pulvera', 'judge3', 'BV7/EB68FW1nbuaZU9r4LtoHcJGnpw3PF//vp7vj2NY=', 1, 0, '', 4, '2023-05-30 10:55:45', '2023-05-30 16:48:24'),
(35, '20230530105602T5pVLdEL', 'Atty. Maruli Sanchez', 'judge4', 'BV7/EB68FW1nbuaZU9r4LtoHcJGnpw3PF//vp7vj2NY=', 1, 0, '', 4, '2023-05-30 10:56:02', '2023-05-30 16:50:03'),
(36, '20230530105658xkMfLoyS', 'Perla Mae Griffin', 'judge5', 'BV7/EB68FW1nbuaZU9r4LtoHcJGnpw3PF//vp7vj2NY=', 1, 0, '', 4, '2023-05-30 10:56:58', '2023-05-30 16:50:27'),
(37, '202305301957082kCstBKD', 'judge6', 'judge6', 'QtaL994MTXiJsDOu1fFHeZqzplNaLVI9k8tNeqRkWtY=', 0, 1, '', 0, '2023-05-30 19:57:08', '2023-05-30 19:57:08');

--
-- Indexes for dumped tables
--

--
-- Indexes for table `tabs_candidates`
--
ALTER TABLE `tabs_candidates`
  ADD PRIMARY KEY (`tabs_can_id`);

--
-- Indexes for table `tabs_categories`
--
ALTER TABLE `tabs_categories`
  ADD PRIMARY KEY (`tabs_cat_id`);

--
-- Indexes for table `tabs_criterias`
--
ALTER TABLE `tabs_criterias`
  ADD PRIMARY KEY (`tabs_cri_id`);

--
-- Indexes for table `tabs_events`
--
ALTER TABLE `tabs_events`
  ADD PRIMARY KEY (`tabs_event_id`);

--
-- Indexes for table `tabs_my_project`
--
ALTER TABLE `tabs_my_project`
  ADD PRIMARY KEY (`tabs_project`);

--
-- Indexes for table `tabs_notification`
--
ALTER TABLE `tabs_notification`
  ADD PRIMARY KEY (`tabs_notif_id`);

--
-- Indexes for table `tabs_results`
--
ALTER TABLE `tabs_results`
  ADD PRIMARY KEY (`tabs_result_id`);

--
-- Indexes for table `tabs_users`
--
ALTER TABLE `tabs_users`
  ADD PRIMARY KEY (`tabs_user_id`);

--
-- AUTO_INCREMENT for dumped tables
--

--
-- AUTO_INCREMENT for table `tabs_candidates`
--
ALTER TABLE `tabs_candidates`
  MODIFY `tabs_can_id` int(11) NOT NULL AUTO_INCREMENT, AUTO_INCREMENT=34;

--
-- AUTO_INCREMENT for table `tabs_categories`
--
ALTER TABLE `tabs_categories`
  MODIFY `tabs_cat_id` int(11) NOT NULL AUTO_INCREMENT, AUTO_INCREMENT=10;

--
-- AUTO_INCREMENT for table `tabs_criterias`
--
ALTER TABLE `tabs_criterias`
  MODIFY `tabs_cri_id` int(11) NOT NULL AUTO_INCREMENT, AUTO_INCREMENT=8;

--
-- AUTO_INCREMENT for table `tabs_events`
--
ALTER TABLE `tabs_events`
  MODIFY `tabs_event_id` int(11) NOT NULL AUTO_INCREMENT, AUTO_INCREMENT=6;

--
-- AUTO_INCREMENT for table `tabs_my_project`
--
ALTER TABLE `tabs_my_project`
  MODIFY `tabs_project` int(1) NOT NULL AUTO_INCREMENT, AUTO_INCREMENT=2;

--
-- AUTO_INCREMENT for table `tabs_notification`
--
ALTER TABLE `tabs_notification`
  MODIFY `tabs_notif_id` int(100) NOT NULL AUTO_INCREMENT, AUTO_INCREMENT=133;

--
-- AUTO_INCREMENT for table `tabs_results`
--
ALTER TABLE `tabs_results`
  MODIFY `tabs_result_id` int(11) NOT NULL AUTO_INCREMENT, AUTO_INCREMENT=799;

--
-- AUTO_INCREMENT for table `tabs_users`
--
ALTER TABLE `tabs_users`
  MODIFY `tabs_user_id` int(10) NOT NULL AUTO_INCREMENT, AUTO_INCREMENT=38;
COMMIT;

/*!40101 SET CHARACTER_SET_CLIENT=@OLD_CHARACTER_SET_CLIENT */;
/*!40101 SET CHARACTER_SET_RESULTS=@OLD_CHARACTER_SET_RESULTS */;
/*!40101 SET COLLATION_CONNECTION=@OLD_COLLATION_CONNECTION */;
