-- phpMyAdmin SQL Dump
-- version 4.8.3
-- https://www.phpmyadmin.net/
--
-- Host: 127.0.0.1
-- Generation Time: Jul 02, 2023 at 04:45 PM
-- Server version: 10.1.36-MariaDB
-- PHP Version: 7.0.32

SET SQL_MODE = "NO_AUTO_VALUE_ON_ZERO";
SET AUTOCOMMIT = 0;
START TRANSACTION;
SET time_zone = "+00:00";


/*!40101 SET @OLD_CHARACTER_SET_CLIENT=@@CHARACTER_SET_CLIENT */;
/*!40101 SET @OLD_CHARACTER_SET_RESULTS=@@CHARACTER_SET_RESULTS */;
/*!40101 SET @OLD_COLLATION_CONNECTION=@@COLLATION_CONNECTION */;
/*!40101 SET NAMES utf8mb4 */;

--
-- Database: `tabulation_datacenter`
--

-- --------------------------------------------------------

--
-- Table structure for table `tabs_candidates`
--

CREATE TABLE `tabs_candidates` (
  `tabs_can_id` int(11) NOT NULL,
  `tabs_can_number` int(11) NOT NULL,
  `tabs_can_name` text NOT NULL,
  `tabs_can_desc` text NOT NULL,
  `tabs_can_image` text NOT NULL,
  `tabs_can_eliminate` int(1) NOT NULL,
  `tabs_can_created` datetime NOT NULL,
  `tabs_event_id` int(11) NOT NULL
) ENGINE=InnoDB DEFAULT CHARSET=latin1;

--
-- Dumping data for table `tabs_candidates`
--

INSERT INTO `tabs_candidates` (`tabs_can_id`, `tabs_can_number`, `tabs_can_name`, `tabs_can_desc`, `tabs_can_image`, `tabs_can_eliminate`, `tabs_can_created`, `tabs_event_id`) VALUES
(34, 1, 'STEPHANY NONOL CABASE', 'Goddess of Aplaya', '20230702105846_1. STEPHANY NONOL CABASE.jpg', 0, '2023-07-02 10:58:46', 6),
(35, 2, 'BEA RELLON LANTICSE', 'Goddess of Balutakay', '20230702105937_2. BEA RELLON LANTICSE.jpg', 0, '2023-07-02 10:59:37', 6),
(36, 3, 'Goddess of Guihing', 'Goddess of Guihing', '20230702110042_3. Diana Grace Gamboa Silorio.jpg', 0, '2023-07-02 11:00:42', 7),
(37, 4, 'JAZZY MAY YSON PANDI', 'Goddess of Hagonoy Crossing', '20230702110125_4. JAZZY MAY YSON PANDI.jpg', 0, '2023-07-02 11:01:25', 6),
(38, 5, 'ALLYSA MAE FUENTES MIER', 'Goddess of Kibuaya', '20230702110256_5. ALLYSA MAE FUENTES MIER.jpg', 0, '2023-07-02 11:02:56', 6),
(39, 6, 'GLYDEL ANN NECESITO BARANGGAN', 'Goddess of Lanuro', '20230702110333_6. Glydel Ann Necesito Baranggan.jpg', 0, '2023-07-02 11:03:33', 6),
(40, 7, 'Goddess of Lapulabao', 'Goddess of Lapulabao', '20230702110411_7. RHEA JOY PANAYAS WANDE.jpg', 0, '2023-07-02 11:04:11', 7),
(41, 8, 'RHEA COARISSA PIOQUINTO HEFERVEZ', 'Goddess of La Union', '20230702110815_8. RHEA COARISSA PIOQUINTO HEFERVEZ.jpg', 0, '2023-07-02 11:08:15', 6),
(42, 9, 'JHALAIKA ORTIZ MODIARAT', 'Goddess of Leling', '20230702110947_9. JHALAIKA ORTIZ MODIARAT.jpg', 0, '2023-07-02 11:09:47', 6),
(43, 10, 'SARAH TANCONTIAN GALVANO', 'Goddess of Mahayahay', '20230702111035_10. SARAH TANCONTIAN GALVANO.jpg', 0, '2023-07-02 11:10:35', 6),
(44, 11, 'QUEENIE CAVAN', 'Goddess of Malabang', '20230702111108_11. MARY JANE PADILLO RAMIREZ.jpg', 0, '2023-07-02 11:11:08', 6),
(45, 12, 'Goddess of Maliit Digos', 'Goddess of Maliit Digos', '20230702111207_12. MARY JANE PADILLO RAMIREZ.jpg', 0, '2023-07-02 11:12:07', 7),
(46, 13, 'ALMIE JEAN DIOT DEVILLEREZ', 'Goddess of New Quezon', '20230702111254_13. ALMIE JEAN DIOT DEVILLEREZ.jpg', 0, '2023-07-02 11:12:54', 6),
(47, 14, 'EMARIE CAMILLO FAMOR', 'Goddess of Paligue', '20230702111348_14. EMARIE CAMILLO FAMOR.jpg', 0, '2023-07-02 11:13:48', 6),
(48, 15, 'RAINEIROSE KEZIAH GABRONINO GAVIOLA', 'Goddess of Poblacion', '20230702111431_15. RAINEIROSE KEZIAH GABRONINO GAVIOLA.jpg', 0, '2023-07-02 11:14:31', 6),
(49, 16, 'Goddess of Sacub', 'Goddess of Sacub', '20230702111523_16. SHAYNE MANGUBAT LAPUT.jpg', 0, '2023-07-02 11:15:23', 7),
(50, 17, 'PRINCESS RITA FEROLINO BABOR', 'Goddess of San Guillermo', '20230702111605_17. PRINCESS RITA FEROLINO BABOR.jpg', 0, '2023-07-02 11:16:05', 6),
(51, 18, 'QUEZEL BLISS VIGO SORIANO', 'Goddess of San Isidro', '20230702111636_18. QUEZEL BLISS VIGO SORIANO.jpg', 0, '2023-07-02 11:16:36', 6),
(52, 19, 'Goddess of Sinayawan', 'Goddess of Sinayawan', '20230702111803_19. DALLEN CAMPOREDONDO DE DIOS.jpg', 0, '2023-07-02 11:18:03', 7),
(53, 20, 'SHANE ASHLEY PALMERO NERI', 'Goddess of Tologan', '20230702111903_20. SHANE ASHLEY PALMERO NERI.jpg', 0, '2023-07-02 11:19:03', 6);

-- --------------------------------------------------------

--
-- Table structure for table `tabs_categories`
--

CREATE TABLE `tabs_categories` (
  `tabs_cat_id` int(11) NOT NULL,
  `tabs_cat_title` text NOT NULL,
  `tabs_cat_percentage` double NOT NULL,
  `tabs_cat_status` int(1) NOT NULL,
  `tabs_event_id` int(11) NOT NULL
) ENGINE=InnoDB DEFAULT CHARSET=latin1;

--
-- Dumping data for table `tabs_categories`
--

INSERT INTO `tabs_categories` (`tabs_cat_id`, `tabs_cat_title`, `tabs_cat_percentage`, `tabs_cat_status`, `tabs_event_id`) VALUES
(10, 'PLAYSUIT ATTIRE', 25, 1, 6),
(11, 'CREATIVE LONG GOWN ATTIRE', 25, 1, 6),
(12, 'FINAL Q & A', 100, 1, 7),
(14, 'PRELIMINARY Q & A', 25, 1, 6),
(15, 'VIDEO CHALLENGE RESULT', 25, 1, 6);

-- --------------------------------------------------------

--
-- Table structure for table `tabs_criterias`
--

CREATE TABLE `tabs_criterias` (
  `tabs_cri_id` int(11) NOT NULL,
  `tabs_cri_title` text NOT NULL,
  `tabs_cri_desc` text NOT NULL,
  `tabs_cri_score_min` double NOT NULL,
  `tabs_cri_score_max` double NOT NULL,
  `tabs_cri_percentage` double NOT NULL,
  `tabs_cat_id` int(11) NOT NULL
) ENGINE=InnoDB DEFAULT CHARSET=latin1;

--
-- Dumping data for table `tabs_criterias`
--

INSERT INTO `tabs_criterias` (`tabs_cri_id`, `tabs_cri_title`, `tabs_cri_desc`, `tabs_cri_score_min`, `tabs_cri_score_max`, `tabs_cri_percentage`, `tabs_cat_id`) VALUES
(8, 'PLAYSUIT ATTIRE', 'Score: \r\n\r\n5    - Lowest Score\r\n10  - Highest Score ', 5, 10, 100, 10),
(9, 'CREATIVE LONG GOWN ATTIRE', 'Score: 5 - Lowest Score 10 - Highest Score', 5, 10, 100, 11),
(10, 'FINAL Q & A', 'Score: 5 - Lowest Score 10 - Highest Score', 5, 10, 100, 12),
(11, 'Preliminary Interview', 'Score: 5 - Lowest Score 10 - Highest Score', 5, 10, 100, 13),
(12, 'PRELIMINARY Q & A', 'Score: 5 - Lowest Score 10 - Highest Score', 5, 10, 100, 14),
(13, 'VIDEO CHALLENGE RESULT', '', 5, 10, 100, 15);

-- --------------------------------------------------------

--
-- Table structure for table `tabs_events`
--

CREATE TABLE `tabs_events` (
  `tabs_event_id` int(11) NOT NULL,
  `tabs_event_title` text NOT NULL,
  `tabs_event_desc` text NOT NULL,
  `tabs_event_year` text NOT NULL,
  `tabs_event_status` int(1) NOT NULL,
  `tabs_event_eliminate` int(1) NOT NULL,
  `tabs_event_eliminate_title` text NOT NULL,
  `tabs_event_eliminate_num` int(2) NOT NULL,
  `tabs_event_scoretype` int(1) NOT NULL,
  `tabs_event_created` datetime NOT NULL,
  `tabs_event_updated` datetime NOT NULL
) ENGINE=InnoDB DEFAULT CHARSET=latin1;

--
-- Dumping data for table `tabs_events`
--

INSERT INTO `tabs_events` (`tabs_event_id`, `tabs_event_title`, `tabs_event_desc`, `tabs_event_year`, `tabs_event_status`, `tabs_event_eliminate`, `tabs_event_eliminate_title`, `tabs_event_eliminate_num`, `tabs_event_scoretype`, `tabs_event_created`, `tabs_event_updated`) VALUES
(6, 'Mutya ng Hagonoy 2023', 'Mutya ng Hagonoy 2023', '2023', 1, 0, '', 0, 0, '2023-07-02 10:51:26', '2023-07-02 10:51:26'),
(7, 'Mutya ng Hagonoy 2023 TOP 5', 'Mutya ng Hagonoy 2023 TOP 5', '2023', 1, 0, '', 0, 0, '2023-07-02 13:20:43', '2023-07-02 13:20:43');

-- --------------------------------------------------------

--
-- Table structure for table `tabs_my_project`
--

CREATE TABLE `tabs_my_project` (
  `tabs_project` int(1) NOT NULL,
  `tabs_project_name` text NOT NULL,
  `tabs_project_address` text NOT NULL,
  `tabs_system_title` text NOT NULL,
  `tabs_event_image` text NOT NULL,
  `tabs_year_origin` datetime NOT NULL
) ENGINE=InnoDB DEFAULT CHARSET=latin1 ROW_FORMAT=COMPACT;

--
-- Dumping data for table `tabs_my_project`
--

INSERT INTO `tabs_my_project` (`tabs_project`, `tabs_project_name`, `tabs_project_address`, `tabs_system_title`, `tabs_event_image`, `tabs_year_origin`) VALUES
(1, 'UM Tabulation Team', 'Digos City', '', '20230702164630_MUTYA NG HAGONOY LOGO BLACK TEXT.jpg', '2022-08-31 11:27:07');

-- --------------------------------------------------------

--
-- Table structure for table `tabs_notification`
--

CREATE TABLE `tabs_notification` (
  `tabs_notif_id` int(100) NOT NULL,
  `tabs_notif_type` text NOT NULL,
  `tabs_notif_text` text NOT NULL,
  `tabs_notif_date` datetime NOT NULL
) ENGINE=InnoDB DEFAULT CHARSET=latin1 ROW_FORMAT=COMPACT;

--
-- Dumping data for table `tabs_notification`
--

INSERT INTO `tabs_notification` (`tabs_notif_id`, `tabs_notif_type`, `tabs_notif_text`, `tabs_notif_date`) VALUES
(1, 'auth', 'Login - dev', '2023-05-30 11:12:59'),
(2, 'auth', 'Login - dev', '2023-05-30 11:18:19'),
(3, 'attempt', 'Login Attempt - judge1', '2023-05-30 11:41:42'),
(4, 'attempt', 'Login Attempt - judge1', '2023-05-30 11:44:43'),
(5, 'attempt', 'Login Attempt - judge1', '2023-05-30 11:44:50'),
(6, 'auth', 'Login - judge1', '2023-05-30 11:45:22'),
(7, 'auth', 'Logout - ', '2023-05-30 11:47:31'),
(8, 'attempt', 'Login Attempt - judge1', '2023-05-30 11:47:37'),
(9, 'auth', 'Login - judge1', '2023-05-30 11:48:01'),
(10, 'auth', 'Login - Judge1', '2023-05-30 12:35:21'),
(11, 'attempt', 'Login Attempt - judge1', '2023-05-30 13:08:38'),
(12, 'attempt', 'Login Attempt - judge1', '2023-05-30 13:08:43'),
(13, 'auth', 'Login - judge1', '2023-05-30 13:08:58'),
(14, 'auth', 'Logout - judge1', '2023-05-30 13:10:23'),
(15, 'auth', 'Logout - judge1', '2023-05-30 13:10:24'),
(16, 'auth', 'Login - judge2', '2023-05-30 13:10:31'),
(17, 'auth', 'Login - judge1', '2023-05-30 13:10:36'),
(18, 'attempt', 'Login Attempt - judge2', '2023-05-30 13:11:53'),
(19, 'auth', 'Login - judge2', '2023-05-30 13:11:57'),
(20, 'attempt', 'Login Attempt - judge1', '2023-05-30 13:37:48'),
(21, 'attempt', 'Login Attempt - judge1', '2023-05-30 13:37:51'),
(22, 'auth', 'Login - judge1', '2023-05-30 13:37:59'),
(23, 'auth', 'Logout - judge1', '2023-05-30 13:38:24'),
(24, 'auth', 'Login - judge2', '2023-05-30 13:38:34'),
(25, 'auth', 'Logout - judge2', '2023-05-30 14:06:27'),
(26, 'auth', 'Login - dev', '2023-05-30 14:06:33'),
(27, 'auth', 'Logout - dev', '2023-05-30 14:21:06'),
(28, 'auth', 'Login - judge1', '2023-05-30 14:21:15'),
(29, 'auth', 'Logout - judge1', '2023-05-30 14:31:03'),
(30, 'auth', 'Login - dev', '2023-05-30 14:31:07'),
(31, 'auth', 'Logout - dev', '2023-05-30 14:33:12'),
(32, 'auth', 'Login - dev', '2023-05-30 14:33:16'),
(33, 'auth', 'Logout - dev', '2023-05-30 14:33:21'),
(34, 'auth', 'Login - judge1', '2023-05-30 14:33:52'),
(35, 'attempt', 'Login Attempt - Judge 1', '2023-05-30 14:36:01'),
(36, 'attempt', 'Login Attempt - Judge 1', '2023-05-30 14:36:29'),
(37, 'auth', 'Login - Judge1', '2023-05-30 14:36:45'),
(38, 'attempt', 'Login Attempt - Judge4', '2023-05-30 14:38:19'),
(39, 'attempt', 'Login Attempt - Judge3', '2023-05-30 14:38:24'),
(40, 'attempt', 'Login Attempt - judge5', '2023-05-30 14:38:28'),
(41, 'auth', 'Login - Judge3', '2023-05-30 14:38:31'),
(42, 'auth', 'Login - judge5', '2023-05-30 14:38:36'),
(43, 'auth', 'Login - Judge4', '2023-05-30 14:38:41'),
(44, 'auth', 'Logout - judge3', '2023-05-30 14:38:46'),
(45, 'auth', 'Login - Judge3', '2023-05-30 14:38:53'),
(46, 'auth', 'Logout - judge3', '2023-05-30 14:38:55'),
(47, 'auth', 'Login - Judge3', '2023-05-30 14:39:06'),
(48, 'auth', 'Login - Judge2', '2023-05-30 14:39:28'),
(49, 'auth', 'Login - Judge3', '2023-05-30 14:42:11'),
(50, 'auth', 'Login - dev', '2023-05-30 14:43:34'),
(51, 'auth', 'Login - Judge3', '2023-05-30 14:46:59'),
(52, 'auth', 'Logout - judge5', '2023-05-30 14:47:46'),
(53, 'auth', 'Login - Judge3', '2023-05-30 14:47:59'),
(54, 'auth', 'Logout - judge3', '2023-05-30 14:48:48'),
(55, 'auth', 'Login - dev', '2023-05-30 14:49:40'),
(56, 'auth', 'Logout - dev', '2023-05-30 14:55:17'),
(57, 'auth', 'Logout - dev', '2023-05-30 14:55:21'),
(58, 'auth', 'Login - judge2', '2023-05-30 14:55:29'),
(59, 'attempt', 'Login Attempt - judge4', '2023-05-30 14:55:41'),
(60, 'auth', 'Login - Judge4', '2023-05-30 14:55:58'),
(61, 'auth', 'Logout - judge4', '2023-05-30 15:07:57'),
(62, 'auth', 'Login - dev', '2023-05-30 15:08:03'),
(63, 'auth', 'Login - Judge2', '2023-05-30 15:17:10'),
(64, 'auth', 'Login - Judge4', '2023-05-30 15:17:29'),
(65, 'auth', 'Login - Judge3', '2023-05-30 15:17:33'),
(66, 'attempt', 'Login Attempt - Judge5', '2023-05-30 15:18:43'),
(67, 'auth', 'Login - Judge3', '2023-05-30 15:18:58'),
(68, 'auth', 'Login - Judge5', '2023-05-30 15:19:09'),
(69, 'auth', 'Logout - judge4', '2023-05-30 15:19:14'),
(70, 'auth', 'Login - Judge3', '2023-05-30 15:19:31'),
(71, 'auth', 'Login - Judge3', '2023-05-30 15:22:41'),
(72, 'auth', 'Login - Judge3', '2023-05-30 15:34:01'),
(73, 'auth', 'Logout - judge3', '2023-05-30 15:36:18'),
(74, 'auth', 'Login - Judge4', '2023-05-30 15:36:21'),
(75, 'auth', 'Logout - judge1', '2023-05-30 16:35:20'),
(76, 'auth', 'Logout - judge1', '2023-05-30 16:35:26'),
(77, 'auth', 'Login - dev', '2023-05-30 16:35:38'),
(78, 'auth', 'Logout - dev', '2023-05-30 16:36:32'),
(79, 'auth', 'Login - judge1', '2023-05-30 16:37:41'),
(80, 'auth', 'Logout - judge1', '2023-05-30 16:39:08'),
(81, 'auth', 'Login - dev', '2023-05-30 16:39:15'),
(82, 'auth', 'Login - dev', '2023-05-30 18:07:36'),
(83, 'auth', 'Login - Judge3', '2023-05-30 18:07:39'),
(84, 'auth', 'Logout - dev', '2023-05-30 18:08:21'),
(85, 'auth', 'Login - dev', '2023-05-30 18:09:21'),
(86, 'auth', 'Login - Judge1', '2023-05-30 18:11:44'),
(87, 'auth', 'Logout - judge1', '2023-05-30 18:25:11'),
(88, 'attempt', 'Login Attempt - judge', '2023-05-30 18:31:23'),
(89, 'auth', 'Login - judge1', '2023-05-30 18:31:28'),
(90, 'auth', 'Logout - dev', '2023-05-30 18:31:31'),
(91, 'auth', 'Login - judge2', '2023-05-30 18:31:57'),
(92, 'auth', 'Login - dev', '2023-05-30 18:39:14'),
(93, 'auth', 'Login - judge1', '2023-05-30 19:34:51'),
(94, 'auth', 'Login - judge4', '2023-05-30 19:37:17'),
(95, 'auth', 'Login - Judge4', '2023-05-30 19:37:19'),
(96, 'auth', 'Logout - judge4', '2023-05-30 19:37:50'),
(97, 'auth', 'Login - Judge5', '2023-05-30 19:38:00'),
(98, 'auth', 'Logout - judge2', '2023-05-30 19:44:14'),
(99, 'auth', 'Logout - judge2', '2023-05-30 19:44:17'),
(100, 'auth', 'Login - dev', '2023-05-30 19:44:22'),
(101, 'auth', 'Login - Judge3', '2023-05-30 19:45:16'),
(102, 'auth', 'Login - judge2', '2023-05-30 19:45:23'),
(103, 'auth', 'Logout - dev', '2023-05-30 19:45:24'),
(104, 'auth', 'Logout - judge3', '2023-05-30 19:47:34'),
(105, 'auth', 'Logout - judge3', '2023-05-30 19:47:39'),
(106, 'auth', 'Login - Judge3', '2023-05-30 19:47:47'),
(107, 'auth', 'Login - judge4', '2023-05-30 19:48:11'),
(108, 'auth', 'Logout - ', '2023-05-30 19:48:34'),
(109, 'auth', 'Login - dev', '2023-05-30 19:48:39'),
(110, 'auth', 'Logout - judge3', '2023-05-30 19:48:41'),
(111, 'auth', 'Logout - ', '2023-05-30 19:48:46'),
(112, 'auth', 'Login - Judge3', '2023-05-30 19:49:11'),
(113, 'auth', 'Logout - judge1', '2023-05-30 19:49:24'),
(114, 'auth', 'Login - Judge1', '2023-05-30 19:50:14'),
(115, 'auth', 'Logout - dev', '2023-05-30 19:54:44'),
(116, 'auth', 'Login - judge3', '2023-05-30 19:54:55'),
(117, 'auth', 'Logout - judge3', '2023-05-30 19:56:09'),
(118, 'attempt', 'Login Attempt - dev', '2023-05-30 19:56:48'),
(119, 'auth', 'Login - dev', '2023-05-30 19:56:53'),
(120, 'auth', 'Login - dev', '2023-05-30 20:00:31'),
(121, 'auth', 'Login - judge2', '2023-05-30 21:12:30'),
(122, 'auth', 'Logout - dev', '2023-05-30 21:34:12'),
(123, 'auth', 'Login - judge1', '2023-05-30 21:34:23'),
(124, 'auth', 'Login - dev', '2023-05-30 21:36:50'),
(125, 'auth', 'Login - judge2', '2023-05-30 22:10:32'),
(126, 'auth', 'Logout - dev', '2023-05-30 22:15:44'),
(127, 'auth', 'Logout - dev', '2023-05-30 22:15:49'),
(128, 'auth', 'Login - judge3', '2023-05-30 22:15:59'),
(129, 'auth', 'Logout - judge3', '2023-05-30 22:16:33'),
(130, 'auth', 'Login - dev', '2023-05-30 22:16:45'),
(131, 'auth', 'Logout - judge1', '2023-05-30 22:30:34'),
(132, 'auth', 'Login - judge3', '2023-05-30 22:30:53'),
(133, 'auth', 'Login - dev', '2023-07-02 10:42:12'),
(134, 'auth', 'Login - judge1', '2023-07-02 13:16:58'),
(135, 'auth', 'Login - dev', '2023-07-02 13:18:23'),
(136, 'auth', 'Login - judge2', '2023-07-02 13:25:02'),
(137, 'auth', 'Logout - judge2', '2023-07-02 13:30:49'),
(138, 'auth', 'Login - dev', '2023-07-02 13:30:59'),
(139, 'auth', 'Logout - dev', '2023-07-02 13:39:25'),
(140, 'auth', 'Login - judge2', '2023-07-02 13:39:37'),
(141, 'auth', 'Logout - judge2', '2023-07-02 13:41:51'),
(142, 'auth', 'Login - dev', '2023-07-02 13:41:59'),
(143, 'auth', 'Logout - dev', '2023-07-02 13:51:32'),
(144, 'auth', 'Login - judge2', '2023-07-02 13:51:42'),
(145, 'auth', 'Login - judge5', '2023-07-02 14:07:19'),
(146, 'auth', 'Login - judge4', '2023-07-02 14:07:22'),
(147, 'auth', 'Login - judge3', '2023-07-02 14:07:23'),
(148, 'auth', 'Login - judge1', '2023-07-02 14:07:24'),
(149, 'attempt', 'Login Attempt - judge2', '2023-07-02 14:07:28'),
(150, 'auth', 'Login - judge2', '2023-07-02 14:07:38'),
(151, 'auth', 'Login - judge5', '2023-07-02 16:33:51'),
(152, 'attempt', 'Login Attempt - judge1', '2023-07-02 16:34:33'),
(153, 'attempt', 'Login Attempt - judge3', '2023-07-02 16:34:40'),
(154, 'auth', 'Logout - judge5', '2023-07-02 16:34:53'),
(155, 'auth', 'Login - judge3', '2023-07-02 16:35:12'),
(156, 'auth', 'Login - judge5', '2023-07-02 16:35:35'),
(157, 'auth', 'Login - judge1', '2023-07-02 16:35:40'),
(158, 'auth', 'Login - judge1', '2023-07-02 16:36:05'),
(159, 'auth', 'Logout - judge1', '2023-07-02 16:36:41'),
(160, 'auth', 'Login - judge5', '2023-07-02 16:37:50'),
(161, 'auth', 'Logout - judge5', '2023-07-02 16:37:53'),
(162, 'attempt', 'Login Attempt - judge1', '2023-07-02 16:38:44'),
(163, 'attempt', 'Login Attempt - judge1', '2023-07-02 16:38:53'),
(164, 'auth', 'Login - judge1', '2023-07-02 16:39:02'),
(165, 'auth', 'Logout - judge1', '2023-07-02 16:41:36'),
(166, 'auth', 'Logout - judge1', '2023-07-02 16:41:44'),
(167, 'auth', 'Login - judge5', '2023-07-02 16:45:12'),
(168, 'auth', 'Logout - judge5', '2023-07-02 16:45:16'),
(169, 'auth', 'Login - judge4', '2023-07-02 16:45:29'),
(170, 'auth', 'Logout - judge3', '2023-07-02 16:47:04'),
(171, 'auth', 'Logout - judge4', '2023-07-02 16:47:14'),
(172, 'auth', 'Logout - judge5', '2023-07-02 16:47:22'),
(173, 'auth', 'Login - judge4', '2023-07-02 18:54:24'),
(174, 'attempt', 'Login Attempt - jugde5', '2023-07-02 18:55:08'),
(175, 'attempt', 'Login Attempt - judge1', '2023-07-02 18:55:15'),
(176, 'attempt', 'Login Attempt - judge23', '2023-07-02 18:55:22'),
(177, 'attempt', 'Login Attempt - judge5', '2023-07-02 18:55:23'),
(178, 'attempt', 'Login Attempt - judge1', '2023-07-02 18:55:23'),
(179, 'auth', 'Login - judge3', '2023-07-02 18:55:34'),
(180, 'auth', 'Login - judge5', '2023-07-02 18:55:36'),
(181, 'auth', 'Login - judge1', '2023-07-02 18:55:46'),
(182, 'auth', 'Login - judge1', '2023-07-02 18:56:16'),
(183, 'auth', 'Logout - judge1', '2023-07-02 20:35:37'),
(184, 'auth', 'Logout - judge1', '2023-07-02 20:35:41'),
(185, 'auth', 'Login - judge1', '2023-07-02 20:35:52'),
(186, 'attempt', 'Login Attempt - judge2', '2023-07-02 20:35:55'),
(187, 'attempt', 'Login Attempt - judge2', '2023-07-02 20:36:03'),
(188, 'auth', 'Login - judge2', '2023-07-02 20:36:12'),
(189, 'auth', 'Login - judge1', '2023-07-02 20:42:32'),
(190, 'auth', 'Login - JUDGE1', '2023-07-02 22:13:29'),
(191, 'auth', 'Login - JUDGE1', '2023-07-02 22:31:55');

-- --------------------------------------------------------

--
-- Table structure for table `tabs_results`
--

CREATE TABLE `tabs_results` (
  `tabs_result_id` int(11) NOT NULL,
  `tabs_event_id` int(11) NOT NULL,
  `tabs_cat_id` int(11) NOT NULL,
  `tabs_cri_id` int(11) NOT NULL,
  `tabs_user_id` int(11) NOT NULL,
  `tabs_can_id` int(11) NOT NULL,
  `tabs_result_score` double NOT NULL,
  `tabs_result_rank` double NOT NULL,
  `tabs_result_catRank` double NOT NULL,
  `tabs_result_created` datetime NOT NULL,
  `tabs_result_updated` datetime NOT NULL
) ENGINE=InnoDB DEFAULT CHARSET=latin1;

--
-- Dumping data for table `tabs_results`
--

INSERT INTO `tabs_results` (`tabs_result_id`, `tabs_event_id`, `tabs_cat_id`, `tabs_cri_id`, `tabs_user_id`, `tabs_can_id`, `tabs_result_score`, `tabs_result_rank`, `tabs_result_catRank`, `tabs_result_created`, `tabs_result_updated`) VALUES
(1100, 6, 10, 8, 38, 34, 9.6, 1, 13, '2023-07-02 20:42:49', '2023-07-02 20:59:42'),
(1101, 6, 10, 8, 41, 34, 6.5, 10.5, 13, '2023-07-02 20:43:21', '2023-07-02 21:00:12'),
(1102, 6, 10, 8, 40, 34, 6, 9.5, 13, '2023-07-02 20:43:23', '2023-07-02 20:59:40'),
(1103, 6, 10, 8, 42, 34, 7, 18.5, 13, '2023-07-02 20:43:25', '2023-07-02 20:59:08'),
(1104, 6, 10, 8, 38, 35, 8.3, 8.5, 11, '2023-07-02 20:43:41', '2023-07-02 20:59:42'),
(1105, 6, 10, 8, 40, 35, 8, 3.5, 11, '2023-07-02 20:43:57', '2023-07-02 20:59:40'),
(1106, 6, 10, 8, 41, 35, 5.5, 18.5, 11, '2023-07-02 20:44:10', '2023-07-02 21:00:12'),
(1107, 6, 10, 8, 42, 35, 8.5, 6.5, 11, '2023-07-02 20:44:13', '2023-07-02 20:59:08'),
(1108, 6, 10, 8, 38, 36, 9.3, 2, 12, '2023-07-02 20:44:29', '2023-07-02 20:59:43'),
(1109, 6, 10, 8, 40, 36, 5, 14.5, 12, '2023-07-02 20:44:38', '2023-07-02 20:59:40'),
(1110, 6, 10, 8, 41, 36, 7.5, 1, 12, '2023-07-02 20:44:57', '2023-07-02 21:00:12'),
(1111, 6, 10, 8, 42, 36, 6, 20, 12, '2023-07-02 20:45:08', '2023-07-02 20:59:08'),
(1112, 6, 10, 8, 40, 37, 9, 1.5, 7, '2023-07-02 20:45:14', '2023-07-02 20:59:40'),
(1113, 6, 10, 8, 41, 37, 6.3, 14, 7, '2023-07-02 20:45:26', '2023-07-02 21:00:12'),
(1114, 6, 10, 8, 38, 37, 9, 3, 7, '2023-07-02 20:45:38', '2023-07-02 20:59:43'),
(1115, 6, 10, 8, 42, 37, 8, 12.5, 7, '2023-07-02 20:45:49', '2023-07-02 20:59:08'),
(1116, 6, 10, 8, 38, 38, 7.5, 13.5, 15.5, '2023-07-02 20:46:09', '2023-07-02 20:59:43'),
(1117, 6, 10, 8, 41, 38, 6.4, 13, 15.5, '2023-07-02 20:46:09', '2023-07-02 21:00:12'),
(1118, 6, 10, 8, 40, 38, 8, 3.5, 15.5, '2023-07-02 20:46:25', '2023-07-02 20:59:40'),
(1119, 6, 10, 8, 42, 38, 7.5, 15.5, 15.5, '2023-07-02 20:46:33', '2023-07-02 20:59:08'),
(1120, 6, 10, 8, 38, 39, 7, 17.5, 19, '2023-07-02 20:46:55', '2023-07-02 20:59:43'),
(1121, 6, 10, 8, 40, 39, 5, 14.5, 19, '2023-07-02 20:46:59', '2023-07-02 20:59:40'),
(1122, 6, 10, 8, 41, 39, 6.5, 10.5, 19, '2023-07-02 20:47:18', '2023-07-02 21:00:12'),
(1123, 6, 10, 8, 42, 39, 7.8, 14, 19, '2023-07-02 20:47:21', '2023-07-02 20:59:08'),
(1124, 6, 10, 8, 38, 40, 8.9, 4, 2, '2023-07-02 20:47:42', '2023-07-02 20:59:43'),
(1125, 6, 10, 8, 40, 40, 9, 1.5, 2, '2023-07-02 20:48:01', '2023-07-02 20:59:40'),
(1126, 6, 10, 8, 41, 40, 7, 3, 2, '2023-07-02 20:48:06', '2023-07-02 21:00:12'),
(1127, 6, 10, 8, 42, 40, 9.5, 1, 2, '2023-07-02 20:48:11', '2023-07-02 20:59:08'),
(1128, 6, 10, 8, 38, 41, 7.2, 16, 20, '2023-07-02 20:48:24', '2023-07-02 20:59:43'),
(1129, 6, 10, 8, 40, 41, 5, 14.5, 20, '2023-07-02 20:48:46', '2023-07-02 20:59:40'),
(1130, 6, 10, 8, 41, 41, 5.5, 18.5, 20, '2023-07-02 20:48:53', '2023-07-02 21:00:12'),
(1131, 6, 10, 8, 42, 41, 7, 18.5, 20, '2023-07-02 20:48:58', '2023-07-02 20:59:08'),
(1132, 6, 10, 8, 38, 42, 7, 17.5, 8, '2023-07-02 20:49:17', '2023-07-02 20:59:43'),
(1133, 6, 10, 8, 40, 42, 6, 9.5, 8, '2023-07-02 20:49:44', '2023-07-02 20:59:40'),
(1134, 6, 10, 8, 42, 42, 8.5, 6.5, 8, '2023-07-02 20:49:47', '2023-07-02 20:59:08'),
(1135, 6, 10, 8, 41, 42, 6.6, 8.5, 8, '2023-07-02 20:49:49', '2023-07-02 21:00:12'),
(1136, 6, 10, 8, 42, 43, 9, 3.5, 5, '2023-07-02 20:50:17', '2023-07-02 20:59:08'),
(1137, 6, 10, 8, 38, 43, 7.6, 11.5, 5, '2023-07-02 20:50:20', '2023-07-02 20:59:43'),
(1138, 6, 10, 8, 40, 43, 5, 14.5, 5, '2023-07-02 20:50:38', '2023-07-02 20:59:41'),
(1139, 6, 10, 8, 41, 43, 6.6, 8.5, 5, '2023-07-02 20:50:40', '2023-07-02 21:00:12'),
(1140, 6, 10, 8, 42, 44, 7.5, 15.5, 15.5, '2023-07-02 20:50:48', '2023-07-02 20:59:08'),
(1141, 6, 10, 8, 40, 44, 6, 9.5, 15.5, '2023-07-02 20:50:55', '2023-07-02 20:59:41'),
(1142, 6, 10, 8, 41, 44, 5.6, 17, 15.5, '2023-07-02 20:50:59', '2023-07-02 21:00:12'),
(1143, 6, 10, 8, 38, 44, 8.5, 6.5, 15.5, '2023-07-02 20:51:22', '2023-07-02 20:59:43'),
(1144, 6, 10, 8, 40, 45, 5, 14.5, 4, '2023-07-02 20:51:25', '2023-07-02 20:59:41'),
(1145, 6, 10, 8, 42, 45, 8.5, 6.5, 4, '2023-07-02 20:51:30', '2023-07-02 20:59:08'),
(1146, 6, 10, 8, 41, 45, 6.9, 4, 4, '2023-07-02 20:51:31', '2023-07-02 21:00:12'),
(1147, 6, 10, 8, 40, 46, 6, 9.5, 14, '2023-07-02 20:51:51', '2023-07-02 20:59:41'),
(1148, 6, 10, 8, 42, 46, 8.3, 9.5, 14, '2023-07-02 20:52:05', '2023-07-02 20:59:08'),
(1149, 6, 10, 8, 41, 46, 6.8, 5, 14, '2023-07-02 20:52:06', '2023-07-02 21:00:12'),
(1150, 6, 10, 8, 38, 45, 7.5, 13.5, 4, '2023-07-02 20:52:53', '2023-07-02 20:59:43'),
(1151, 6, 10, 8, 40, 47, 7, 5.5, 6, '2023-07-02 20:52:55', '2023-07-02 20:59:41'),
(1152, 6, 10, 8, 42, 47, 8.6, 5, 6, '2023-07-02 20:53:07', '2023-07-02 20:59:08'),
(1153, 6, 10, 8, 41, 47, 6.7, 6.5, 6, '2023-07-02 20:53:14', '2023-07-02 21:00:12'),
(1154, 6, 10, 8, 38, 48, 8, 10, 17.5, '2023-07-02 20:53:21', '2023-07-02 20:59:43'),
(1155, 6, 10, 8, 38, 47, 7, 17.5, 6, '2023-07-02 20:53:37', '2023-07-02 20:59:43'),
(1156, 6, 10, 8, 40, 48, 5, 14.5, 17.5, '2023-07-02 20:53:39', '2023-07-02 20:59:41'),
(1157, 6, 10, 8, 42, 48, 8, 12.5, 17.5, '2023-07-02 20:53:44', '2023-07-02 20:59:08'),
(1158, 6, 10, 8, 38, 46, 7, 17.5, 14, '2023-07-02 20:53:44', '2023-07-02 20:59:43'),
(1159, 6, 10, 8, 41, 48, 5.5, 18.5, 17.5, '2023-07-02 20:53:48', '2023-07-02 21:00:12'),
(1160, 6, 10, 8, 38, 49, 8.3, 8.5, 3, '2023-07-02 20:54:00', '2023-07-02 20:59:43'),
(1161, 6, 10, 8, 42, 49, 9, 3.5, 3, '2023-07-02 20:54:29', '2023-07-02 20:59:08'),
(1162, 6, 10, 8, 40, 49, 7, 5.5, 3, '2023-07-02 20:54:35', '2023-07-02 20:59:41'),
(1163, 6, 10, 8, 41, 49, 6.5, 10.5, 3, '2023-07-02 20:54:41', '2023-07-02 21:00:12'),
(1164, 6, 10, 8, 38, 50, 7.6, 11.5, 9, '2023-07-02 20:54:59', '2023-07-02 20:59:43'),
(1165, 6, 10, 8, 40, 50, 6, 9.5, 9, '2023-07-02 20:55:41', '2023-07-02 20:59:41'),
(1166, 6, 10, 8, 41, 50, 6.7, 6.5, 9, '2023-07-02 20:55:47', '2023-07-02 21:00:12'),
(1167, 6, 10, 8, 42, 50, 8.3, 9.5, 9, '2023-07-02 20:55:47', '2023-07-02 20:59:08'),
(1168, 6, 10, 8, 38, 51, 7.3, 15, 17.5, '2023-07-02 20:56:11', '2023-07-02 20:59:43'),
(1169, 6, 10, 8, 40, 51, 5, 14.5, 17.5, '2023-07-02 20:56:36', '2023-07-02 20:59:41'),
(1170, 6, 10, 8, 42, 51, 7.4, 17, 17.5, '2023-07-02 20:56:46', '2023-07-02 20:59:08'),
(1171, 6, 10, 8, 41, 51, 6.1, 15, 17.5, '2023-07-02 20:56:52', '2023-07-02 21:00:12'),
(1172, 6, 10, 8, 38, 52, 8.5, 6.5, 1, '2023-07-02 20:57:33', '2023-07-02 20:59:43'),
(1173, 6, 10, 8, 41, 52, 7.4, 2, 1, '2023-07-02 20:57:46', '2023-07-02 21:00:12'),
(1174, 6, 10, 8, 42, 52, 9.4, 2, 1, '2023-07-02 20:57:46', '2023-07-02 20:59:08'),
(1175, 6, 10, 8, 40, 52, 7, 5.5, 1, '2023-07-02 20:57:48', '2023-07-02 20:59:41'),
(1176, 6, 10, 8, 38, 53, 8.7, 5, 10, '2023-07-02 20:58:22', '2023-07-02 20:59:43'),
(1177, 6, 10, 8, 40, 53, 7, 5.5, 10, '2023-07-02 20:58:27', '2023-07-02 20:59:41'),
(1178, 6, 10, 8, 41, 53, 5.8, 16, 10, '2023-07-02 20:58:29', '2023-07-02 21:00:12'),
(1179, 6, 10, 8, 42, 53, 8.2, 11, 10, '2023-07-02 20:58:39', '2023-07-02 20:59:08'),
(1180, 6, 10, 8, 39, 34, 5, 12.5, 13, '2023-07-02 20:58:49', '2023-07-02 21:01:00'),
(1181, 6, 10, 8, 39, 35, 5, 12.5, 11, '2023-07-02 20:58:53', '2023-07-02 21:01:00'),
(1182, 6, 10, 8, 39, 36, 5, 12.5, 12, '2023-07-02 20:58:56', '2023-07-02 21:01:00'),
(1183, 6, 10, 8, 39, 37, 5, 12.5, 7, '2023-07-02 20:59:01', '2023-07-02 21:01:00'),
(1184, 6, 10, 8, 39, 38, 6, 9.5, 15.5, '2023-07-02 20:59:10', '2023-07-02 21:01:00'),
(1185, 6, 10, 8, 39, 39, 5, 12.5, 19, '2023-07-02 20:59:25', '2023-07-02 21:01:00'),
(1186, 6, 10, 8, 39, 40, 5, 12.5, 2, '2023-07-02 20:59:32', '2023-07-02 21:01:00'),
(1187, 6, 10, 8, 39, 41, 5, 12.5, 20, '2023-07-02 20:59:37', '2023-07-02 21:01:00'),
(1188, 6, 10, 8, 39, 42, 8, 2.5, 8, '2023-07-02 20:59:50', '2023-07-02 21:01:00'),
(1189, 6, 10, 8, 39, 43, 8, 2.5, 5, '2023-07-02 20:59:55', '2023-07-02 21:01:00'),
(1190, 6, 10, 8, 39, 44, 7, 6.5, 15.5, '2023-07-02 21:00:05', '2023-07-02 21:01:00'),
(1191, 6, 10, 8, 39, 45, 8.5, 1, 4, '2023-07-02 21:00:10', '2023-07-02 21:01:00'),
(1192, 6, 10, 8, 39, 46, 5, 12.5, 14, '2023-07-02 21:00:21', '2023-07-02 21:01:00'),
(1193, 6, 10, 8, 39, 47, 7, 6.5, 6, '2023-07-02 21:00:25', '2023-07-02 21:01:00'),
(1194, 6, 10, 8, 39, 48, 5, 12.5, 17.5, '2023-07-02 21:00:33', '2023-07-02 21:01:00'),
(1195, 6, 10, 8, 39, 49, 8, 2.5, 3, '2023-07-02 21:00:38', '2023-07-02 21:01:00'),
(1196, 6, 10, 8, 39, 50, 6, 9.5, 9, '2023-07-02 21:00:43', '2023-07-02 21:01:00'),
(1197, 6, 10, 8, 39, 51, 7, 6.5, 17.5, '2023-07-02 21:00:49', '2023-07-02 21:01:00'),
(1198, 6, 10, 8, 39, 52, 8, 2.5, 1, '2023-07-02 21:00:54', '2023-07-02 21:01:00'),
(1199, 6, 10, 8, 39, 53, 6, 9.5, 10, '2023-07-02 21:00:58', '2023-07-02 21:01:00'),
(1200, 6, 11, 9, 38, 34, 9.5, 3, 7, '2023-07-02 21:15:48', '2023-07-02 21:37:26'),
(1201, 6, 11, 9, 40, 34, 6, 9.5, 7, '2023-07-02 21:16:19', '2023-07-02 21:37:29'),
(1202, 6, 11, 9, 41, 34, 6.2, 17, 7, '2023-07-02 21:16:22', '2023-07-02 21:39:38'),
(1203, 6, 11, 9, 42, 34, 8.5, 4, 7, '2023-07-02 21:16:31', '2023-07-02 21:37:36'),
(1204, 6, 11, 9, 38, 35, 8.6, 13, 18, '2023-07-02 21:17:07', '2023-07-02 21:37:26'),
(1205, 6, 11, 9, 40, 35, 6, 9.5, 18, '2023-07-02 21:17:37', '2023-07-02 21:37:29'),
(1206, 6, 11, 9, 42, 35, 5.5, 17, 18, '2023-07-02 21:17:40', '2023-07-02 21:37:36'),
(1207, 6, 11, 9, 41, 35, 5.8, 20, 18, '2023-07-02 21:17:52', '2023-07-02 21:39:38'),
(1208, 6, 11, 9, 38, 36, 9.6, 2, 1, '2023-07-02 21:18:40', '2023-07-02 21:37:26'),
(1209, 6, 11, 9, 40, 36, 7, 6.5, 1, '2023-07-02 21:18:51', '2023-07-02 21:37:29'),
(1210, 6, 11, 9, 42, 36, 9.5, 2, 1, '2023-07-02 21:18:52', '2023-07-02 21:37:36'),
(1211, 6, 11, 9, 41, 36, 9, 1, 1, '2023-07-02 21:19:09', '2023-07-02 21:39:38'),
(1212, 6, 11, 9, 38, 37, 9.7, 1, 8.5, '2023-07-02 21:19:24', '2023-07-02 21:37:26'),
(1213, 6, 11, 9, 40, 37, 9, 1.5, 8.5, '2023-07-02 21:20:00', '2023-07-02 21:37:29'),
(1214, 6, 11, 9, 41, 37, 6.8, 10, 8.5, '2023-07-02 21:20:06', '2023-07-02 21:39:38'),
(1215, 6, 11, 9, 42, 37, 5, 19.5, 8.5, '2023-07-02 21:20:06', '2023-07-02 21:37:36'),
(1216, 6, 11, 9, 38, 38, 9.1, 5, 8.5, '2023-07-02 21:20:59', '2023-07-02 21:37:26'),
(1217, 6, 11, 9, 42, 38, 5.6, 16, 8.5, '2023-07-02 21:21:14', '2023-07-02 21:37:36'),
(1218, 6, 11, 9, 40, 38, 8, 4, 8.5, '2023-07-02 21:21:14', '2023-07-02 21:37:29'),
(1219, 6, 11, 9, 41, 38, 6.5, 12, 8.5, '2023-07-02 21:21:15', '2023-07-02 21:39:38'),
(1220, 6, 11, 9, 38, 39, 8, 20, 19, '2023-07-02 21:21:37', '2023-07-02 21:37:26'),
(1221, 6, 11, 9, 40, 39, 5, 16.5, 19, '2023-07-02 21:22:42', '2023-07-02 21:37:29'),
(1222, 6, 11, 9, 42, 39, 5.7, 14.5, 19, '2023-07-02 21:22:43', '2023-07-02 21:37:36'),
(1223, 6, 11, 9, 41, 39, 6.3, 15.5, 19, '2023-07-02 21:22:52', '2023-07-02 21:39:38'),
(1224, 6, 11, 9, 38, 40, 8.9, 7, 2, '2023-07-02 21:23:36', '2023-07-02 21:37:26'),
(1225, 6, 11, 9, 40, 40, 9, 1.5, 2, '2023-07-02 21:23:55', '2023-07-02 21:37:29'),
(1226, 6, 11, 9, 41, 40, 7.4, 6, 2, '2023-07-02 21:24:00', '2023-07-02 21:39:38'),
(1227, 6, 11, 9, 42, 40, 9.8, 1, 2, '2023-07-02 21:24:06', '2023-07-02 21:37:36'),
(1228, 6, 11, 9, 38, 41, 8.3, 16.5, 15, '2023-07-02 21:24:35', '2023-07-02 21:37:26'),
(1229, 6, 11, 9, 40, 41, 6, 9.5, 15, '2023-07-02 21:24:47', '2023-07-02 21:37:29'),
(1230, 6, 11, 9, 41, 41, 6.4, 13.5, 15, '2023-07-02 21:24:58', '2023-07-02 21:39:38'),
(1231, 6, 11, 9, 42, 41, 5.7, 14.5, 15, '2023-07-02 21:25:08', '2023-07-02 21:37:36'),
(1232, 6, 11, 9, 38, 42, 8.7, 11, 12, '2023-07-02 21:25:36', '2023-07-02 21:37:26'),
(1233, 6, 11, 9, 40, 42, 5, 16.5, 12, '2023-07-02 21:25:49', '2023-07-02 21:37:29'),
(1234, 6, 11, 9, 42, 42, 6, 12.5, 12, '2023-07-02 21:25:51', '2023-07-02 21:37:36'),
(1235, 6, 11, 9, 41, 42, 7.2, 9, 12, '2023-07-02 21:25:58', '2023-07-02 21:39:38'),
(1236, 6, 11, 9, 38, 43, 8.4, 14.5, 8.5, '2023-07-02 21:26:44', '2023-07-02 21:37:26'),
(1237, 6, 11, 9, 40, 43, 7, 6.5, 8.5, '2023-07-02 21:27:11', '2023-07-02 21:37:29'),
(1238, 6, 11, 9, 42, 43, 6.2, 10, 8.5, '2023-07-02 21:27:15', '2023-07-02 21:37:36'),
(1239, 6, 11, 9, 41, 43, 7.3, 7.5, 8.5, '2023-07-02 21:27:23', '2023-07-02 21:39:38'),
(1240, 6, 11, 9, 38, 44, 8.2, 19, 20, '2023-07-02 21:27:44', '2023-07-02 21:37:26'),
(1241, 6, 11, 9, 41, 44, 6, 18.5, 20, '2023-07-02 21:27:56', '2023-07-02 21:39:38'),
(1242, 6, 11, 9, 40, 44, 6, 9.5, 20, '2023-07-02 21:27:59', '2023-07-02 21:37:29'),
(1243, 6, 11, 9, 42, 44, 6.1, 11, 20, '2023-07-02 21:28:11', '2023-07-02 21:37:36'),
(1244, 6, 11, 9, 38, 45, 8.8, 9, 3, '2023-07-02 21:28:36', '2023-07-02 21:37:26'),
(1245, 6, 11, 9, 41, 45, 8.1, 3, 3, '2023-07-02 21:28:49', '2023-07-02 21:39:38'),
(1246, 6, 11, 9, 42, 45, 7, 7.5, 3, '2023-07-02 21:28:53', '2023-07-02 21:37:36'),
(1247, 6, 11, 9, 40, 45, 6, 9.5, 3, '2023-07-02 21:29:03', '2023-07-02 21:37:29'),
(1248, 6, 11, 9, 38, 46, 9, 6, 6, '2023-07-02 21:29:47', '2023-07-02 21:37:26'),
(1249, 6, 11, 9, 40, 46, 6, 9.5, 6, '2023-07-02 21:29:49', '2023-07-02 21:37:29'),
(1250, 6, 11, 9, 42, 46, 8, 5, 6, '2023-07-02 21:29:53', '2023-07-02 21:37:36'),
(1251, 6, 11, 9, 41, 46, 7.3, 7.5, 6, '2023-07-02 21:30:01', '2023-07-02 21:39:38'),
(1252, 6, 11, 9, 38, 47, 8.25, 18, 13.5, '2023-07-02 21:30:38', '2023-07-02 21:37:26'),
(1253, 6, 11, 9, 40, 47, 7, 6.5, 13.5, '2023-07-02 21:30:52', '2023-07-02 21:37:29'),
(1254, 6, 11, 9, 41, 47, 6.7, 11, 13.5, '2023-07-02 21:30:53', '2023-07-02 21:39:38'),
(1255, 6, 11, 9, 42, 47, 7, 7.5, 13.5, '2023-07-02 21:30:54', '2023-07-02 21:37:36'),
(1256, 6, 11, 9, 38, 48, 8.4, 14.5, 17, '2023-07-02 21:31:36', '2023-07-02 21:37:26'),
(1257, 6, 11, 9, 41, 48, 6, 18.5, 17, '2023-07-02 21:31:45', '2023-07-02 21:39:38'),
(1258, 6, 11, 9, 42, 48, 6.3, 9, 17, '2023-07-02 21:31:48', '2023-07-02 21:37:36'),
(1259, 6, 11, 9, 40, 48, 5, 16.5, 17, '2023-07-02 21:31:50', '2023-07-02 21:37:29'),
(1260, 6, 11, 9, 38, 49, 8.3, 16.5, 4, '2023-07-02 21:32:30', '2023-07-02 21:37:26'),
(1261, 6, 11, 9, 40, 49, 8.5, 3, 4, '2023-07-02 21:32:43', '2023-07-02 21:37:29'),
(1262, 6, 11, 9, 42, 49, 7.2, 6, 4, '2023-07-02 21:32:53', '2023-07-02 21:37:37'),
(1263, 6, 11, 9, 41, 49, 8.3, 2, 4, '2023-07-02 21:33:05', '2023-07-02 21:39:38'),
(1264, 6, 11, 9, 38, 50, 9.15, 4, 11, '2023-07-02 21:33:54', '2023-07-02 21:37:26'),
(1265, 6, 11, 9, 40, 50, 6, 9.5, 11, '2023-07-02 21:33:58', '2023-07-02 21:37:29'),
(1266, 6, 11, 9, 41, 50, 7.7, 4, 11, '2023-07-02 21:34:02', '2023-07-02 21:39:38'),
(1267, 6, 11, 9, 42, 50, 5, 19.5, 11, '2023-07-02 21:34:05', '2023-07-02 21:37:37'),
(1268, 6, 11, 9, 40, 51, 5, 16.5, 16, '2023-07-02 21:34:58', '2023-07-02 21:37:29'),
(1269, 6, 11, 9, 41, 51, 6.4, 13.5, 16, '2023-07-02 21:35:02', '2023-07-02 21:39:38'),
(1270, 6, 11, 9, 38, 51, 8.65, 12, 16, '2023-07-02 21:35:02', '2023-07-02 21:37:26'),
(1271, 6, 11, 9, 42, 51, 6, 12.5, 16, '2023-07-02 21:35:02', '2023-07-02 21:37:37'),
(1272, 6, 11, 9, 38, 52, 8.75, 10, 5, '2023-07-02 21:36:04', '2023-07-02 21:37:26'),
(1273, 6, 11, 9, 40, 52, 7.5, 5, 5, '2023-07-02 21:36:12', '2023-07-02 21:37:29'),
(1274, 6, 11, 9, 42, 52, 9, 3, 5, '2023-07-02 21:36:15', '2023-07-02 21:37:37'),
(1275, 6, 11, 9, 41, 52, 7.6, 5, 5, '2023-07-02 21:36:16', '2023-07-02 21:39:38'),
(1276, 6, 11, 9, 40, 53, 5, 16.5, 13.5, '2023-07-02 21:36:58', '2023-07-02 21:37:29'),
(1277, 6, 11, 9, 38, 53, 8.81, 8, 13.5, '2023-07-02 21:37:06', '2023-07-02 21:37:26'),
(1278, 6, 11, 9, 39, 53, 8, 4.5, 13.5, '2023-07-02 21:37:06', '2023-07-02 21:39:30'),
(1279, 6, 11, 9, 39, 52, 7, 9.5, 5, '2023-07-02 21:37:12', '2023-07-02 21:39:30'),
(1280, 6, 11, 9, 41, 53, 6.3, 15.5, 13.5, '2023-07-02 21:37:12', '2023-07-02 21:39:38'),
(1281, 6, 11, 9, 42, 53, 5.2, 18, 13.5, '2023-07-02 21:37:14', '2023-07-02 21:37:37'),
(1282, 6, 11, 9, 39, 51, 7, 9.5, 16, '2023-07-02 21:37:17', '2023-07-02 21:39:30'),
(1283, 6, 11, 9, 39, 50, 7, 9.5, 11, '2023-07-02 21:37:21', '2023-07-02 21:39:30'),
(1284, 6, 11, 9, 39, 49, 8, 4.5, 4, '2023-07-02 21:37:28', '2023-07-02 21:39:30'),
(1285, 6, 11, 9, 39, 48, 7, 9.5, 17, '2023-07-02 21:37:34', '2023-07-02 21:39:30'),
(1286, 6, 11, 9, 39, 47, 6, 19.5, 13.5, '2023-07-02 21:37:40', '2023-07-02 21:39:30'),
(1287, 6, 11, 9, 39, 46, 7, 9.5, 6, '2023-07-02 21:37:48', '2023-07-02 21:39:30'),
(1288, 6, 11, 9, 39, 45, 9.5, 1.5, 3, '2023-07-02 21:37:53', '2023-07-02 21:39:30'),
(1289, 6, 11, 9, 39, 44, 6, 19.5, 20, '2023-07-02 21:38:00', '2023-07-02 21:39:30'),
(1290, 6, 11, 9, 39, 43, 9, 3, 8.5, '2023-07-02 21:38:10', '2023-07-02 21:39:30'),
(1291, 6, 11, 9, 39, 42, 7, 9.5, 12, '2023-07-02 21:38:15', '2023-07-02 21:39:30'),
(1292, 6, 11, 9, 39, 41, 7, 9.5, 15, '2023-07-02 21:38:20', '2023-07-02 21:39:30'),
(1293, 6, 11, 9, 39, 40, 8, 4.5, 2, '2023-07-02 21:38:29', '2023-07-02 21:39:30'),
(1294, 6, 11, 9, 39, 39, 7, 9.5, 19, '2023-07-02 21:38:33', '2023-07-02 21:39:30'),
(1295, 6, 11, 9, 39, 38, 8, 4.5, 8.5, '2023-07-02 21:38:37', '2023-07-02 21:39:30'),
(1296, 6, 11, 9, 39, 37, 7, 9.5, 8.5, '2023-07-02 21:38:49', '2023-07-02 21:39:30'),
(1297, 6, 11, 9, 39, 36, 9.5, 1.5, 1, '2023-07-02 21:39:08', '2023-07-02 21:39:30'),
(1298, 6, 11, 9, 39, 35, 7, 9.5, 18, '2023-07-02 21:39:14', '2023-07-02 21:39:30'),
(1299, 6, 11, 9, 39, 34, 8, 4.5, 7, '2023-07-02 21:39:19', '2023-07-02 21:39:30'),
(1300, 6, 14, 12, 40, 34, 5, 19.5, 20, '2023-07-02 21:43:10', '2023-07-02 22:04:55'),
(1301, 6, 14, 12, 42, 34, 5, 20, 20, '2023-07-02 21:43:30', '2023-07-02 22:05:01'),
(1302, 6, 14, 12, 40, 35, 9, 1.5, 15, '2023-07-02 21:43:31', '2023-07-02 22:04:55'),
(1303, 6, 14, 12, 41, 34, 5, 20, 20, '2023-07-02 21:43:33', '2023-07-02 22:05:26'),
(1304, 6, 14, 12, 42, 35, 5.5, 19, 15, '2023-07-02 21:43:41', '2023-07-02 22:05:01'),
(1305, 6, 14, 12, 41, 35, 5.4, 18, 15, '2023-07-02 21:43:45', '2023-07-02 22:05:26'),
(1306, 6, 14, 12, 40, 37, 7.5, 6.5, 8, '2023-07-02 21:44:15', '2023-07-02 22:04:55'),
(1307, 6, 14, 12, 41, 37, 6.2, 9.5, 8, '2023-07-02 21:44:17', '2023-07-02 22:05:26'),
(1308, 6, 14, 12, 42, 36, 9, 3.5, 5, '2023-07-02 21:44:21', '2023-07-02 22:05:01'),
(1309, 6, 14, 12, 42, 37, 8, 8.5, 8, '2023-07-02 21:44:51', '2023-07-02 22:05:01'),
(1310, 6, 14, 12, 41, 38, 6.2, 9.5, 6, '2023-07-02 21:44:56', '2023-07-02 22:05:26'),
(1311, 6, 14, 12, 40, 38, 8.5, 3.5, 6, '2023-07-02 21:44:57', '2023-07-02 22:04:55'),
(1312, 6, 14, 12, 42, 38, 8.5, 5.5, 6, '2023-07-02 21:44:59', '2023-07-02 22:05:01'),
(1313, 6, 14, 12, 38, 34, 9, 11.5, 20, '2023-07-02 21:45:46', '2023-07-02 22:05:39'),
(1314, 6, 14, 12, 40, 36, 7, 10.5, 5, '2023-07-02 21:45:49', '2023-07-02 22:04:55'),
(1315, 6, 14, 12, 41, 36, 8.3, 1, 5, '2023-07-02 21:45:54', '2023-07-02 22:05:26'),
(1316, 6, 14, 12, 38, 35, 8.7, 13.5, 15, '2023-07-02 21:45:55', '2023-07-02 22:05:39'),
(1317, 6, 14, 12, 38, 36, 10, 1.5, 5, '2023-07-02 21:46:05', '2023-07-02 22:05:39'),
(1318, 6, 14, 12, 38, 37, 9.8, 5, 8, '2023-07-02 21:46:12', '2023-07-02 22:05:39'),
(1319, 6, 14, 12, 38, 38, 9.9, 4, 6, '2023-07-02 21:46:23', '2023-07-02 22:05:39'),
(1320, 6, 14, 12, 40, 40, 9, 1.5, 4, '2023-07-02 21:48:46', '2023-07-02 22:04:55'),
(1321, 6, 14, 12, 41, 40, 7.5, 2, 4, '2023-07-02 21:48:48', '2023-07-02 22:05:26'),
(1322, 6, 14, 12, 42, 40, 8, 8.5, 4, '2023-07-02 21:48:55', '2023-07-02 22:05:01'),
(1323, 6, 14, 12, 40, 39, 7, 10.5, 18, '2023-07-02 21:49:39', '2023-07-02 22:04:55'),
(1324, 6, 14, 12, 41, 39, 5.2, 19, 18, '2023-07-02 21:49:39', '2023-07-02 22:05:26'),
(1325, 6, 14, 12, 42, 39, 6, 18, 18, '2023-07-02 21:49:44', '2023-07-02 22:05:01'),
(1326, 6, 14, 12, 41, 42, 6.1, 11.5, 7, '2023-07-02 21:50:19', '2023-07-02 22:05:26'),
(1327, 6, 14, 12, 42, 41, 9.8, 1, 1, '2023-07-02 21:50:20', '2023-07-02 22:05:01'),
(1328, 6, 14, 12, 40, 42, 7.5, 6.5, 7, '2023-07-02 21:50:21', '2023-07-02 22:04:55'),
(1329, 6, 14, 12, 41, 43, 5.8, 17, 17, '2023-07-02 21:51:09', '2023-07-02 22:05:26'),
(1330, 6, 14, 12, 40, 43, 5.5, 18, 17, '2023-07-02 21:51:12', '2023-07-02 22:04:55'),
(1331, 6, 14, 12, 42, 43, 7, 13.5, 17, '2023-07-02 21:51:13', '2023-07-02 22:05:01'),
(1332, 6, 14, 12, 42, 42, 8.5, 5.5, 7, '2023-07-02 21:51:34', '2023-07-02 22:05:01'),
(1333, 6, 14, 12, 41, 41, 7, 4.5, 1, '2023-07-02 21:51:35', '2023-07-02 22:05:26'),
(1334, 6, 14, 12, 38, 39, 8.5, 17.5, 18, '2023-07-02 21:52:00', '2023-07-02 22:05:39'),
(1335, 6, 14, 12, 38, 40, 9.4, 9, 4, '2023-07-02 21:52:09', '2023-07-02 22:05:39'),
(1336, 6, 14, 12, 38, 41, 10, 1.5, 1, '2023-07-02 21:52:23', '2023-07-02 22:05:39'),
(1337, 6, 14, 12, 38, 42, 9.7, 6, 7, '2023-07-02 21:52:28', '2023-07-02 22:05:39'),
(1338, 6, 14, 12, 38, 43, 8.6, 15.5, 17, '2023-07-02 21:52:37', '2023-07-02 22:05:39'),
(1339, 6, 14, 12, 39, 34, 5, 20, 20, '2023-07-02 21:53:06', '2023-07-02 22:05:25'),
(1340, 6, 14, 12, 39, 35, 8, 11.5, 15, '2023-07-02 21:53:11', '2023-07-02 22:05:25'),
(1341, 6, 14, 12, 40, 41, 8.5, 3.5, 1, '2023-07-02 21:53:12', '2023-07-02 22:04:55'),
(1342, 6, 14, 12, 39, 36, 8, 11.5, 5, '2023-07-02 21:53:15', '2023-07-02 22:05:25'),
(1343, 6, 14, 12, 39, 37, 8, 11.5, 8, '2023-07-02 21:53:19', '2023-07-02 22:05:26'),
(1344, 6, 14, 12, 39, 38, 9, 6.5, 6, '2023-07-02 21:53:25', '2023-07-02 22:05:26'),
(1345, 6, 14, 12, 39, 39, 7, 16.5, 18, '2023-07-02 21:53:29', '2023-07-02 22:05:26'),
(1346, 6, 14, 12, 39, 40, 9, 6.5, 4, '2023-07-02 21:53:34', '2023-07-02 22:05:26'),
(1347, 6, 14, 12, 39, 41, 10, 1.5, 1, '2023-07-02 21:53:39', '2023-07-02 22:05:26'),
(1348, 6, 14, 12, 39, 42, 10, 1.5, 7, '2023-07-02 21:53:44', '2023-07-02 22:05:26'),
(1349, 6, 14, 12, 39, 43, 7, 16.5, 17, '2023-07-02 21:53:48', '2023-07-02 22:05:26'),
(1350, 6, 14, 12, 40, 47, 7, 10.5, 11, '2023-07-02 21:55:42', '2023-07-02 22:04:55'),
(1351, 6, 14, 12, 41, 47, 6.3, 8, 11, '2023-07-02 21:55:46', '2023-07-02 22:05:26'),
(1352, 6, 14, 12, 42, 47, 7, 13.5, 11, '2023-07-02 21:55:51', '2023-07-02 22:05:01'),
(1353, 6, 14, 12, 40, 46, 6, 16.5, 12, '2023-07-02 21:56:21', '2023-07-02 22:04:55'),
(1354, 6, 14, 12, 41, 46, 6, 15.5, 12, '2023-07-02 21:56:22', '2023-07-02 22:05:26'),
(1355, 6, 14, 12, 42, 46, 7.2, 11.5, 12, '2023-07-02 21:56:30', '2023-07-02 22:05:01'),
(1356, 6, 14, 12, 40, 45, 7.5, 6.5, 2, '2023-07-02 21:56:56', '2023-07-02 22:04:55'),
(1357, 6, 14, 12, 42, 45, 8.5, 5.5, 2, '2023-07-02 21:56:57', '2023-07-02 22:05:01'),
(1358, 6, 14, 12, 41, 45, 7.2, 3, 2, '2023-07-02 21:56:58', '2023-07-02 22:05:26'),
(1359, 6, 14, 12, 42, 44, 7, 13.5, 16, '2023-07-02 21:57:29', '2023-07-02 22:05:01'),
(1360, 6, 14, 12, 40, 44, 6.5, 15, 16, '2023-07-02 21:57:32', '2023-07-02 22:04:55'),
(1361, 6, 14, 12, 41, 44, 6.4, 7, 16, '2023-07-02 21:57:35', '2023-07-02 22:05:26'),
(1362, 6, 14, 12, 41, 48, 6.1, 11.5, 9, '2023-07-02 21:57:56', '2023-07-02 22:05:27'),
(1363, 6, 14, 12, 42, 48, 9, 3.5, 9, '2023-07-02 21:58:17', '2023-07-02 22:05:01'),
(1364, 6, 14, 12, 40, 48, 7, 10.5, 9, '2023-07-02 21:58:19', '2023-07-02 22:04:55'),
(1365, 6, 14, 12, 38, 44, 8.5, 17.5, 16, '2023-07-02 21:58:43', '2023-07-02 22:05:39'),
(1366, 6, 14, 12, 38, 45, 10, 1.5, 2, '2023-07-02 21:58:51', '2023-07-02 22:05:39'),
(1367, 6, 14, 12, 38, 46, 9.55, 8, 12, '2023-07-02 21:58:59', '2023-07-02 22:05:39'),
(1368, 6, 14, 12, 39, 44, 8, 11.5, 16, '2023-07-02 21:59:08', '2023-07-02 22:05:26'),
(1369, 6, 14, 12, 38, 47, 8, 20, 11, '2023-07-02 21:59:08', '2023-07-02 22:05:39'),
(1370, 6, 14, 12, 39, 45, 10, 1.5, 2, '2023-07-02 21:59:12', '2023-07-02 22:05:26'),
(1371, 6, 14, 12, 38, 48, 9.57, 7, 9, '2023-07-02 21:59:14', '2023-07-02 22:05:39'),
(1372, 6, 14, 12, 39, 46, 9, 6.5, 12, '2023-07-02 21:59:17', '2023-07-02 22:05:26'),
(1373, 6, 14, 12, 39, 47, 10, 1.5, 11, '2023-07-02 21:59:23', '2023-07-02 22:05:26'),
(1374, 6, 14, 12, 39, 48, 8, 11.5, 9, '2023-07-02 21:59:27', '2023-07-02 22:05:26'),
(1375, 6, 14, 12, 40, 50, 6, 16.5, 13, '2023-07-02 22:01:53', '2023-07-02 22:04:55'),
(1376, 6, 14, 12, 42, 50, 7, 13.5, 13, '2023-07-02 22:01:54', '2023-07-02 22:05:01'),
(1377, 6, 14, 12, 41, 50, 6.1, 11.5, 13, '2023-07-02 22:01:56', '2023-07-02 22:05:27'),
(1378, 6, 14, 12, 40, 49, 8, 5, 10, '2023-07-02 22:02:39', '2023-07-02 22:04:55'),
(1379, 6, 14, 12, 41, 49, 6.7, 6, 10, '2023-07-02 22:02:40', '2023-07-02 22:05:27'),
(1380, 6, 14, 12, 42, 49, 7.2, 11.5, 10, '2023-07-02 22:02:43', '2023-07-02 22:05:01'),
(1381, 6, 14, 12, 41, 53, 6.1, 11.5, 14, '2023-07-02 22:02:59', '2023-07-02 22:05:27'),
(1382, 6, 14, 12, 42, 53, 8, 8.5, 14, '2023-07-02 22:03:01', '2023-07-02 22:05:01'),
(1383, 6, 14, 12, 40, 53, 7, 10.5, 14, '2023-07-02 22:03:02', '2023-07-02 22:04:55'),
(1384, 6, 14, 12, 41, 51, 6, 15.5, 19, '2023-07-02 22:03:24', '2023-07-02 22:05:27'),
(1385, 6, 14, 12, 40, 51, 5, 19.5, 19, '2023-07-02 22:03:42', '2023-07-02 22:04:55'),
(1386, 6, 14, 12, 42, 51, 6.5, 17, 19, '2023-07-02 22:03:52', '2023-07-02 22:05:01'),
(1387, 6, 14, 12, 41, 52, 7, 4.5, 3, '2023-07-02 22:04:29', '2023-07-02 22:05:27'),
(1388, 6, 14, 12, 40, 52, 7.5, 6.5, 3, '2023-07-02 22:04:30', '2023-07-02 22:04:55'),
(1389, 6, 14, 12, 42, 52, 9.7, 2, 3, '2023-07-02 22:04:31', '2023-07-02 22:05:01'),
(1390, 6, 14, 12, 38, 49, 8.6, 15.5, 10, '2023-07-02 22:04:40', '2023-07-02 22:05:39'),
(1391, 6, 14, 12, 38, 50, 9, 11.5, 13, '2023-07-02 22:04:50', '2023-07-02 22:05:39'),
(1392, 6, 14, 12, 39, 49, 9, 6.5, 10, '2023-07-02 22:04:55', '2023-07-02 22:05:26'),
(1393, 6, 14, 12, 38, 51, 8.5, 17.5, 19, '2023-07-02 22:04:56', '2023-07-02 22:05:40'),
(1394, 6, 14, 12, 39, 50, 9, 6.5, 13, '2023-07-02 22:04:57', '2023-07-02 22:05:26'),
(1395, 6, 14, 12, 39, 51, 7, 16.5, 19, '2023-07-02 22:05:01', '2023-07-02 22:05:26'),
(1396, 6, 14, 12, 38, 52, 9.34, 10, 3, '2023-07-02 22:05:03', '2023-07-02 22:05:40'),
(1397, 6, 14, 12, 39, 52, 10, 1.5, 3, '2023-07-02 22:05:07', '2023-07-02 22:05:26'),
(1398, 6, 14, 12, 39, 53, 7, 16.5, 14, '2023-07-02 22:05:10', '2023-07-02 22:05:26'),
(1399, 6, 14, 12, 38, 53, 8.7, 13.5, 14, '2023-07-02 22:05:16', '2023-07-02 22:05:40'),
(1400, 6, 15, 13, 38, 36, 10, 1, 1, '2023-07-02 22:14:30', '2023-07-02 22:19:47'),
(1401, 6, 15, 13, 38, 34, 8.4, 18.5, 18.5, '2023-07-02 22:17:10', '2023-07-02 22:19:47'),
(1402, 6, 15, 13, 38, 35, 8.4, 18.5, 18.5, '2023-07-02 22:17:12', '2023-07-02 22:19:47'),
(1403, 6, 15, 13, 38, 37, 9.2, 10, 10, '2023-07-02 22:17:17', '2023-07-02 22:19:47'),
(1404, 6, 15, 13, 38, 38, 8.7, 15, 15, '2023-07-02 22:17:20', '2023-07-02 22:19:47'),
(1405, 6, 15, 13, 38, 39, 9.6, 6, 6, '2023-07-02 22:17:23', '2023-07-02 22:19:47'),
(1406, 6, 15, 13, 38, 40, 9.3, 9, 9, '2023-07-02 22:17:25', '2023-07-02 22:19:47'),
(1407, 6, 15, 13, 38, 41, 9.91, 2, 2, '2023-07-02 22:17:28', '2023-07-02 22:19:47'),
(1408, 6, 15, 13, 38, 42, 9.1, 11, 11, '2023-07-02 22:17:40', '2023-07-02 22:19:47'),
(1409, 6, 15, 13, 38, 43, 9, 12, 12, '2023-07-02 22:17:42', '2023-07-02 22:19:47'),
(1410, 6, 15, 13, 38, 44, 8.5, 17, 17, '2023-07-02 22:17:45', '2023-07-02 22:19:47'),
(1411, 6, 15, 13, 38, 45, 8.8, 14, 14, '2023-07-02 22:17:48', '2023-07-02 22:19:47'),
(1412, 6, 15, 13, 38, 46, 9.8, 4, 4, '2023-07-02 22:17:50', '2023-07-02 22:19:47'),
(1413, 6, 15, 13, 38, 47, 8.9, 13, 13, '2023-07-02 22:17:52', '2023-07-02 22:19:47'),
(1414, 6, 15, 13, 38, 48, 9.7, 5, 5, '2023-07-02 22:17:57', '2023-07-02 22:19:47'),
(1415, 6, 15, 13, 38, 49, 9.5, 7, 7, '2023-07-02 22:18:00', '2023-07-02 22:19:47'),
(1416, 6, 15, 13, 38, 50, 8.6, 16, 16, '2023-07-02 22:18:03', '2023-07-02 22:19:47'),
(1417, 6, 15, 13, 38, 51, 9.9, 3, 3, '2023-07-02 22:18:07', '2023-07-02 22:19:47'),
(1418, 6, 15, 13, 38, 52, 9.4, 8, 8, '2023-07-02 22:18:14', '2023-07-02 22:19:48'),
(1419, 6, 15, 13, 38, 53, 8.4, 18.5, 18.5, '2023-07-02 22:18:18', '2023-07-02 22:19:48'),
(1420, 7, 12, 10, 41, 40, 7.8, 2, 2, '2023-07-02 22:31:55', '2023-07-02 22:38:09'),
(1421, 7, 12, 10, 40, 40, 10, 1, 2, '2023-07-02 22:31:55', '2023-07-02 22:37:56'),
(1422, 7, 12, 10, 42, 40, 9.5, 3, 2, '2023-07-02 22:32:35', '2023-07-02 22:37:43'),
(1423, 7, 12, 10, 42, 52, 9.8, 1, 3, '2023-07-02 22:33:33', '2023-07-02 22:37:43'),
(1424, 7, 12, 10, 41, 52, 7.5, 4, 3, '2023-07-02 22:33:38', '2023-07-02 22:38:09'),
(1425, 7, 12, 10, 40, 52, 8, 3, 3, '2023-07-02 22:33:38', '2023-07-02 22:37:56'),
(1426, 7, 12, 10, 40, 36, 8.5, 2, 1, '2023-07-02 22:35:03', '2023-07-02 22:37:56'),
(1427, 7, 12, 10, 42, 36, 9.7, 2, 1, '2023-07-02 22:35:08', '2023-07-02 22:37:43'),
(1428, 7, 12, 10, 41, 36, 8.7, 1, 1, '2023-07-02 22:35:11', '2023-07-02 22:38:09'),
(1429, 7, 12, 10, 40, 45, 6, 4, 4, '2023-07-02 22:36:22', '2023-07-02 22:37:56'),
(1430, 7, 12, 10, 42, 45, 8.5, 4, 4, '2023-07-02 22:36:24', '2023-07-02 22:37:43'),
(1431, 7, 12, 10, 41, 45, 7.6, 3, 4, '2023-07-02 22:36:26', '2023-07-02 22:38:09'),
(1432, 7, 12, 10, 40, 49, 5, 5, 5, '2023-07-02 22:37:29', '2023-07-02 22:37:56'),
(1433, 7, 12, 10, 42, 49, 5, 5, 5, '2023-07-02 22:37:35', '2023-07-02 22:37:43'),
(1434, 7, 12, 10, 38, 36, 9.9, 1, 1, '2023-07-02 22:37:39', '2023-07-02 22:38:49'),
(1435, 7, 12, 10, 38, 40, 9.7, 3, 2, '2023-07-02 22:37:51', '2023-07-02 22:38:49'),
(1436, 7, 12, 10, 41, 49, 7, 5, 5, '2023-07-02 22:37:56', '2023-07-02 22:38:09'),
(1437, 7, 12, 10, 39, 36, 9, 2, 1, '2023-07-02 22:37:57', '2023-07-02 22:39:28'),
(1438, 7, 12, 10, 39, 40, 10, 1, 2, '2023-07-02 22:38:04', '2023-07-02 22:39:28'),
(1439, 7, 12, 10, 39, 45, 6, 4, 4, '2023-07-02 22:38:11', '2023-07-02 22:39:28'),
(1440, 7, 12, 10, 38, 45, 9.6, 4, 4, '2023-07-02 22:38:12', '2023-07-02 22:38:49'),
(1441, 7, 12, 10, 39, 49, 5, 5, 5, '2023-07-02 22:38:15', '2023-07-02 22:39:28'),
(1442, 7, 12, 10, 39, 52, 8, 3, 3, '2023-07-02 22:38:23', '2023-07-02 22:39:28'),
(1443, 7, 12, 10, 38, 49, 9.5, 5, 5, '2023-07-02 22:38:28', '2023-07-02 22:38:49'),
(1444, 7, 12, 10, 38, 52, 9.8, 2, 3, '2023-07-02 22:38:40', '2023-07-02 22:38:49');

-- --------------------------------------------------------

--
-- Table structure for table `tabs_users`
--

CREATE TABLE `tabs_users` (
  `tabs_user_id` int(10) NOT NULL,
  `tabs_user_code` varchar(30) NOT NULL,
  `tabs_full_name` varchar(255) NOT NULL,
  `tabs_username` varchar(50) NOT NULL,
  `tabs_password` varchar(100) NOT NULL,
  `tabs_user_type` int(5) NOT NULL,
  `tabs_user_status` int(1) NOT NULL,
  `tabs_user_profile_img` text NOT NULL,
  `tabs_event_id` int(11) NOT NULL,
  `tabs_user_created` datetime NOT NULL,
  `tabs_user_updated` datetime NOT NULL
) ENGINE=InnoDB DEFAULT CHARSET=latin1 ROW_FORMAT=COMPACT;

--
-- Dumping data for table `tabs_users`
--

INSERT INTO `tabs_users` (`tabs_user_id`, `tabs_user_code`, `tabs_full_name`, `tabs_username`, `tabs_password`, `tabs_user_type`, `tabs_user_status`, `tabs_user_profile_img`, `tabs_event_id`, `tabs_user_created`, `tabs_user_updated`) VALUES
(1, '0', 'hotkopi', 'dev', 'gozElr3tOF4jED67gzd4r2smH2NWy83w+P89isjSSgM=', 0, 0, '', 0, '2022-08-04 00:00:00', '2022-09-04 14:24:33'),
(8, '20220804171234lPKZlLkU', 'joane may delima', 'joanemay', 'KYbhfSccmfgV6lsb1k23tk6Fz98VuKKfHX24W3k9F1Y=', 0, 0, '', 0, '2022-08-04 17:12:34', '2022-08-04 17:12:34'),
(37, '202305301957082kCstBKD', 'judge6', 'judge6', 'QtaL994MTXiJsDOu1fFHeZqzplNaLVI9k8tNeqRkWtY=', 0, 1, '', 0, '2023-05-30 19:57:08', '2023-05-30 19:57:08'),
(38, '20230702105145FRQpurg6', 'Judge 1', 'judge1', 'zQnPEHA46WsYuyr89LPveytOghps8YsNOL6SwtsLq8w=', 1, 0, '', 7, '2023-07-02 10:51:45', '2023-07-02 10:52:57'),
(39, '202307021051521QNhYgxX', 'Judge 2', 'judge2', 'zQnPEHA46WsYuyr89LPveytOghps8YsNOL6SwtsLq8w=', 1, 0, '', 7, '2023-07-02 10:51:52', '2023-07-02 10:53:02'),
(40, '20230702105200lwNIZFxt', 'Judge 3', 'judge3', 'zQnPEHA46WsYuyr89LPveytOghps8YsNOL6SwtsLq8w=', 1, 0, '', 7, '2023-07-02 10:52:00', '2023-07-02 10:53:07'),
(41, '20230702105211lnWGFJ50', 'Judge 4', 'judge4', 'zQnPEHA46WsYuyr89LPveytOghps8YsNOL6SwtsLq8w=', 1, 0, '', 7, '2023-07-02 10:52:11', '2023-07-02 10:53:11'),
(42, '2023070210521842RnnBkd', 'Judge 5', 'judge5', 'zQnPEHA46WsYuyr89LPveytOghps8YsNOL6SwtsLq8w=', 1, 0, '', 7, '2023-07-02 10:52:18', '2023-07-02 10:53:17');

--
-- Indexes for dumped tables
--

--
-- Indexes for table `tabs_candidates`
--
ALTER TABLE `tabs_candidates`
  ADD PRIMARY KEY (`tabs_can_id`);

--
-- Indexes for table `tabs_categories`
--
ALTER TABLE `tabs_categories`
  ADD PRIMARY KEY (`tabs_cat_id`);

--
-- Indexes for table `tabs_criterias`
--
ALTER TABLE `tabs_criterias`
  ADD PRIMARY KEY (`tabs_cri_id`);

--
-- Indexes for table `tabs_events`
--
ALTER TABLE `tabs_events`
  ADD PRIMARY KEY (`tabs_event_id`);

--
-- Indexes for table `tabs_my_project`
--
ALTER TABLE `tabs_my_project`
  ADD PRIMARY KEY (`tabs_project`);

--
-- Indexes for table `tabs_notification`
--
ALTER TABLE `tabs_notification`
  ADD PRIMARY KEY (`tabs_notif_id`);

--
-- Indexes for table `tabs_results`
--
ALTER TABLE `tabs_results`
  ADD PRIMARY KEY (`tabs_result_id`);

--
-- Indexes for table `tabs_users`
--
ALTER TABLE `tabs_users`
  ADD PRIMARY KEY (`tabs_user_id`);

--
-- AUTO_INCREMENT for dumped tables
--

--
-- AUTO_INCREMENT for table `tabs_candidates`
--
ALTER TABLE `tabs_candidates`
  MODIFY `tabs_can_id` int(11) NOT NULL AUTO_INCREMENT, AUTO_INCREMENT=54;

--
-- AUTO_INCREMENT for table `tabs_categories`
--
ALTER TABLE `tabs_categories`
  MODIFY `tabs_cat_id` int(11) NOT NULL AUTO_INCREMENT, AUTO_INCREMENT=16;

--
-- AUTO_INCREMENT for table `tabs_criterias`
--
ALTER TABLE `tabs_criterias`
  MODIFY `tabs_cri_id` int(11) NOT NULL AUTO_INCREMENT, AUTO_INCREMENT=14;

--
-- AUTO_INCREMENT for table `tabs_events`
--
ALTER TABLE `tabs_events`
  MODIFY `tabs_event_id` int(11) NOT NULL AUTO_INCREMENT, AUTO_INCREMENT=8;

--
-- AUTO_INCREMENT for table `tabs_my_project`
--
ALTER TABLE `tabs_my_project`
  MODIFY `tabs_project` int(1) NOT NULL AUTO_INCREMENT, AUTO_INCREMENT=2;

--
-- AUTO_INCREMENT for table `tabs_notification`
--
ALTER TABLE `tabs_notification`
  MODIFY `tabs_notif_id` int(100) NOT NULL AUTO_INCREMENT, AUTO_INCREMENT=192;

--
-- AUTO_INCREMENT for table `tabs_results`
--
ALTER TABLE `tabs_results`
  MODIFY `tabs_result_id` int(11) NOT NULL AUTO_INCREMENT, AUTO_INCREMENT=1445;

--
-- AUTO_INCREMENT for table `tabs_users`
--
ALTER TABLE `tabs_users`
  MODIFY `tabs_user_id` int(10) NOT NULL AUTO_INCREMENT, AUTO_INCREMENT=43;
COMMIT;

/*!40101 SET CHARACTER_SET_CLIENT=@OLD_CHARACTER_SET_CLIENT */;
/*!40101 SET CHARACTER_SET_RESULTS=@OLD_CHARACTER_SET_RESULTS */;
/*!40101 SET COLLATION_CONNECTION=@OLD_COLLATION_CONNECTION */;
